candidate_id,candiate_name,gender,age,dob,political_party,election_symbol,is_independent,province_id,provience_name,district_code,district_name,constituency_no,serial_no,votes_received,rank,is_elected,vote_share_pct,qualification_normalized
339933,Kshitij Thebe,Male,38,8/27/2044,Communist Party of Nepal (Unified Marxist-Leninist),Sun,FALSE,1,Koshi region,1,Taplejung,1,1,13962,1,TRUE,32.55,Bachelor
341131,Gajendra Prasad Tumyang Limbu,Male,46,5/11/2036,Nepali Congress,Tree,FALSE,1,Koshi region,1,Taplejung,1,2,11711,2,FALSE,27.3,Bachelor
339610,Khel Prasad Budakshetri,Male,50,8/12/2032,Nepali Communist Party,five-pointed star,FALSE,1,Koshi region,1,Taplejung,1,3,6775,3,FALSE,15.79,Plus 2 / Higher Secondary
340005,Santosh Rai,Male,49,3/17/2033,Labor Culture Party,The soil in Anjuli,FALSE,1,Koshi region,1,Taplejung,1,4,5209,4,FALSE,12.14,Below SLC
340459,Birendra Shrestha,Male,55,12/13/2026,National Independence Party,Bell,FALSE,1,Koshi region,1,Taplejung,1,5,4155,5,FALSE,9.69,?????????? ????????
340763,Kirti Mann Madden,Male,65,11/19/2017,Ujjaya Nepal Party,A burning electric lamp,FALSE,1,Koshi region,1,Taplejung,1,6,232,6,FALSE,0.54,SLC
339429,"Muksam Labung, Limbu",Male,44,10/1/2038,Federal Democratic National Forum,Khukuri with a handle,FALSE,1,Koshi region,1,Taplejung,1,7,221,7,FALSE,0.52,SEE
340160,Indra Prasad Thapa,Male,63,1/22/2019,National Democratic Party,Plow,FALSE,1,Koshi region,1,Taplejung,1,8,185,8,FALSE,0.43,??.?.
340649,Narapati Poudel,Male,61,11/9/2021,Communist Party of Nepal (Maoist),A rose with two petals inside a circle.,FALSE,1,Koshi region,1,Taplejung,1,9,155,9,FALSE,0.36,SLC
340108,Arun Subba (Lechharvo),Male,48,6/24/2034,Janata Samajwadi Party (single election symbol),Millstone,FALSE,1,Koshi region,1,Taplejung,1,10,141,10,FALSE,0.33,SLC
340363,Surya Gurung,Male,66,4/16/2016,"Janata Samajwadi Party, Nepal",A tilted umbrella,FALSE,1,Koshi region,1,Taplejung,1,11,55,11,FALSE,0.13,??.?.
339312,Saint Bahadur Limbu,Male,57,9/1/2025,Mongol National Organization,Rooster,FALSE,1,Koshi region,1,Taplejung,1,12,50,12,FALSE,0.12,????? ??
339488,Indra Kumar Limbu,Male,48,5/29/2034,Nepal Janmukti Party,Home,FALSE,1,Koshi region,1,Taplejung,1,13,46,13,FALSE,0.11,Literate
340563,Narendra Kumar Kerung,Male,53,8/21/2029,Nepali Congress,Tree,FALSE,1,Koshi region,2,Panchthar,1,14,17233,1,TRUE,25.75,??????????? ??????????
339925,Hast Raj Sherma,Male,40,11/27/2041,Labor Culture Party,The soil in Anjuli,FALSE,1,Koshi region,2,Panchthar,1,15,14734,2,FALSE,22.02,SLC
340277,Aindra Sundar Nemwang,Male,48,7/12/2034,Communist Party of Nepal (Unified Marxist-Leninist),Sun,FALSE,1,Koshi region,2,Panchthar,1,16,14534,3,FALSE,21.72,Plus 2 / Higher Secondary
340425,Hark Bahadur Nembang,Male,45,9/12/2037,Nepali Communist Party,five-pointed star,FALSE,1,Koshi region,2,Panchthar,1,17,11443,4,FALSE,17.1,?.?
340066,Mahendra Bikram Thamsuhang,Male,57,9/14/2025,National Independence Party,Bell,FALSE,1,Koshi region,2,Panchthar,1,18,4197,5,FALSE,6.27,?.?
340963,Tek Bahadur Subba,Male,42,2040.02.08,National Change Party,Flute,FALSE,1,Koshi region,2,Panchthar,1,19,2825,6,FALSE,4.22,12
340153,Tej Kumar Kurumwang,Male,62,7/3/2020,National Democratic Party,Plow,FALSE,1,Koshi region,2,Panchthar,1,20,925,7,FALSE,1.38,?? .??
341366,Machindra Prasad Begha,Male,69,1/15/2013,"Janata Samajwadi Party, Nepal",A tilted umbrella,FALSE,1,Koshi region,2,Panchthar,1,21,247,8,FALSE,0.37,Literate
342252,Bhanu Bhakta Fiyak,Male,50,2032.10.08,Federal Democratic National Forum,Khukuri with a handle,FALSE,1,Koshi region,2,Panchthar,1,22,180,9,FALSE,0.27,??.?
339540,Ram Kumar Tumrok,Male,47,2/12/2035,Mongol National Organization,Rooster,FALSE,1,Koshi region,2,Panchthar,1,23,162,10,FALSE,0.24,???????
342095,Friend Lingden,Male,52,2/24/2030,National Liberation Party Nepal (single election symbol),Millstone,FALSE,1,Koshi region,2,Panchthar,1,24,143,11,FALSE,0.21,??.?
341621,Prakash Kafle,Male,38,2044.01.22,Progressive Democratic Party,Single open eye,FALSE,1,Koshi region,2,Panchthar,1,25,115,12,FALSE,0.17,12+
341790,Vijay Nemwang,Male,43,12/26/2038,Communist Party of Nepal (Maoist),A rose with two petals inside a circle.,FALSE,1,Koshi region,2,Panchthar,1,26,90,13,FALSE,0.13,Literate
341025,Narendra Prasad Kurumwang,Male,68,3/29/2014,Nepal Janmukti Party,Home,FALSE,1,Koshi region,2,Panchthar,1,27,61,14,FALSE,0.09,SLC
340696,Laxhuman Tamang,Male,40,8/19/2042,Nepal Labor Farmers Party,Model,FALSE,1,Koshi region,2,Panchthar,1,28,32,15,FALSE,0.05,SLC
340081,Pure rye,Male,35,11/7/2047,Nepali Congress,Tree,FALSE,1,Koshi region,3,Ilam,1,29,14543,1,TRUE,24.49,Unknown
339759,Vinod Nembang Limbu,Male,37,8/27/2045,Labor Culture Party,The soil in Anjuli,FALSE,1,Koshi region,3,Ilam,1,30,13632,2,FALSE,22.95,Unknown
339884,Kazi Maan Kagate,Male,64,6/17/2018,Communist Party of Nepal (Unified Marxist-Leninist),Sun,FALSE,1,Koshi region,3,Ilam,1,31,11966,3,FALSE,20.15,Unknown
340213,Bimal Gadal,Male,54,2/15/2028,National Independence Party,Bell,FALSE,1,Koshi region,3,Ilam,1,32,9160,4,FALSE,15.42,Unknown
340630,Ran Bahadur Rai,Male,54,2/20/2028,Nepali Communist Party,five-pointed star,FALSE,1,Koshi region,3,Ilam,1,33,7665,5,FALSE,12.91,Unknown
339552,Buddha Lal Meche,Male,55,2/9/2027,Mongol National Organization,Rooster,FALSE,1,Koshi region,3,Ilam,1,34,801,6,FALSE,1.35,Unknown
339362,Jwala Nepal,Woman,35,12/6/2046,National Democratic Party,Plow,FALSE,1,Koshi region,3,Ilam,1,35,577,7,FALSE,0.97,Unknown
339675,Hari Bahadur Gurung,Male,45,10/17/2037,Ujjaya Nepal Party,A burning electric lamp,FALSE,1,Koshi region,3,Ilam,1,36,481,8,FALSE,0.81,Unknown
341364,Leela Bahadur Sunuwar,Male,58,3/15/2024,Janata Samajwadi Party (single election symbol),Millstone,FALSE,1,Koshi region,3,Ilam,1,37,296,9,FALSE,0.5,Unknown
341045,Naradamani Sangpang,Male,64,6/14/2018,Communist Party of Nepal (Maoist),A rose with two petals inside a circle.,FALSE,1,Koshi region,3,Ilam,1,38,165,10,FALSE,0.28,Unknown
339474,Tulsi Keshari Prajapati (Chunju),Woman,51,4/15/2031,Nepal Labor Farmers Party,Model,FALSE,1,Koshi region,3,Ilam,1,39,44,11,FALSE,0.07,Unknown
342168,Ram Prasad Limbu,Male,63,9/5/2019,Federal Democratic National Forum,Khukuri with a handle,FALSE,1,Koshi region,3,Ilam,1,40,39,12,FALSE,0.07,Unknown
340811,Dambar Singh Limbu,Male,68,1/24/2014,Nepal Janmukti Party,Home,FALSE,1,Koshi region,3,Ilam,1,41,22,13,FALSE,0.04,Unknown
339922,Suhang Nembang,Male,36,11/6/2046,Communist Party of Nepal (Unified Marxist-Leninist),Sun,FALSE,1,Koshi region,3,Ilam,2,42,22426,1,TRUE,35.16,Unknown
340271,Bhesharaj Acharya,Male,61,4/15/2021,Nepali Congress,Tree,FALSE,1,Koshi region,3,Ilam,2,43,14650,2,FALSE,22.97,Unknown
339867,Sudeep Rai,Male,37,8/24/2045,Labor Culture Party,The soil in Anjuli,FALSE,1,Koshi region,3,Ilam,2,44,14400,3,FALSE,22.58,Unknown
341350,Gokul Bahadur Rai,Male,32,1/23/2050,National Independence Party,Bell,FALSE,1,Koshi region,3,Ilam,2,45,7814,4,FALSE,12.25,Unknown
340605,Om Bahadur Gurung,Male,47,6/6/2035,Nepali Communist Party,five-pointed star,FALSE,1,Koshi region,3,Ilam,2,46,1172,5,FALSE,1.84,Unknown
341060,Pavitra Limbu Tumwangfe,Woman,51,6/11/2031,National People's Liberation Party,Shaking hands,FALSE,1,Koshi region,3,Ilam,2,47,851,6,FALSE,1.33,Unknown
339849,Day of the Dead,Male,37,6/24/2045,National Change Party,Flute,FALSE,1,Koshi region,3,Ilam,2,48,751,7,FALSE,1.18,Unknown
339583,Shyam Bahadur Limbu,Male,39,5/2/2043,Mongol National Organization,Rooster,FALSE,1,Koshi region,3,Ilam,2,49,704,8,FALSE,1.1,Unknown
339478,Ganesh Prasad Dulal,Male,64,4/4/2018,National Democratic Party,Plow,FALSE,1,Koshi region,3,Ilam,2,50,352,9,FALSE,0.55,Unknown
341301,"Regards, Lingden (Limbu)",Male,49,9/15/2033,Federal Democratic National Forum,Khukuri with a handle,FALSE,1,Koshi region,3,Ilam,2,51,254,10,FALSE,0.4,Unknown
340147,Bal Bahadur Angdembe,Male,64,12/4/2017,Janata Samajwadi Party (single election symbol),Millstone,FALSE,1,Koshi region,3,Ilam,2,52,165,11,FALSE,0.26,Unknown
340003,Home Prasad Khatiwada,Male,68,8/14/2014,Communist Party of Nepal (Maoist),A rose with two petals inside a circle.,FALSE,1,Koshi region,3,Ilam,2,53,153,12,FALSE,0.24,Unknown
339431,Yam Bahadur Limbu,Male,49,7/15/2033,Nepal Janmukti Party,Home,FALSE,1,Koshi region,3,Ilam,2,54,60,13,FALSE,0.09,Unknown
340889,Dak Prasad Gautam,Male,58,12/19/2023,Independent,Round,TRUE,1,Koshi region,3,Ilam,2,55,29,14,FALSE,0.05,Unknown
339485,Nisha Dangi,Woman,29,8/16/2053,National Independence Party,Bell,FALSE,1,Koshi region,4,Jhapa,1,56,45680,1,TRUE,58.35,Masters
340934,Keshav Raj Pandey,Male,54,4/29/2028,Nepali Congress,Tree,FALSE,1,Koshi region,4,Jhapa,1,57,10550,2,FALSE,13.48,Bachelor
339617,Kewalram Rai,Male,48,1/10/2034,Labor Culture Party,The soil in Anjuli,FALSE,1,Koshi region,4,Jhapa,1,58,10004,3,FALSE,12.78,SLC
340001,Ramchandra Upreti,Male,67,2015.11.26,Communist Party of Nepal (Unified Marxist-Leninist),Sun,FALSE,1,Koshi region,4,Jhapa,1,59,7659,4,FALSE,9.78,????? 12
339749,Hemraj Karki,Male,60,1/22/2022,National Democratic Party,Plow,FALSE,1,Koshi region,4,Jhapa,1,60,1612,5,FALSE,2.06,Masters
339463,Santosh Tamang,Male,42,6/29/2040,Mongol National Organization,Rooster,FALSE,1,Koshi region,4,Jhapa,1,61,971,6,FALSE,1.24,Bachelor
340297,Ashesh Ghimire,Male,40,9/13/2042,Nepali Communist Party,five-pointed star,FALSE,1,Koshi region,4,Jhapa,1,62,922,7,FALSE,1.18,Masters
340402,Naresh Kumar Lavati,Male,46,1/12/2036,Ujjaya Nepal Party,A burning electric lamp,FALSE,1,Koshi region,4,Jhapa,1,63,485,8,FALSE,0.62,SLC
341655,The Olin Dynasty,Male,60,3/22/2022,Nepal Sadbhavana Party,Paw print,FALSE,1,Koshi region,4,Jhapa,1,64,109,9,FALSE,0.14,Unknown
340653,Man Bahadur Sanwa (Limbu),Male,53,3/15/2029,Federal Democratic National Forum,Khukuri with a handle,FALSE,1,Koshi region,4,Jhapa,1,65,99,10,FALSE,0.13,????? 10 ???
339865,Durga Prasad Sanwa Limbu,Male,40,1/7/2042,Independent,Cap,TRUE,1,Koshi region,4,Jhapa,1,66,84,11,FALSE,0.11,2
341776,Rama Meche,Woman,57,7/9/2025,"Janata Samajwadi Party, Nepal",A tilted umbrella,FALSE,1,Koshi region,4,Jhapa,1,67,43,12,FALSE,0.05,??????
340123,Ganesh Kumar Kharel,Male,48,1/1/2034,Independent,Camera,TRUE,1,Koshi region,4,Jhapa,1,68,33,13,FALSE,0.04,SLC ???
340077,Hiranya Prasad Bhattarai,Male,83,8/12/1999,Nepal Labor Farmers Party,Model,FALSE,1,Koshi region,4,Jhapa,1,69,23,14,FALSE,0.03,SLC (????? ???????)
340268,Khandru Karuva,Male,61,5/13/2021,Nepal Janmukti Party,Home,FALSE,1,Koshi region,4,Jhapa,1,70,17,15,FALSE,0.02,??????
339380,Indira Rana Magar,Woman,55,3/18/2027,National Independence Party,Bell,FALSE,1,Koshi region,4,Jhapa,2,71,60110,1,TRUE,65.82,?? ??
339775,Dev Raj Ghimire,Male,69,2/13/2013,Communist Party of Nepal (Unified Marxist-Leninist),Sun,FALSE,1,Koshi region,4,Jhapa,2,72,11368,2,FALSE,12.45,???????? ?????? ????
339545,Keshav Kumar Bhandari,Male,40,11/9/2042,Labor Culture Party,The soil in Anjuli,FALSE,1,Koshi region,4,Jhapa,2,73,7291,3,FALSE,7.98,?????? ??
340352,Sarita Prasai,Woman,58,4/10/2024,Nepali Congress,Tree,FALSE,1,Koshi region,4,Jhapa,2,74,5616,4,FALSE,6.15,?? ?
339568,Bhadra Prasad Nepal,Male,50,7/19/2032,National Democratic Party,Plow,FALSE,1,Koshi region,4,Jhapa,2,75,3966,5,FALSE,4.34,?? ? ?????? ??????????????
340124,Dharmashil Chapagain,Woman,53,10/18/2029,Nepali Communist Party,five-pointed star,FALSE,1,Koshi region,4,Jhapa,2,76,1115,6,FALSE,1.22,?????? ??
340596,Chuda Karna Begha,Male,50,8/25/2032,Ujjaya Nepal Party,A burning electric lamp,FALSE,1,Koshi region,4,Jhapa,2,77,560,7,FALSE,0.61,?? ?
341141,Ramesh Kumar Rajvanshi,Male,41,8/9/2041,Public opinion party,Loudspeaker,FALSE,1,Koshi region,4,Jhapa,2,78,380,8,FALSE,0.42,Plus 2 / Higher Secondary
339645,Prince Sangraula,Male,66,9/29/2016,Independent,Fan,TRUE,1,Koshi region,4,Jhapa,2,79,305,9,FALSE,0.33,???????????? ?????? ????????????? 2007
339400,Akal Bahadur Tamang,Male,55,6/9/2027,Mongol National Organization,Rooster,FALSE,1,Koshi region,4,Jhapa,2,80,148,10,FALSE,0.16,????????? ??
340434,Til Bahadur Rai,Male,38,6/20/2044,Janata Samajwadi Party (single election symbol),Millstone,FALSE,1,Koshi region,4,Jhapa,2,81,99,11,FALSE,0.11,2
340650,Arjun Kumar Pandey,Male,56,8/29/2026,Communist Party of Nepal (Maoist),A rose with two petals inside a circle.,FALSE,1,Koshi region,4,Jhapa,2,82,98,12,FALSE,0.11,?? ?
340575,Shri Prasad Sitaula,Male,48,12/5/2033,Communist Party of Nepal (United),Sickle,FALSE,1,Koshi region,4,Jhapa,2,83,64,13,FALSE,0.07,????? ??
341479,Mann Bahadur Pulami Magar,Male,75,2/25/2007,Nepal Janmukti Party,Home,FALSE,1,Koshi region,4,Jhapa,2,84,61,14,FALSE,0.07,Literate
340208,Amrita Lavati,Woman,53,5/15/2029,Federal Democratic National Forum,Khukuri with a handle,FALSE,1,Koshi region,4,Jhapa,2,85,60,15,FALSE,0.07,??????
340299,Punya Prasad Archay,Male,56,4/30/2026,Independent,Violin,TRUE,1,Koshi region,4,Jhapa,2,86,56,16,FALSE,0.06,Literate
339313,Chandra Kumari Garu,Woman,50,5/20/2032,Nepal Labor Farmers Party,Model,FALSE,1,Koshi region,4,Jhapa,2,87,20,17,FALSE,0.02,????? ??
341084,Ramesh Kumar Karki,Male,56,6/10/2026,Independent,Sparrow,TRUE,1,Koshi region,4,Jhapa,2,88,6,18,FALSE,0.01,?? ? ??????????? / ?? ?? ?? ????????
339542,Prakash Pathak,Male,37,4/1/2045,National Independence Party,Bell,FALSE,1,Koshi region,4,Jhapa,3,89,38674,1,TRUE,46.87,????????????
339403,Rajendra Prasad Lingden,Male,60,5/22/2022,National Democratic Party,Plow,FALSE,1,Koshi region,4,Jhapa,3,90,17294,2,FALSE,20.96,Bachelor
340487,Rajendra Kumar Ghimire,Male,64,10/13/2018,Nepali Congress,Tree,FALSE,1,Koshi region,4,Jhapa,3,91,8199,3,FALSE,9.94,????????
340163,Hari Bahadur dynasty,Male,66,1/19/2016,Communist Party of Nepal (Unified Marxist-Leninist),Sun,FALSE,1,Koshi region,4,Jhapa,3,92,7492,4,FALSE,9.08,???????? ?????? ???? ??
339824,Deepak Timsina,Male,48,4/16/2034,Labor Culture Party,The soil in Anjuli,FALSE,1,Koshi region,4,Jhapa,3,93,7339,5,FALSE,8.9,Bachelor
340843,Dilliram Ghimire,Male,45,1/6/2037,Nepali Communist Party,five-pointed star,FALSE,1,Koshi region,4,Jhapa,3,94,1450,6,FALSE,1.76,??. ?
341526,Abhay dynasty,Male,44,9/21/2038,Independent,Mango,TRUE,1,Koshi region,4,Jhapa,3,95,531,7,FALSE,0.64,?? ??
341802,Shyam Krishna Pathak,Male,50,11/18/2032,Ujjaya Nepal Party,A burning electric lamp,FALSE,1,Koshi region,4,Jhapa,3,96,388,8,FALSE,0.47,Bachelor
339510,Yam Kumar Shrestha,Male,43,7/29/2039,Mongol National Organization,Rooster,FALSE,1,Koshi region,4,Jhapa,3,97,380,9,FALSE,0.46,SLC
340341,Harsalal Rajvanshi,Male,71,4/19/2011,Public opinion party,Loudspeaker,FALSE,1,Koshi region,4,Jhapa,3,98,354,10,FALSE,0.43,Unknown
340751,Vinita Kumari Rajvanshi,Woman,45,1/9/2037,Janata Samajwadi Party (single election symbol),Millstone,FALSE,1,Koshi region,4,Jhapa,3,99,126,11,FALSE,0.15,?+2
342548,Santosh Katuwal,Male,39,11/9/2043,Communist Party of Nepal (Maoist),A rose with two petals inside a circle.,FALSE,1,Koshi region,4,Jhapa,3,100,76,12,FALSE,0.09,?? ?
341225,Manprakash Sangraula,Male,44,7/7/2038,Independent,Violin,TRUE,1,Koshi region,4,Jhapa,3,101,74,13,FALSE,0.09,??????? ??
341091,Karna Lal dynasty,Male,39,7/5/2043,"Janata Samajwadi Party, Nepal",A tilted umbrella,FALSE,1,Koshi region,4,Jhapa,3,102,48,14,FALSE,0.06,SLC
341953,Jayen Magar,Male,38,9/19/2044,National Republic of Nepal,Flying bee,FALSE,1,Koshi region,4,Jhapa,3,103,38,15,FALSE,0.05,Plus 2 / Higher Secondary
341425,Chandrakala Sawa,Woman,44,7/14/2038,Federal Democratic National Forum,Khukuri with a handle,FALSE,1,Koshi region,4,Jhapa,3,104,33,16,FALSE,0.04,??????
339466,Dharma Lakshmi Duwal (short),Woman,57,8/15/2025,Nepal Labor Farmers Party,Model,FALSE,1,Koshi region,4,Jhapa,3,105,10,17,FALSE,0.01,Unknown
339393,Shambhu Prasad Dhakal,Male,50,8/2/2032,National Independence Party,Bell,FALSE,1,Koshi region,4,Jhapa,4,106,43631,1,TRUE,56.62,?? ? ??????? ???????
339967,Lal Prasad Sanwa Limbu,Male,58,3/27/2024,Communist Party of Nepal (Unified Marxist-Leninist),Sun,FALSE,1,Koshi region,4,Jhapa,4,107,11986,2,FALSE,15.56,?? ?
340608,Deu Kumar Theve,Male,63,1/30/2019,Nepali Congress,Tree,FALSE,1,Koshi region,4,Jhapa,4,108,9434,3,FALSE,12.24,?? ?? ??
339446,Amrita Devi Rai,Woman,61,5/16/2021,Labor Culture Party,The soil in Anjuli,FALSE,1,Koshi region,4,Jhapa,4,109,7161,4,FALSE,9.29,?? ?? ?? (?????)
339903,Bhakti Prasad Sitaula,Male,64,5/13/2018,National Democratic Party,Plow,FALSE,1,Koshi region,4,Jhapa,4,110,2080,5,FALSE,2.7,Bachelor
340367,Purushottam Chudal,Male,42,12/26/2039,Nepali Communist Party,five-pointed star,FALSE,1,Koshi region,4,Jhapa,4,111,1362,6,FALSE,1.77,Bachelor
340865,Santosh Tamang,Male,32,6/7/2050,Ujjaya Nepal Party,A burning electric lamp,FALSE,1,Koshi region,4,Jhapa,4,112,432,7,FALSE,0.56,?????????
340169,Lothro Hammer,Male,61,10/27/2021,Public opinion party,Loudspeaker,FALSE,1,Koshi region,4,Jhapa,4,113,260,8,FALSE,0.34,??????? ?????
341104,Kiran Limbu Lingden,Male,49,7/28/2033,Federal Democratic National Forum,Khukuri with a handle,FALSE,1,Koshi region,4,Jhapa,4,114,141,9,FALSE,0.18,?? ?? ??
341325,Tara Bahadur Thapa,Male,37,9/23/2045,Communist Party of Nepal (Maoist),A rose with two petals inside a circle.,FALSE,1,Koshi region,4,Jhapa,4,115,125,10,FALSE,0.16,?? ?? ?? ???
339699,Dilip Dhimal,Male,41,10/8/2041,Mongol National Organization,Rooster,FALSE,1,Koshi region,4,Jhapa,4,116,120,11,FALSE,0.16,???????? ?????? ???? ??
341568,Trinarayan dynasty,Male,64,5/15/2018,National Liberation Party Nepal (single election symbol),Millstone,FALSE,1,Koshi region,4,Jhapa,4,117,98,12,FALSE,0.13,?? ?? ??
340788,Tech Bahadur Officer,Male,52,8/4/2030,Communist Party of Nepal (Marxist) (Pushpalal),Gainti,FALSE,1,Koshi region,4,Jhapa,4,118,74,13,FALSE,0.1,??????
342097,Saajan Majhi,Male,28,8/27/2054,Independent,Helmet,TRUE,1,Koshi region,4,Jhapa,4,119,57,14,FALSE,0.07,Plus 2 / Higher Secondary
340952,Platoon Tajpuria,Male,54,9/15/2028,"Janata Samajwadi Party, Nepal",A tilted umbrella,FALSE,1,Koshi region,4,Jhapa,4,120,54,15,FALSE,0.07,??????
339646,Tulsi Lakshmi Dumru (Bati),Woman,43,4/29/2039,Nepal Labor Farmers Party,Model,FALSE,1,Koshi region,4,Jhapa,4,121,39,16,FALSE,0.05,?? ??
339653,Walendra Shah,Male,36,10/25/2046,National Independence Party,Bell,FALSE,1,Koshi region,4,Jhapa,5,122,68348,1,TRUE,66.79,BTU
340111,KP Sharma Oli,Male,74,11/11/2008,Communist Party of Nepal (Unified Marxist-Leninist),Sun,FALSE,1,Koshi region,4,Jhapa,5,123,18734,2,FALSE,18.31,Unknown
342365,Sameer Tamang,Male,33,10/1/2049,Labor Culture Party,The soil in Anjuli,FALSE,1,Koshi region,4,Jhapa,5,124,9233,3,FALSE,9.02,Plus 2 / Higher Secondary
340445,Mandhara Chimaria,Woman,63,10/19/2019,Nepali Congress,Tree,FALSE,1,Koshi region,4,Jhapa,5,125,1821,4,FALSE,1.78,SLC
339386,Lakshmi Prasad Sangraula,Male,54,12/17/2027,National Democratic Party,Plow,FALSE,1,Koshi region,4,Jhapa,5,126,1536,5,FALSE,1.5,?? ?
340171,Ranjit Tamang,Male,43,10/19/2039,Nepali Communist Party,five-pointed star,FALSE,1,Koshi region,4,Jhapa,5,127,1461,6,FALSE,1.43,Unknown
340730,Amritlal Mahato,Male,43,1/1/2039,Public opinion party,Loudspeaker,FALSE,1,Koshi region,4,Jhapa,5,128,296,7,FALSE,0.29,SLC
339687,Sabin Rai,Male,35,5/18/2047,National Change Party,Flute,FALSE,1,Koshi region,4,Jhapa,5,129,204,8,FALSE,0.2,Unknown
339421,San Bahadur Meche,Male,42,4/14/2040,Mongol National Organization,Rooster,FALSE,1,Koshi region,4,Jhapa,5,130,166,9,FALSE,0.16,Plus 2 / Higher Secondary
341042,Shobha Bhandari,Woman,51,5/16/2031,Independent,Cauliflower,TRUE,1,Koshi region,4,Jhapa,5,131,82,10,FALSE,0.08,SLC
341101,Sanjay Rai,Male,32,10/24/2050,Communist Party of Nepal (Maoist),A rose with two petals inside a circle.,FALSE,1,Koshi region,4,Jhapa,5,132,76,11,FALSE,0.07,Bachelor
340581,Padam Bahadur Zawegu,Male,48,12/3/2033,Nepal Janmukti Party,Home,FALSE,1,Koshi region,4,Jhapa,5,133,72,12,FALSE,0.07,Bachelor
341500,Sushant Sampang Rai,Male,27,6/24/2055,Federal Democratic National Forum,Khukuri with a handle,FALSE,1,Koshi region,4,Jhapa,5,134,72,13,FALSE,0.07,bachelor
341745,Dhiren Subba,Male,62,9/5/2020,"Janata Samajwadi Party, Nepal",A tilted umbrella,FALSE,1,Koshi region,4,Jhapa,5,135,42,14,FALSE,0.04,Plus 2 / Higher Secondary
340964,Amrit Rasaili,Male,44,8/25/2038,National Liberation Party Nepal (single election symbol),Millstone,FALSE,1,Koshi region,4,Jhapa,5,136,35,15,FALSE,0.03,SLC
339300,Dharmaraj Guragai,Male,43,6/6/2039,People First Party,Hand shape with two fingers open and three fingers closed,FALSE,1,Koshi region,4,Jhapa,5,137,34,16,FALSE,0.03,Plus 2 / Higher Secondary
342521,Khemnath Shiwakoti,Male,60,7/16/2022,Independent,Camera,TRUE,1,Koshi region,4,Jhapa,5,138,25,17,FALSE,0.02,SLC
342687,Damwar Shahu,Male,42,3/6/2040,Independent,Triangle,TRUE,1,Koshi region,4,Jhapa,5,139,24,18,FALSE,0.02,????????????
342498,Pushkar Khatiwada,Male,30,1/30/2052,Independent,Round,TRUE,1,Koshi region,4,Jhapa,5,140,24,19,FALSE,0.02,??????
341971,Vipul Guragai,Male,33,6/26/2049,Independent,Panda,TRUE,1,Koshi region,4,Jhapa,5,141,19,20,FALSE,0.02,Plus 2 / Higher Secondary
341581,Arjun Sapkota,Male,39,3/27/2043,Independent,Calculator,TRUE,1,Koshi region,4,Jhapa,5,142,15,21,FALSE,0.01,SLC
342192,Ranjana Gautam,Woman,48,1/19/2034,Independent,Gas stove,TRUE,1,Koshi region,4,Jhapa,5,143,10,22,FALSE,0.01,Plus 2 / Higher Secondary
339787,Matrika Bhattarai,Male,46,2/18/2036,Independent,Syringe,TRUE,1,Koshi region,4,Jhapa,5,144,6,23,FALSE,0.01,Unknown
341230,Prakash Nepal,Male,40,12/21/2041,Independent,Scissors,TRUE,1,Koshi region,4,Jhapa,5,145,3,24,FALSE,0,Plus 2 / Higher Secondary
340348,Arjun Kumar Karki,Male,62,4/26/2020,Communist Party of Nepal (Unified Marxist-Leninist),Sun,FALSE,1,Koshi region,5,Sankhuwasabha,1,146,15636,1,TRUE,26.55,????????????
340114,Mingma Sherpa,Male,47,3/2/2035,National Independence Party,Bell,FALSE,1,Koshi region,5,Sankhuwasabha,1,147,15000,2,FALSE,25.47,????? ? ????????
340661,Deepan Kumar Shrestha,Male,46,9/18/2036,Nepali Congress,Tree,FALSE,1,Koshi region,5,Sankhuwasabha,1,148,13271,3,FALSE,22.54,??.?
339989,Uma Kumari Rai,Woman,43,10/20/2039,Labor Culture Party,The soil in Anjuli,FALSE,1,Koshi region,5,Sankhuwasabha,1,149,9857,4,FALSE,16.74,??.??
341044,Sarita Thapa,Woman,51,8/17/2031,Nepali Communist Party,five-pointed star,FALSE,1,Koshi region,5,Sankhuwasabha,1,150,2812,5,FALSE,4.78,??.??.
341337,Ghanshyam Waling Rai,Male,49,5/22/2033,National Change Party,Flute,FALSE,1,Koshi region,5,Sankhuwasabha,1,151,1352,6,FALSE,2.3,Bachelor
339647,Pushpa Koirala,Male,54,11/11/2028,Communist Party of Nepal (Maoist),A rose with two petals inside a circle.,FALSE,1,Koshi region,5,Sankhuwasabha,1,152,265,7,FALSE,0.45,??.??.
342606,Padam Bahadur Tamang,Male,58,7/15/2024,National Democratic Party,Plow,FALSE,1,Koshi region,5,Sankhuwasabha,1,153,199,8,FALSE,0.34,??.?
340520,Bharat Kumar Rai (Yakkha),Male,43,11/12/2039,"Janata Samajwadi Party, Nepal",A tilted umbrella,FALSE,1,Koshi region,5,Sankhuwasabha,1,154,135,9,FALSE,0.23,Masters
342003,Hem Kumar Gurung,Male,69,9/11/2013,National People's Front,Glass,FALSE,1,Koshi region,5,Sankhuwasabha,1,155,107,10,FALSE,0.18,Literate
341209,Krishna Bahadur Rai,Male,44,8/19/2038,Nepali Janashramdan Culture Party,A stone carried by a man on his shoulder,FALSE,1,Koshi region,5,Sankhuwasabha,1,156,89,11,FALSE,0.15,??. ??
339449,Devendra Kumar (Rilli) Ghale,Male,59,9/26/2023,Mongol National Organization,Rooster,FALSE,1,Koshi region,5,Sankhuwasabha,1,157,63,12,FALSE,0.11,????? ??.??.??.
340212,Vasudev Dahal,Male,56,6/6/2026,Independent,Scissors,TRUE,1,Koshi region,5,Sankhuwasabha,1,158,29,13,FALSE,0.05,SLC/CMA
340791,Saffron and mustard,Male,70,1/14/2012,Nepal Janmukti Party,Home,FALSE,1,Koshi region,5,Sankhuwasabha,1,159,27,14,FALSE,0.05,???????? ??
340947,Run Maya Rai (Chamling),Woman,53,4/15/2029,Federal Democratic National Forum,Khukuri with a handle,FALSE,1,Koshi region,5,Sankhuwasabha,1,160,24,15,FALSE,0.04,? ?????
339355,Raj Kumar Laghu,Male,51,9/2/2031,Nepal Labor Farmers Party,Model,FALSE,1,Koshi region,5,Sankhuwasabha,1,161,22,16,FALSE,0.04,??.?. ???????? ???????
340612,Santosh Subba,Male,48,8/13/2034,Nepali Congress,Tree,FALSE,1,Koshi region,6,Thirteenth,1,162,11561,1,TRUE,31.42,??.??.??
340855,Bhanu Bhakta Dhakal,Male,64,9/21/2018,Communist Party of Nepal (Unified Marxist-Leninist),Sun,FALSE,1,Koshi region,6,Thirteenth,1,163,10682,2,FALSE,29.03,??.??. ??.? ???? ???????
342758,Surendra Karki,Male,28,3/22/2054,National Independence Party,Bell,FALSE,1,Koshi region,6,Thirteenth,1,164,7737,3,FALSE,21.03,Unknown
339986,Subindra Kumar Limbu,Male,46,4/22/2036,Labor Culture Party,The soil in Anjuli,FALSE,1,Koshi region,6,Thirteenth,1,165,5200,4,FALSE,14.13,?????? ??
341720,Randhwaj Limbhu,Male,67,3/21/2015,Nepali Communist Party,five-pointed star,FALSE,1,Koshi region,6,Thirteenth,1,166,919,5,FALSE,2.5,Unknown
339666,Usha Lakshmi Tumvahangfe,Woman,26,12/19/2055,National Change Party,Flute,FALSE,1,Koshi region,6,Thirteenth,1,167,283,6,FALSE,0.77,+2 pass
339724,Shankar Mann Limbu,Male,46,10/27/2036,Federal Democratic National Forum,Khukuri with a handle,FALSE,1,Koshi region,6,Thirteenth,1,168,136,7,FALSE,0.37,Unknown
342034,Homabhakta Limbu (Kurumwang),Male,65,5/25/2017,National Democratic Party,Plow,FALSE,1,Koshi region,6,Thirteenth,1,169,125,8,FALSE,0.34,Unknown
341875,Man Kumar Limvu,Male,30,9/14/2052,Communist Party of Nepal (Maoist),A rose with two petals inside a circle.,FALSE,1,Koshi region,6,Thirteenth,1,170,71,9,FALSE,0.19,Unknown
340235,Ganga Bahadur Chongwang Limbu,Male,39,3/2/2043,Mongol National Organization,Rooster,FALSE,1,Koshi region,6,Thirteenth,1,171,41,10,FALSE,0.11,??.??.??
341762,Sagar Nath Regmi,Male,67,1/13/2015,Nepal Janmukti Party,Home,FALSE,1,Koshi region,6,Thirteenth,1,172,23,11,FALSE,0.06,Unknown
339382,Tanka Prasad Bhattarai,Male,63,3/24/2019,Communist Party of Nepal (Marxist) (Pushpalal),Gainti,FALSE,1,Koshi region,6,Thirteenth,1,173,17,12,FALSE,0.05,Unknown
339479,Dhruvaraj Rai,Male,43,3/13/2039,Labor Culture Party,The soil in Anjuli,FALSE,1,Koshi region,7,Bhojpur,1,174,16663,1,TRUE,31.01,Unknown
339661,Sherdhan Rai,Male,55,11/11/2027,Communist Party of Nepal (Unified Marxist-Leninist),Sun,FALSE,1,Koshi region,7,Bhojpur,1,175,14750,2,FALSE,27.45,Unknown
341046,Walkrishna Thapa,Male,73,3/20/2009,Nepali Congress,Tree,FALSE,1,Koshi region,7,Bhojpur,1,176,8670,3,FALSE,16.14,Unknown
340071,Ramesh Prasad Ojha,Male,51,1/6/2031,National Independence Party,Bell,FALSE,1,Koshi region,7,Bhojpur,1,177,6102,4,FALSE,11.36,Unknown
340789,Ajambar Rai Kangmang,Male,58,8/1/2024,Nepali Communist Party,five-pointed star,FALSE,1,Koshi region,7,Bhojpur,1,178,5728,5,FALSE,10.66,Unknown
339814,Jitendra Rai,Male,29,8/20/2053,National Change Party,Flute,FALSE,1,Koshi region,7,Bhojpur,1,179,812,6,FALSE,1.51,Unknown
340762,Gopal Kumar Rai,Male,66,7/28/2016,Janata Samajwadi Party (single election symbol),Millstone,FALSE,1,Koshi region,7,Bhojpur,1,180,256,7,FALSE,0.48,Unknown
340219,Chandra Prasad Rai,Male,47,3/4/2035,Mongol National Organization,Rooster,FALSE,1,Koshi region,7,Bhojpur,1,181,246,8,FALSE,0.46,Unknown
340499,Dewan Raj Rai,Male,49,1/13/2033,Communist Party of Nepal (Maoist),A rose with two petals inside a circle.,FALSE,1,Koshi region,7,Bhojpur,1,182,203,9,FALSE,0.38,Unknown
339882,Janak Nepal,Male,42,3/15/2040,National Democratic Party,Plow,FALSE,1,Koshi region,7,Bhojpur,1,183,197,10,FALSE,0.37,Unknown
339311,Raja Ram Basi,Male,47,8/16/2035,Nepal Labor Farmers Party,Model,FALSE,1,Koshi region,7,Bhojpur,1,184,66,11,FALSE,0.12,?? ?? ??
342286,Yuvraj Thapa,Male,32,7/22/2050,Aam Janata Party (Single Election Symbol),Mobile,FALSE,1,Koshi region,7,Bhojpur,1,185,35,12,FALSE,0.07,Unknown
339725,Rajendra Kumar Rai,Male,59,12/29/2022,Communist Party of Nepal (Unified Marxist-Leninist),Sun,FALSE,1,Koshi region,8,Dhankuta,1,186,18132,1,TRUE,30.62,??.?.
340038,Dinesh Rai,Male,45,9/26/2037,Nepali Congress,Tree,FALSE,1,Koshi region,8,Dhankuta,1,187,14257,2,FALSE,24.08,??.??.
339496,San Bahadur Rai,Male,46,4/12/2036,Labor Culture Party,The soil in Anjuli,FALSE,1,Koshi region,8,Dhankuta,1,188,11932,3,FALSE,20.15,??.??.??.
340886,Dinesh Bhandari,Male,37,8/11/2045,National Independence Party,Bell,FALSE,1,Koshi region,8,Dhankuta,1,189,9944,4,FALSE,16.8,Bachelor
340302,Dharma Raj Poudel,Male,65,6/24/2017,Nepali Communist Party,five-pointed star,FALSE,1,Koshi region,8,Dhankuta,1,190,1665,5,FALSE,2.81,??.?
342473,Lakpa Tamang,Male,36,4/18/2046,Independent,Jeep,TRUE,1,Koshi region,8,Dhankuta,1,191,1181,6,FALSE,1.99,Masters
340463,Bibhatsu Thapa,Male,30,9/21/2052,National Democratic Party,Plow,FALSE,1,Koshi region,8,Dhankuta,1,192,703,7,FALSE,1.19,??.??. ?????
341432,Ait Raj Limbu,Male,50,5/16/2032,"Janata Samajwadi Party, Nepal",A tilted umbrella,FALSE,1,Koshi region,8,Dhankuta,1,193,432,8,FALSE,0.73,??.??
340798,Nishan Rai,Male,35,10/28/2047,Janata Samajwadi Party (single election symbol),Millstone,FALSE,1,Koshi region,8,Dhankuta,1,194,238,9,FALSE,0.4,+?
341624,Statue of Ram Rai,Male,25,5/21/2057,National Change Party,Flute,FALSE,1,Koshi region,8,Dhankuta,1,195,221,10,FALSE,0.37,Plus 2 / Higher Secondary
341138,Ravin Kumar Rai,Male,37,9/18/2045,Communist Party of Nepal (Maoist),A rose with two petals inside a circle.,FALSE,1,Koshi region,8,Dhankuta,1,196,132,11,FALSE,0.22,??.??.??
342229,Jitendra Rai,Male,54,12/19/2027,Independent,Mango,TRUE,1,Koshi region,8,Dhankuta,1,197,91,12,FALSE,0.15,SLC
341732,Sagar Rai,Male,31,11/29/2050,Mongol National Organization,Rooster,FALSE,1,Koshi region,8,Dhankuta,1,198,82,13,FALSE,0.14,???????? ??????
339823,Bal Kumar Tamli,Male,37,7/14/2045,Federal Democratic National Forum,Khukuri with a handle,FALSE,1,Koshi region,8,Dhankuta,1,199,65,14,FALSE,0.11,+?
341926,Man Kumar Yonjan,Male,31,2/10/2051,Independent,Dhikhi,TRUE,1,Koshi region,8,Dhankuta,1,200,56,15,FALSE,0.09,??.??.??.
339756,Prem Wahadur Thapa,Male,34,7/17/2048,Aam Janata Party (Single Election Symbol),Mobile,FALSE,1,Koshi region,8,Dhankuta,1,201,55,16,FALSE,0.09,????? ?????
339324,The best accountant,Male,40,6/7/2042,Nepal Labor Farmers Party,Model,FALSE,1,Koshi region,8,Dhankuta,1,202,22,17,FALSE,0.04,Bachelor
341227,Yajnamani Nyaipane,Male,41,5/27/2041,National Independence Party,Bell,FALSE,1,Koshi region,9,Morang,1,203,27367,1,TRUE,38.03,??.?.
339426,Shanti Pakhrin Lama,Woman,44,9/12/2038,Labor Culture Party,The soil in Anjuli,FALSE,1,Koshi region,9,Morang,1,204,17522,2,FALSE,24.35,Bachelor
340351,Sword Bahadur Phago,Male,50,6/8/2032,Nepali Congress,Tree,FALSE,1,Koshi region,9,Morang,1,205,11986,3,FALSE,16.66,Masters
339614,Ghanshyam Khatiwada,Male,64,7/12/2018,Communist Party of Nepal (Unified Marxist-Leninist),Sun,FALSE,1,Koshi region,9,Morang,1,206,9823,4,FALSE,13.65,Unknown
340750,Kul Prasad Samba,Male,47,10/20/2035,Nepali Communist Party,five-pointed star,FALSE,1,Koshi region,9,Morang,1,207,2224,5,FALSE,3.09,Plus 2 / Higher Secondary
340178,Suraj Limbu,Male,42,8/12/2040,Mongol National Organization,Rooster,FALSE,1,Koshi region,9,Morang,1,208,1068,6,FALSE,1.48,SLC
339954,Purna Bahadur Waiwa Tamang,Male,70,1/14/2012,National Democratic Party,Plow,FALSE,1,Koshi region,9,Morang,1,209,900,7,FALSE,1.25,?????? ???? ??????
340594,Prem Verdeva,Male,37,1/1/2045,Independent,Trophy,TRUE,1,Koshi region,9,Morang,1,210,308,8,FALSE,0.43,??.??.??.
339677,Durga Kumari Tamang,Woman,41,5/27/2041,National Change Party,Flute,FALSE,1,Koshi region,9,Morang,1,211,291,9,FALSE,0.4,??.??.??.
340657,Dil Kumari Lavati,Woman,49,7/20/2033,Federal Democratic National Forum,Khukuri with a handle,FALSE,1,Koshi region,9,Morang,1,212,245,10,FALSE,0.34,12
340614,Dilli Ram Nepali,Male,57,7/28/2025,Communist Party of Nepal (Maoist),A rose with two petals inside a circle.,FALSE,1,Koshi region,9,Morang,1,213,59,11,FALSE,0.08,?? ?
341374,Ishor Wagle,Male,50,10/28/2032,Independent,Telescope,TRUE,1,Koshi region,9,Morang,1,214,40,12,FALSE,0.06,?? ?? ??
339351,Yam Prasad Dahal,Male,60,12/14/2021,Independent,Contract,TRUE,1,Koshi region,9,Morang,1,215,39,13,FALSE,0.05,"??.?, ??.???(???????)"
339740,Milan Bhandari,Male,48,5/5/2034,Independent,Violin,TRUE,1,Koshi region,9,Morang,1,216,31,14,FALSE,0.04,??.?.??????? ?????
341605,Five Raj Limbu,Male,48,12/15/2033,Nepal Janmukti Party,Home,FALSE,1,Koshi region,9,Morang,1,217,30,15,FALSE,0.04,?????? ???? ??
341097,Pashupati Ghimire,Male,61,1/1/2021,Independent,Scissors,TRUE,1,Koshi region,9,Morang,1,218,17,16,FALSE,0.02,???? ????? ????????
340020,Dilli Ram Limbu,Male,42,9/12/2040,Friendship Party Nepal,Horse,FALSE,1,Koshi region,9,Morang,1,219,12,17,FALSE,0.02,??.??.??.
341642,Krishna Kumar Karki,Male,40,8/21/2042,National Independence Party,Bell,FALSE,1,Koshi region,9,Morang,2,220,40924,1,TRUE,54.86,Unknown
341506,Dilip Kumar Aggarwal,Male,59,8/15/2023,Communist Party of Nepal (Unified Marxist-Leninist),Sun,FALSE,1,Koshi region,9,Morang,2,221,15624,2,FALSE,20.94,Unknown
341194,Minendra Prasad Rijal,Male,68,6/30/2014,Nepali Congress,Tree,FALSE,1,Koshi region,9,Morang,2,222,12764,3,FALSE,17.11,Unknown
340580,Abuho Rayrah,Male,37,12/29/2044,Labor Culture Party,The soil in Anjuli,FALSE,1,Koshi region,9,Morang,2,223,1822,4,FALSE,2.44,Unknown
340488,Chandra Bir Rai,Male,70,6/11/2012,Nepali Communist Party,five-pointed star,FALSE,1,Koshi region,9,Morang,2,224,1366,5,FALSE,1.83,Unknown
340119,Kansa Raj Dynasty,Male,41,10/21/2041,National Democratic Party,Plow,FALSE,1,Koshi region,9,Morang,2,225,766,6,FALSE,1.03,Unknown
341289,Ghanshyam Chaudhary,Male,44,3/21/2038,Public opinion party,Loudspeaker,FALSE,1,Koshi region,9,Morang,2,226,310,7,FALSE,0.42,Unknown
339976,Dhan Bahadur Sunuwar,Male,38,10/12/2044,National Change Party,Flute,FALSE,1,Koshi region,9,Morang,2,227,277,8,FALSE,0.37,Unknown
339848,Dhan Bahadur Limbu,Male,35,7/8/2047,Mongol National Organization,Rooster,FALSE,1,Koshi region,9,Morang,2,228,270,9,FALSE,0.36,Unknown
341893,Vinod Kumar Singh Gangai,Male,53,7/5/2029,"Janata Samajwadi Party, Nepal",A tilted umbrella,FALSE,1,Koshi region,9,Morang,2,229,87,10,FALSE,0.12,Unknown
339567,Meghendra Kumar Rokka,Male,43,8/3/2039,Communist Party of Nepal (Maoist),A rose with two petals inside a circle.,FALSE,1,Koshi region,9,Morang,2,230,82,11,FALSE,0.11,Unknown
341487,Madhav Prasad dynasty,Male,53,12/15/2028,National Liberation Party Nepal (single election symbol),Millstone,FALSE,1,Koshi region,9,Morang,2,231,80,12,FALSE,0.11,Unknown
339454,Manoj Kumar Rajvanshi,Male,34,7/13/2048,"National Energetic Party, Nepal",chapakal (twelve),FALSE,1,Koshi region,9,Morang,2,232,74,13,FALSE,0.1,Unknown
341079,Anil Kumar Sah,Male,42,7/11/2040,Independent,Bag,TRUE,1,Koshi region,9,Morang,2,233,56,14,FALSE,0.08,Unknown
342119,Rajan Niraula,Male,41,1/13/2041,Independent,Mango,TRUE,1,Koshi region,9,Morang,2,234,48,15,FALSE,0.06,Unknown
341706,Budhu Rishidev,Male,57,11/2/2025,Independent,Scissors,TRUE,1,Koshi region,9,Morang,2,235,35,16,FALSE,0.05,Unknown
341437,Naresh Kumar Sah,Male,54,7/22/2028,Independent,Camera,TRUE,1,Koshi region,9,Morang,2,236,18,17,FALSE,0.02,Unknown
341077,Ganesh Karki,Male,40,9/28/2042,National Independence Party,Bell,FALSE,1,Koshi region,9,Morang,3,237,36924,1,TRUE,41.28,??????????????
340372,Sunil Kumar Sharma,Male,48,9/22/2034,Nepali Congress,Tree,FALSE,1,Koshi region,9,Morang,3,238,24354,2,FALSE,27.22,Bachelor of Medicine
340808,Amir Magar,Male,36,11/13/2046,Labor Culture Party,The soil in Anjuli,FALSE,1,Koshi region,9,Morang,3,239,16509,3,FALSE,18.45,Bachelor
339926,Iran Kumar Rai,Male,55,7/9/2027,Communist Party of Nepal (Unified Marxist-Leninist),Sun,FALSE,1,Koshi region,9,Morang,3,240,7752,4,FALSE,8.67,?? ? ?? ??
340327,Dr. Deuman Samvahangfe,Male,58,7/20/2024,Nepali Communist Party,five-pointed star,FALSE,1,Koshi region,9,Morang,3,241,1259,5,FALSE,1.41,??????????
339408,Prem Prasad Subedi,Male,57,7/5/2025,National Democratic Party,Plow,FALSE,1,Koshi region,9,Morang,3,242,733,6,FALSE,0.82,Plus 2 / Higher Secondary
340011,Bikendra Rai,Male,44,7/16/2038,Mongol National Organization,Rooster,FALSE,1,Koshi region,9,Morang,3,243,647,7,FALSE,0.72,Plus 2 / Higher Secondary
340940,Mitrasen Yonjan,Male,52,12/3/2029,Ujjaya Nepal Party,A burning electric lamp,FALSE,1,Koshi region,9,Morang,3,244,643,8,FALSE,0.72,?? ??
339447,Khadga Bahadur Karki,Male,45,7/7/2037,Communist Party of Nepal (Maoist),A rose with two petals inside a circle.,FALSE,1,Koshi region,9,Morang,3,245,142,9,FALSE,0.16,??.??.??.
339627,Delhi Wahadur Jabegu,Male,55,10/8/2027,Federal Democratic National Forum,Khukuri with a handle,FALSE,1,Koshi region,9,Morang,3,246,129,10,FALSE,0.14,?? ?? ??
341445,Vidura Adhikari,Male,46,2/13/2036,United Citizens Party,Guitar,FALSE,1,Koshi region,9,Morang,3,247,88,11,FALSE,0.1,Masters
340257,Prashuram Vishwas Tharu,Male,58,4/24/2024,Nepal Labor Farmers Party,Model,FALSE,1,Koshi region,9,Morang,3,248,53,12,FALSE,0.06,??????
342021,Kamal Kumar Rai,Male,55,5/22/2027,Aam Janata Party (Single Election Symbol),Mobile,FALSE,1,Koshi region,9,Morang,3,249,51,13,FALSE,0.06,Unknown
340577,Navraj Maskey,Male,57,6/14/2025,Jai Matrubhoomi Party,Mother holding baby in arms,FALSE,1,Koshi region,9,Morang,3,250,49,14,FALSE,0.05,?? ?
340756,Ganesh Mishra,Male,53,7/1/2029,Independent,Camera,TRUE,1,Koshi region,9,Morang,3,251,44,15,FALSE,0.05,SLC
341529,Bhuvan Kumar Wagle,Male,46,3/15/2036,"National Energetic Party, Nepal",chapakal (twelve),FALSE,1,Koshi region,9,Morang,3,252,31,16,FALSE,0.03,??????????????
341752,Tej Prasad Bhandari,Male,43,7/2/2039,Independent,Cup and plate,TRUE,1,Koshi region,9,Morang,3,253,30,17,FALSE,0.03,SLC
342254,Mazebul Rahman,Male,55,12/29/2026,"Janata Samajwadi Party, Nepal",A tilted umbrella,FALSE,1,Koshi region,9,Morang,3,254,18,18,FALSE,0.02,Unknown
342293,Santosh Rajbanshi,Male,34,9/12/2048,National Independence Party,Bell,FALSE,1,Koshi region,9,Morang,4,255,40833,1,TRUE,54.79,Bachelor
341356,Guru Raj Ghimire,Male,57,11/12/2025,Nepali Congress,Tree,FALSE,1,Koshi region,9,Morang,4,256,12818,2,FALSE,17.2,"?? ?, ???"
341465,Aman Lal Modi,Male,40,6/5/2042,Nepali Communist Party,five-pointed star,FALSE,1,Koshi region,9,Morang,4,257,10762,3,FALSE,14.44,?? ? ?????? ?? ?
340158,Life is full of twists and turns.,Male,63,10/10/2019,Communist Party of Nepal (Unified Marxist-Leninist),Sun,FALSE,1,Koshi region,9,Morang,4,258,6933,4,FALSE,9.3,Bachelor
342387,Madhav Prasad Acharya,Male,48,2/22/2034,National Democratic Party,Plow,FALSE,1,Koshi region,9,Morang,4,259,1163,5,FALSE,1.56,?? ?? ??
341700,Krishna Kumar Atal,Male,45,9/13/2037,Labor Culture Party,The soil in Anjuli,FALSE,1,Koshi region,9,Morang,4,260,1001,6,FALSE,1.34,?? ?????
342472,Jeevan Kumar Gupta,Male,46,1/15/2036,Public opinion party,Loudspeaker,FALSE,1,Koshi region,9,Morang,4,261,348,7,FALSE,0.47,SLC
342132,Kalpana Devi Yadav,Woman,46,1/5/2036,Nation Building Party Nepal,Water bottle inside a circle,FALSE,1,Koshi region,9,Morang,4,262,176,8,FALSE,0.24,SLC
341233,Golchha Rai,Male,44,6/13/2038,Mongol National Organization,Rooster,FALSE,1,Koshi region,9,Morang,4,263,87,9,FALSE,0.12,SLC
342189,Ashok Sharma,Male,36,11/10/2046,Aam Janata Party (Single Election Symbol),Mobile,FALSE,1,Koshi region,9,Morang,4,264,72,10,FALSE,0.1,?+2
340292,Hari Bahadur Basnet,Male,58,4/29/2024,Communist Party of Nepal (Maoist),A rose with two petals inside a circle.,FALSE,1,Koshi region,9,Morang,4,265,61,11,FALSE,0.08,?? ?
342367,Tavarez Akhtar Alam,Male,60,7/15/2022,"Janata Samajwadi Party, Nepal",A tilted umbrella,FALSE,1,Koshi region,9,Morang,4,266,60,12,FALSE,0.08,SLC
341068,Numa Limbu,Woman,39,4/9/2043,Inclusive Socialist Party,Srivatsa is a symbol of prosperity.,FALSE,1,Koshi region,9,Morang,4,267,55,13,FALSE,0.07,???????? ?????????? ??
342084,Bhakta Mani Dahal,Male,58,1/7/2024,Independent,Round,TRUE,1,Koshi region,9,Morang,4,268,40,14,FALSE,0.05,Masters
340858,Hari Narayan Chaudhary,Male,52,11/7/2030,"Civil Liberties Party, Nepal (single election symbol)",Millstone,FALSE,1,Koshi region,9,Morang,4,269,38,15,FALSE,0.05,?? ?? ??
339348,Jayaram Tharu,Male,43,6/13/2039,Nepal Labor Farmers Party,Model,FALSE,1,Koshi region,9,Morang,4,270,29,16,FALSE,0.04,??????
342319,Gyanendra Khatri,Male,51,10/8/2031,Independent,Triangle,TRUE,1,Koshi region,9,Morang,4,271,25,17,FALSE,0.03,?? ? ??????
342228,Vinod Kumar Karki,Male,47,2/18/2035,Independent,Ascot,TRUE,1,Koshi region,9,Morang,4,272,17,18,FALSE,0.02,Plus 2 / Higher Secondary
342355,Harnu Musahar,Male,67,3/2/2015,Federal Democratic National Forum,Khukuri with a handle,FALSE,1,Koshi region,9,Morang,4,273,11,19,FALSE,0.01,???????? ??
341509,Asha Jha,Woman,42,4/15/2040,National Independence Party,Bell,FALSE,1,Koshi region,9,Morang,5,274,30434,1,TRUE,43.13,Bachelor
341353,Full Kumar Lalwani,Male,64,1/8/2018,Nepali Congress,Tree,FALSE,1,Koshi region,9,Morang,5,275,9415,2,FALSE,13.34,Bachelor
340375,Raj Kumar Yadav,Male,53,1/5/2029,"Janata Samajwadi Party, Nepal",A tilted umbrella,FALSE,1,Koshi region,9,Morang,5,276,8747,3,FALSE,12.4,??.??.??.
339521,Shiv Kumar Mandal (late),Male,50,5/10/2032,Nepali Communist Party,five-pointed star,FALSE,1,Koshi region,9,Morang,5,277,8614,4,FALSE,12.21,???????? ?????? ???? ??
339949,Manoj Kumar Aggarwal,Male,47,9/12/2035,Communist Party of Nepal (Unified Marxist-Leninist),Sun,FALSE,1,Koshi region,9,Morang,5,278,6945,5,FALSE,9.84,??.??.??.???
340767,Yogendra Mandal,Male,54,3/4/2028,"National Energetic Party, Nepal",chapakal (twelve),FALSE,1,Koshi region,9,Morang,5,279,4199,6,FALSE,5.95,??.??.??.
341402,Kumod Rai,Male,45,7/4/2037,National Democratic Party,Plow,FALSE,1,Koshi region,9,Morang,5,280,549,7,FALSE,0.78,???????? ?????????? ??
339918,Mohammad Reza Hussain,Male,51,10/7/2031,Independent,Trophy,TRUE,1,Koshi region,9,Morang,5,281,523,8,FALSE,0.74,??.??.??. ???
341128,Lord Murmu,Male,46,7/23/2036,Public opinion party,Loudspeaker,FALSE,1,Koshi region,9,Morang,5,282,364,9,FALSE,0.52,???????? ?????????? ??
339729,Amar Kumar Yadav,Male,25,7/25/2057,Independent,Banana peel,TRUE,1,Koshi region,9,Morang,5,283,363,10,FALSE,0.51,Bachelor
339705,Ganga Prasad Giri,Male,70,5/15/2012,Communist Party of Nepal (Maoist),A rose with two petals inside a circle.,FALSE,1,Koshi region,9,Morang,5,284,117,11,FALSE,0.17,Literate
341721,Rajendra Prasad Mandal Kewat,Male,46,5/17/2036,Progressive Democratic Party,Single open eye,FALSE,1,Koshi region,9,Morang,5,285,82,12,FALSE,0.12,??.??.??.???
340926,Raj Kumar dynasty,Male,57,10/15/2025,Independent,Mango,TRUE,1,Koshi region,9,Morang,5,286,47,13,FALSE,0.07,???????? ?????????? ??
341574,Mangal Rishidev,Male,42,12/12/2039,Federal Democratic National Forum,Khukuri with a handle,FALSE,1,Koshi region,9,Morang,5,287,34,14,FALSE,0.05,??.??.??.???
342056,Naresh Kumar Profit,Male,43,11/17/2039,National Liberation Party Nepal (single election symbol),Millstone,FALSE,1,Koshi region,9,Morang,5,288,28,15,FALSE,0.04,??????? ?????
341853,Sujit Kumar Sah,Male,27,7/13/2055,Independent,Triangle,TRUE,1,Koshi region,9,Morang,5,289,28,16,FALSE,0.04,Bachelor
339389,Ganga Kumari dynasty,Woman,25,7/24/2057,Nepal Labor Farmers Party,Model,FALSE,1,Koshi region,9,Morang,5,290,22,17,FALSE,0.03,Bachelor
339561,Sakuntala Shrestha,Woman,34,5/9/2048,Mongol National Organization,Rooster,FALSE,1,Koshi region,9,Morang,5,291,17,18,FALSE,0.02,???????? ??????????
341311,Mamta Yadav,Woman,41,4/9/2041,Independent,Telescope,TRUE,1,Koshi region,9,Morang,5,292,13,19,FALSE,0.02,??.??.??.
341265,Vikash Shrestha,Male,60,12/25/2021,Independent,Jeep,TRUE,1,Koshi region,9,Morang,5,293,11,20,FALSE,0.02,??.??.??.
341800,Surya Narayan Thakur,Male,45,8/20/2037,Independent,Sparrow,TRUE,1,Koshi region,9,Morang,5,294,5,21,FALSE,0.01,??.??.??.
340835,Jai Narayan Sharma,Male,54,10/9/2028,Independent,Stool,TRUE,1,Koshi region,9,Morang,5,295,3,22,FALSE,0,??????? ?????
341123,Rubina Acharya,Woman,31,10/10/2051,National Independence Party,Bell,FALSE,1,Koshi region,9,Morang,6,296,55513,1,TRUE,64.96,MBA
340656,Dr. Shekhar Koirala,Male,75,5/9/2007,Nepali Congress,Tree,FALSE,1,Koshi region,9,Morang,6,297,12850,2,FALSE,15.04,MS/MD ???????????
339853,Vinod Prasad Dhakal,Male,57,12/22/2024,Communist Party of Nepal (Unified Marxist-Leninist),Sun,FALSE,1,Koshi region,9,Morang,6,298,8317,3,FALSE,9.73,?????? ??
340711,Matrika Poudel,Male,49,7/5/2033,Labor Culture Party,The soil in Anjuli,FALSE,1,Koshi region,9,Morang,6,299,3400,4,FALSE,3.98,10
340080,Sabin Niraula,Male,27,3/18/2055,National Democratic Party,Plow,FALSE,1,Koshi region,9,Morang,6,300,2092,5,FALSE,2.45,Bachelor
339909,Opendra Kumar Roy,Male,48,4/25/2034,Nepali Communist Party,five-pointed star,FALSE,1,Koshi region,9,Morang,6,301,1716,6,FALSE,2.01,SLC
340305,Sudh Ram Majhi,Male,54,6/2/2028,Public opinion party,Loudspeaker,FALSE,1,Koshi region,9,Morang,6,302,420,7,FALSE,0.49,SLC
341640,Basant Budhathoki,Male,25,8/20/2057,Ujjaya Nepal Party,A burning electric lamp,FALSE,1,Koshi region,9,Morang,6,303,243,8,FALSE,0.28,Plus 2 / Higher Secondary
339713,Preeti Jha,Woman,46,4/26/2036,Sovereign Citizens Party,A 24-knuckle wheel inside a dark blue circle,FALSE,1,Koshi region,9,Morang,6,304,200,9,FALSE,0.23,Plus 2 / Higher Secondary
339893,Raju Mandal Rajvanshi,Male,54,10/10/2028,"Janata Samajwadi Party, Nepal",A tilted umbrella,FALSE,1,Koshi region,9,Morang,6,305,148,10,FALSE,0.17,Unknown
339652,Kumar Prasad Khatiwada,Male,40,2042.04.29,Communist Party of Nepal (Maoist),A rose with two petals inside a circle.,FALSE,1,Koshi region,9,Morang,6,306,126,11,FALSE,0.15,Bachelor
340760,Balram Khawas,Male,50,7/13/2032,"Civil Liberties Party, Nepal (single election symbol)",Millstone,FALSE,1,Koshi region,9,Morang,6,307,118,12,FALSE,0.14,SLC
341405,Badri Paswan,Male,54,4/11/2028,Aam Janata Party (Single Election Symbol),Mobile,FALSE,1,Koshi region,9,Morang,6,308,97,13,FALSE,0.11,??????
340479,Uttam Dahal,Male,45,5/22/2037,Independent,Ink,TRUE,1,Koshi region,9,Morang,6,309,79,14,FALSE,0.09,SLC
339817,Anu Magar,Woman,48,4/23/2034,Mongol National Organization,Rooster,FALSE,1,Koshi region,9,Morang,6,310,62,15,FALSE,0.07,SLC
339578,Kiran Khadka,Male,47,9/2/2035,Independent,Bag,TRUE,1,Koshi region,9,Morang,6,311,39,16,FALSE,0.05,Unknown
340517,Standing Nanda Rijal,Male,63,11/12/2019,Independent,Round,TRUE,1,Koshi region,9,Morang,6,312,35,17,FALSE,0.04,SLC
339794,Hark Raj Rai,Male,43,11/15/2039,Labor Culture Party,The soil in Anjuli,FALSE,1,Koshi region,10,Sunsari,1,313,35741,1,TRUE,43.07,Bachelor
341436,Goma Tamang,Woman,52,10/15/2030,National Independence Party,Bell,FALSE,1,Koshi region,10,Sunsari,1,314,27249,2,FALSE,32.84,??.??.??.
339932,Tika Ram Limbu,Male,41,5/21/2041,Communist Party of Nepal (Unified Marxist-Leninist),Sun,FALSE,1,Koshi region,10,Sunsari,1,315,6463,3,FALSE,7.79,????????????
340539,Surya Bahadur Bhattarai,Male,42,8/8/2040,Nepali Communist Party,five-pointed star,FALSE,1,Koshi region,10,Sunsari,1,316,6185,4,FALSE,7.45,??.??.??. ???
340894,Sujendra Tamang,Male,49,5/4/2033,Nepali Congress,Tree,FALSE,1,Koshi region,10,Sunsari,1,317,3970,5,FALSE,4.78,Bachelor
342440,Uddhav Shrestha,Male,66,9/1/2016,National Democratic Party,Plow,FALSE,1,Koshi region,10,Sunsari,1,318,1419,6,FALSE,1.71,??.?.
341559,Damper,Male,38,1/5/2044,Ujjaya Nepal Party,A burning electric lamp,FALSE,1,Koshi region,10,Sunsari,1,319,590,7,FALSE,0.71,??.?./??.??.??.
342617,Nagendra Bahadur Limbu,Male,51,8/28/2031,Janata Samajwadi Party (single election symbol),Millstone,FALSE,1,Koshi region,10,Sunsari,1,320,202,8,FALSE,0.24,Bachelor
341849,Bhupi Rai,Male,68,1/2/2014,National Joint Party,Dhaka cap,FALSE,1,Koshi region,10,Sunsari,1,321,191,9,FALSE,0.23,???? ??????
341076,Naresh V.K.,Male,39,11/28/2042,United Citizens Party,Guitar,FALSE,1,Koshi region,10,Sunsari,1,322,125,10,FALSE,0.15,??.??.??.
342390,Subhas Vishwakarma,Male,32,11/12/2050,Independent,Bag,TRUE,1,Koshi region,10,Sunsari,1,323,107,11,FALSE,0.13,??.??.??. ???
340732,Dil Bahadur Bastola,Male,52,1/17/2030,Communist Party of Nepal (Maoist),A rose with two petals inside a circle.,FALSE,1,Koshi region,10,Sunsari,1,324,94,12,FALSE,0.11,?? ?????
340609,Raj Kumar Limbu,Male,31,7/27/2051,Federal Democratic National Forum,Khukuri with a handle,FALSE,1,Koshi region,10,Sunsari,1,325,83,13,FALSE,0.1,??.??.??.
340666,Raj Kumar Rai,Male,41,6/19/2041,Nepali Janashramdan Culture Party,A stone carried by a man on his shoulder,FALSE,1,Koshi region,10,Sunsari,1,326,83,14,FALSE,0.1,Plus 2 / Higher Secondary
339515,Deuman Limbu,Male,56,10/15/2026,Independent,Round,TRUE,1,Koshi region,10,Sunsari,1,327,74,15,FALSE,0.09,?? ?????
342710,Sumit Rai,Male,44,5/24/2038,Independent,Mango,TRUE,1,Koshi region,10,Sunsari,1,328,69,16,FALSE,0.08,Bachelor
339334,Mahesh Shrestha,Male,58,9/24/2024,Nepal Labor Farmers Party,Model,FALSE,1,Koshi region,10,Sunsari,1,329,63,17,FALSE,0.08,?????????? ?? ??????
342327,Sanjay Rai,Male,43,6/9/2039,"Janata Samajwadi Party, Nepal",A tilted umbrella,FALSE,1,Koshi region,10,Sunsari,1,330,53,18,FALSE,0.06,???????
341988,Ram Bahadur Bisht,Male,48,8/1/2034,Aam Janata Party (Single Election Symbol),Mobile,FALSE,1,Koshi region,10,Sunsari,1,331,52,19,FALSE,0.06,??.?.
339607,Rajendra Gurung,Male,35,7/8/2047,Mongol National Organization,Rooster,FALSE,1,Koshi region,10,Sunsari,1,332,46,20,FALSE,0.06,?? ????? ???
342657,Life is art.,Woman,43,2/10/2039,Independent,Triangle,TRUE,1,Koshi region,10,Sunsari,1,333,37,21,FALSE,0.04,??.??.??.
341730,Yam Bahadur Limbu,Male,63,10/6/2019,Nepal Janmukti Party,Home,FALSE,1,Koshi region,10,Sunsari,1,334,27,22,FALSE,0.03,???????
342768,Raksha Kumar Rai,Male,39,8/10/2043,Friendship Party Nepal,Horse,FALSE,1,Koshi region,10,Sunsari,1,335,17,23,FALSE,0.02,??.??.??.
342257,Shesh Prasad Regmi,Male,30,11/8/2052,Independent,Syringe,TRUE,1,Koshi region,10,Sunsari,1,336,17,24,FALSE,0.02,????????????
342697,Chet Bahadur Rai,Male,44,3/10/2038,Independent,Cup and plate,TRUE,1,Koshi region,10,Sunsari,1,337,16,25,FALSE,0.02,??.??.??. ???
342086,Om Krishna depressed,Male,47,9/22/2035,Independent,Scissors,TRUE,1,Koshi region,10,Sunsari,1,338,9,26,FALSE,0.01,??.??.??. ???
341392,Lal Bikram Thapa,Male,39,3/18/2043,National Independence Party,Bell,FALSE,1,Koshi region,10,Sunsari,2,339,57348,1,TRUE,60.09,???????? ?? ????? ?????????????
340635,Rajeev Koirala,Male,63,3/26/2019,Nepali Congress,Tree,FALSE,1,Koshi region,10,Sunsari,2,340,16071,2,FALSE,16.84,Bachelor
342651,Sujan Lama,Male,38,8/29/2044,Communist Party of Nepal (Unified Marxist-Leninist),Sun,FALSE,1,Koshi region,10,Sunsari,2,341,8303,3,FALSE,8.7,SLC
342369,Chetan Rai,Male,33,5/3/2049,Labor Culture Party,The soil in Anjuli,FALSE,1,Koshi region,10,Sunsari,2,342,7484,4,FALSE,7.84,SLC
341120,Ram Kumari Chaudhary,Woman,40,4/2/2042,Nepali Communist Party,five-pointed star,FALSE,1,Koshi region,10,Sunsari,2,343,1816,5,FALSE,1.9,Bachelor
341906,Dinesh Kumar Basnet,Male,53,2/9/2029,National Democratic Party,Plow,FALSE,1,Koshi region,10,Sunsari,2,344,1287,6,FALSE,1.35,??.?.
340224,Gopal Tamang,Male,27,12/14/2054,Ujjaya Nepal Party,A burning electric lamp,FALSE,1,Koshi region,10,Sunsari,2,345,734,7,FALSE,0.77,??????????
342670,Aditya Acharya,Male,26,8/6/2056,Nation Building Party Nepal,Water bottle inside a circle,FALSE,1,Koshi region,10,Sunsari,2,346,536,8,FALSE,0.56,Bachelor
342402,Ramchandra Mehta,Male,42,10/8/2040,"Janata Samajwadi Party, Nepal",A tilted umbrella,FALSE,1,Koshi region,10,Sunsari,2,347,380,9,FALSE,0.4,SLC
342582,Mahavir Mehta,Male,32,11/3/2050,Public opinion party,Loudspeaker,FALSE,1,Koshi region,10,Sunsari,2,348,329,10,FALSE,0.34,???????
342151,Tajina Bista,Woman,31,4/18/2051,Progressive Democratic Party,Single open eye,FALSE,1,Koshi region,10,Sunsari,2,349,176,11,FALSE,0.18,Plus 2 / Higher Secondary
342310,Santosh Kumar Mehta,Male,42,11/13/2040,National Liberation Party Nepal (single election symbol),Millstone,FALSE,1,Koshi region,10,Sunsari,2,350,169,12,FALSE,0.18,???????
340073,Iftakhar Hasan (Iqwal),Male,46,11/2/2036,Independent,Scissors,TRUE,1,Koshi region,10,Sunsari,2,351,155,13,FALSE,0.16,Bachelor
339779,Santahira Rai,Woman,42,7/5/2040,Mongol National Organization,Rooster,FALSE,1,Koshi region,10,Sunsari,2,352,152,14,FALSE,0.16,?? ?? ??
341635,Krishna Kumari Danuwar,Woman,40,12/25/2041,Communist Party of Nepal (Maoist),A rose with two petals inside a circle.,FALSE,1,Koshi region,10,Sunsari,2,353,125,15,FALSE,0.13,Plus 2 / Higher Secondary
342193,Nunu Ram Chaudhary,Male,50,3/15/2032,Nepal Democratic Party,Greeting with folded hands,FALSE,1,Koshi region,10,Sunsari,2,354,107,16,FALSE,0.11,??.??.
342483,Tulsa Limbu,Woman,41,3/25/2041,Federal Democratic National Forum,Khukuri with a handle,FALSE,1,Koshi region,10,Sunsari,2,355,75,17,FALSE,0.08,SLC
342461,Nawaraj Poudel,Male,54,2/25/2028,Independent,Triangle,TRUE,1,Koshi region,10,Sunsari,2,356,45,18,FALSE,0.05,??.??.
341710,Past Nepal,Male,31,6/22/2051,Communist Party of Nepal (United),Sickle,FALSE,1,Koshi region,10,Sunsari,2,357,31,19,FALSE,0.03,Bachelor
342561,Niranjan Thakur,Male,42,11/30/2039,Aam Janata Party (Single Election Symbol),Mobile,FALSE,1,Koshi region,10,Sunsari,2,358,28,20,FALSE,0.03,SLC
342336,Devendra Poudel,Male,35,12/6/2046,Independent,Wheelchair,TRUE,1,Koshi region,10,Sunsari,2,359,20,21,FALSE,0.02,?????? ??
342576,Anjana Devi Gupta,Woman,53,5/17/2029,Independent,Fan,TRUE,1,Koshi region,10,Sunsari,2,360,18,22,FALSE,0.02,?? ???
339956,Geeta Maiya Bajiko,Woman,47,12/28/2034,Nepal Labor Farmers Party,Model,FALSE,1,Koshi region,10,Sunsari,2,361,14,23,FALSE,0.01,??.??.??.
341814,Raj Kumar Khatri,Male,49,8/25/2033,Independent,Gambling,TRUE,1,Koshi region,10,Sunsari,2,362,14,24,FALSE,0.01,SLC
342031,Satya Narayan Pandit,Male,66,3/28/2016,Independent,Banana peel,TRUE,1,Koshi region,10,Sunsari,2,363,10,25,FALSE,0.01,??????
342681,Dambar Bahadur Bareilly,Male,56,8/5/2026,Independent,Cup and plate,TRUE,1,Koshi region,10,Sunsari,2,364,6,26,FALSE,0.01,Plus 2 / Higher Secondary
341975,Bhim Bahadur Dahal,Male,63,11/19/2019,Independent,Jeep,TRUE,1,Koshi region,10,Sunsari,2,365,6,27,FALSE,0.01,SLC
342597,Rosani Rai,Woman,49,5/27/2033,Independent,Stool,TRUE,1,Koshi region,10,Sunsari,2,366,2,28,FALSE,0,??.?.
340042,Ashok Kumar Chaudhary,Male,42,1/4/2040,National Independence Party,Bell,FALSE,1,Koshi region,10,Sunsari,3,367,47421,1,TRUE,53.05,Plus 2 / Higher Secondary
341886,Vijay Kumar Gachchhdar,Male,72,10/19/2010,Nepali Congress,Tree,FALSE,1,Koshi region,10,Sunsari,3,368,20501,2,FALSE,22.93,????????????
340632,Bhagwati Chaudhary,Woman,54,1/2/2028,Communist Party of Nepal (Unified Marxist-Leninist),Sun,FALSE,1,Koshi region,10,Sunsari,3,369,15083,3,FALSE,16.87,????????????
340100,Ram Prasad always,Male,43,8/27/2039,Labor Culture Party,The soil in Anjuli,FALSE,1,Koshi region,10,Sunsari,3,370,1780,4,FALSE,1.99,8 ???
341189,Durgesh Kumar Chaudhary,Male,46,8/17/2036,Nepali Communist Party,five-pointed star,FALSE,1,Koshi region,10,Sunsari,3,371,1551,5,FALSE,1.74,Plus 2 / Higher Secondary
340726,Ghanshyam Gurung,Male,43,3/8/2039,National Democratic Party,Plow,FALSE,1,Koshi region,10,Sunsari,3,372,885,6,FALSE,0.99,?????????
342058,Krishna Kumar Chaudhary,Male,41,8/24/2041,Sovereign Citizens Party,A 24-knuckle wheel inside a dark blue circle,FALSE,1,Koshi region,10,Sunsari,3,373,602,7,FALSE,0.67,??.??.??.
341503,Ram Narayan Tharu,Male,58,2/29/2024,Public opinion party,Loudspeaker,FALSE,1,Koshi region,10,Sunsari,3,374,389,8,FALSE,0.44,SLC
341367,Jageshwar Yadav,Male,66,1/22/2016,Ujjaya Nepal Party,A burning electric lamp,FALSE,1,Koshi region,10,Sunsari,3,375,286,9,FALSE,0.32,SLC
342795,Kishore Kumar Faith,Male,53,2/10/2029,Inclusive Socialist Party Nepal,Wall clock,FALSE,1,Koshi region,10,Sunsari,3,376,225,10,FALSE,0.25,Bachelor
341660,Badri Prasad Yadav,Male,52,6/1/2030,"Janata Samajwadi Party, Nepal",A tilted umbrella,FALSE,1,Koshi region,10,Sunsari,3,377,177,11,FALSE,0.2,????????????
339810,Asutosh Dhungel,Male,41,2/10/2041,Communist Party of Nepal (Maoist),A rose with two petals inside a circle.,FALSE,1,Koshi region,10,Sunsari,3,378,140,12,FALSE,0.16,SLC
341562,Pramod Paudyal,Male,40,1/10/2042,Progressive Democratic Party,Single open eye,FALSE,1,Koshi region,10,Sunsari,3,379,119,13,FALSE,0.13,??.?
342591,Basudev Sahu Teli,Male,49,2/15/2033,"Civil Liberties Party, Nepal (single election symbol)",Millstone,FALSE,1,Koshi region,10,Sunsari,3,380,91,14,FALSE,0.1,10
341968,Rohan Kumar Shah,Male,50,1/15/2032,Aam Janata Party (Single Election Symbol),Mobile,FALSE,1,Koshi region,10,Sunsari,3,381,29,15,FALSE,0.03,Plus 2 / Higher Secondary
341053,Kasani Tharuni,Woman,54,10/26/2028,Independent,Triangle,TRUE,1,Koshi region,10,Sunsari,3,382,27,16,FALSE,0.03,Unknown
340689,Kumari Urao,Woman,57,6/25/2025,Independent,Jewel,TRUE,1,Koshi region,10,Sunsari,3,383,25,17,FALSE,0.03,Unknown
339316,Nature stale,Woman,38,2/20/2044,Nepal Labor Farmers Party,Model,FALSE,1,Koshi region,10,Sunsari,3,384,17,18,FALSE,0.02,???????????
341835,Cheet Narayan Chaudhary,Male,55,2/15/2027,Independent,Jeep,TRUE,1,Koshi region,10,Sunsari,3,385,12,19,FALSE,0.01,Plus 2 / Higher Secondary
341247,Deep Bahadur Tamang,Male,56,3/1/2026,Mongol National Organization,Rooster,FALSE,1,Koshi region,10,Sunsari,3,386,10,20,FALSE,0.01,SLC
342177,Shyam Kumar Mudiyari,Male,46,4/11/2036,Independent,Mango,TRUE,1,Koshi region,10,Sunsari,3,387,8,21,FALSE,0.01,Unknown
341015,Suman Kumari Chaudhary,Woman,39,9/15/2043,Independent,Bakullo,TRUE,1,Koshi region,10,Sunsari,3,388,8,22,FALSE,0.01,SLC
342399,Rajan Kumar Gautam,Male,53,12/16/2028,Independent,Mouse,TRUE,1,Koshi region,10,Sunsari,3,389,3,23,FALSE,0,SLC
340603,Deepak Kumar Sah,Male,49,2/15/2033,National Independence Party,Bell,FALSE,1,Koshi region,10,Sunsari,4,390,42771,1,TRUE,54.51,?????? ???????? ?????????????
340452,Gyanendra Bahadur Karki,Male,69,11/11/2013,Nepali Congress,Tree,FALSE,1,Koshi region,10,Sunsari,4,391,16587,2,FALSE,21.14,???????????(???????? ???????)
341375,Jagdish Prasad Kusiait,Male,66,9/2/2016,Communist Party of Nepal (Unified Marxist-Leninist),Sun,FALSE,1,Koshi region,10,Sunsari,4,392,8631,3,FALSE,11,SLC
341017,Mohammad Mahfuz Ansari,Male,56,7/5/2026,Nepali Communist Party,five-pointed star,FALSE,1,Koshi region,10,Sunsari,4,393,3432,4,FALSE,4.37,Bachelor
340143,Vishnu Rana,Male,49,10/2/2033,Labor Culture Party,The soil in Anjuli,FALSE,1,Koshi region,10,Sunsari,4,394,2763,5,FALSE,3.52,????? ?? ???
341994,Prem Prasad Bhattarai,Male,72,3/10/2010,National Democratic Party,Plow,FALSE,1,Koshi region,10,Sunsari,4,395,821,6,FALSE,1.05,??.?
341970,Samid Khan,Male,44,6/26/2038,Nation Building Party Nepal,Water bottle inside a circle,FALSE,1,Koshi region,10,Sunsari,4,396,735,7,FALSE,0.94,SLC
342349,Kapleswar Yadav,Male,41,10/21/2041,Public opinion party,Loudspeaker,FALSE,1,Koshi region,10,Sunsari,4,397,558,8,FALSE,0.71,Plus 2 / Higher Secondary
341793,Sabita Yadav,Woman,51,10/9/2031,"Janata Samajwadi Party, Nepal",A tilted umbrella,FALSE,1,Koshi region,10,Sunsari,4,398,486,9,FALSE,0.62,SLC
340832,Hari Parajuli,Male,30,10/26/2052,Independent,Trophy,TRUE,1,Koshi region,10,Sunsari,4,399,356,10,FALSE,0.45,+2 ???
342287,Mo. Tajmul Mian,Male,46,12/20/2035,Independent,Rickshaw,TRUE,1,Koshi region,10,Sunsari,4,400,198,11,FALSE,0.25,SLC
339570,Ayuv Ansari,Male,54,8/12/2028,Inclusive Socialist Party Nepal,Wall clock,FALSE,1,Koshi region,10,Sunsari,4,401,168,12,FALSE,0.21,????? ? ???
341450,Bheshraj Bajgai,Male,50,9/25/2032,Communist Party of Nepal (Maoist),A rose with two petals inside a circle.,FALSE,1,Koshi region,10,Sunsari,4,402,153,13,FALSE,0.19,+? ???
340663,Rojan Vishwakarma,Male,32,9/3/2050,Independent,Water jar,TRUE,1,Koshi region,10,Sunsari,4,403,146,14,FALSE,0.19,SLC
340945,Mo Gulab Ansari,Male,26,4/7/2056,Independent,Cap,TRUE,1,Koshi region,10,Sunsari,4,404,123,15,FALSE,0.16,+2 ???
342379,Tavarez Alam Ansari,Male,35,1/23/2047,Aam Janata Party (Single Election Symbol),Mobile,FALSE,1,Koshi region,10,Sunsari,4,405,87,16,FALSE,0.11,Plus 2 / Higher Secondary
340115,Man Kumar Rai,Male,50,12/22/2031,Mongol National Organization,Rooster,FALSE,1,Koshi region,10,Sunsari,4,406,74,17,FALSE,0.09,????? ? ???
341873,Ramesh Kumar Sah,Male,46,10/15/2036,Nepal Janata Party,Lotus flower,FALSE,1,Koshi region,10,Sunsari,4,407,63,18,FALSE,0.08,lab Assitant
341610,Ankit Karki,Male,28,5/12/2054,Independent,Wandering around,TRUE,1,Koshi region,10,Sunsari,4,408,49,19,FALSE,0.06,+2 ???
341768,Satya Narayan Lahutia,Male,63,9/25/2019,Communist Party of Nepal (United),Sickle,FALSE,1,Koshi region,10,Sunsari,4,409,39,20,FALSE,0.05,SLC
342027,Tej Narayan Goit,Male,52,7/28/2030,Independent,Round,TRUE,1,Koshi region,10,Sunsari,4,410,34,21,FALSE,0.04,Certificate Level
342248,Kundan Kaushik,Male,52,11/19/2030,Independent,Syringe,TRUE,1,Koshi region,10,Sunsari,4,411,33,22,FALSE,0.04,+2 ???
341703,Md. Sadiq Mian,Male,54,2/18/2028,Federal Democratic National Forum,Khukuri with a handle,FALSE,1,Koshi region,10,Sunsari,4,412,29,23,FALSE,0.04,Literate
341481,Upendra Kumar Sah,Male,44,2/15/2038,Independent,Helmet,TRUE,1,Koshi region,10,Sunsari,4,413,25,24,FALSE,0.03,SLC
341423,Dev Narayan Mahato,Male,66,3/5/2016,Independent,Jeep,TRUE,1,Koshi region,10,Sunsari,4,414,16,25,FALSE,0.02,Literate
341281,Sharmanand Khatiwada,Male,63,7/1/2019,Independent,Sparrow,TRUE,1,Koshi region,10,Sunsari,4,415,16,26,FALSE,0.02,SLC
341829,Mahendra Sunchairi,Male,38,9/13/2044,Independent,Hanger,TRUE,1,Koshi region,10,Sunsari,4,416,14,27,FALSE,0.02,+2 ???
341571,Jalal Mia,Male,57,1/15/2025,Independent,Camera,TRUE,1,Koshi region,10,Sunsari,4,417,13,28,FALSE,0.02,????? ? ???
341229,Chanchala Nhisutu,Woman,41,8/26/2041,Nepal Labor Farmers Party,Model,FALSE,1,Koshi region,10,Sunsari,4,418,12,29,FALSE,0.02,SLC
342202,Parvati Mukhiya,Woman,54,1/15/2028,Independent,Sofa,TRUE,1,Koshi region,10,Sunsari,4,419,12,30,FALSE,0.02,Literate
341061,Yamuna K.C.,Woman,46,5/3/2036,Independent,Mouse,TRUE,1,Koshi region,10,Sunsari,4,420,11,31,FALSE,0.01,12 ???
342404,Full Kumari Khan,Woman,56,10/21/2026,Independent,Scissors,TRUE,1,Koshi region,10,Sunsari,4,421,4,32,FALSE,0.01,???????
342181,Budheshwar Yadav,Male,53,9/5/2029,Independent,Stool,TRUE,1,Koshi region,10,Sunsari,4,422,4,33,FALSE,0.01,???????? ?????????? ??
341534,Prakash Singh Karki,Male,62,7/22/2020,Nepali Congress,Tree,FALSE,1,Koshi region,11,Solukhumbu,1,423,13166,1,TRUE,34.14,Plus 2 / Higher Secondary
341788,Ashim Rai,Male,42,8/5/2040,Nepali Communist Party,five-pointed star,FALSE,1,Koshi region,11,Solukhumbu,1,424,9414,2,FALSE,24.41,??????
340324,Kalpana Rai,Woman,37,7/16/2045,Communist Party of Nepal (Unified Marxist-Leninist),Sun,FALSE,1,Koshi region,11,Solukhumbu,1,425,8228,3,FALSE,21.33,Unknown
340888,Rishi Dhan Thulungrai,Male,44,4/29/2038,National Independence Party,Bell,FALSE,1,Koshi region,11,Solukhumbu,1,426,3642,4,FALSE,9.44,???? ??
340116,Vyas Rai,Male,42,11/29/2039,Labor Culture Party,The soil in Anjuli,FALSE,1,Koshi region,11,Solukhumbu,1,427,3363,5,FALSE,8.72,Unknown
339638,Pemba Chiri Sherpa,Male,29,3/19/2053,Ujjaya Nepal Party,A burning electric lamp,FALSE,1,Koshi region,11,Solukhumbu,1,428,278,6,FALSE,0.72,Plus 2 / Higher Secondary
340018,Lakpa Sherpa,Male,44,7/15/2038,"Janata Samajwadi Party, Nepal",A tilted umbrella,FALSE,1,Koshi region,11,Solukhumbu,1,429,203,7,FALSE,0.53,Unknown
340592,Rajendra Vasnet,Male,37,7/25/2045,National Democratic Party,Plow,FALSE,1,Koshi region,11,Solukhumbu,1,430,157,8,FALSE,0.41,Plus 2 / Higher Secondary
342208,Gunaraj F. Bhattarai,Male,36,6/6/2046,Aam Janata Party (Single Election Symbol),Mobile,FALSE,1,Koshi region,11,Solukhumbu,1,431,41,9,FALSE,0.11,Plus 2 / Higher Secondary
339360,Man Kumar Gurung,Male,63,11/17/2019,Mongol National Organization,Rooster,FALSE,1,Koshi region,11,Solukhumbu,1,432,34,10,FALSE,0.09,????????
339738,Kamal Bahadur Magar,Male,37,8/21/2045,Nepal Labor Farmers Party,Model,FALSE,1,Koshi region,11,Solukhumbu,1,433,31,11,FALSE,0.08,Plus 2 / Higher Secondary
341248,Shreedhwaj Tamang,Male,48,10/1/2034,Friendship Party Nepal,Horse,FALSE,1,Koshi region,11,Solukhumbu,1,434,9,12,FALSE,0.02,????????
339964,Aren Rai,Male,29,6/8/2053,Labor Culture Party,The soil in Anjuli,FALSE,1,Koshi region,12,Khotang,1,435,16612,1,TRUE,28.33,Plus 2 / Higher Secondary
340043,Dev Vikram Rai,Male,56,3/22/2026,Communist Party of Nepal (Unified Marxist-Leninist),Sun,FALSE,1,Koshi region,12,Khotang,1,436,12714,2,FALSE,21.68,???.?. (???????????)
341644,Veer Kazi Rai,Male,51,1/15/2031,Nepali Congress,Tree,FALSE,1,Koshi region,12,Khotang,1,437,11957,3,FALSE,20.39,Unknown
340262,Hari Roka,Male,67,6/15/2015,Nepali Communist Party,five-pointed star,FALSE,1,Koshi region,12,Khotang,1,438,9443,4,FALSE,16.1,??????????
340918,Rudra Giri,Male,54,8/24/2028,National Independence Party,Bell,FALSE,1,Koshi region,12,Khotang,1,439,5704,5,FALSE,9.73,?????? ???? ??
341217,Miresh Rai,Male,25,8/1/2057,National Change Party,Flute,FALSE,1,Koshi region,12,Khotang,1,440,947,6,FALSE,1.61,??.??
341376,Deepak Tamang,Male,43,11/12/2039,National Democratic Party,Plow,FALSE,1,Koshi region,12,Khotang,1,441,477,7,FALSE,0.81,Unknown
340862,Rakesh Rai,Male,60,1/14/2022,Janata Samajwadi Party (single election symbol),Millstone,FALSE,1,Koshi region,12,Khotang,1,442,337,8,FALSE,0.57,SLC
340424,Chandra Bahadur Budhathoki,Male,47,4/12/2035,Communist Party of Nepal (Maoist),A rose with two petals inside a circle.,FALSE,1,Koshi region,12,Khotang,1,443,182,9,FALSE,0.31,?????? ??
340364,Sunil Chamling,Male,40,1/15/2042,"Janata Samajwadi Party, Nepal",A tilted umbrella,FALSE,1,Koshi region,12,Khotang,1,444,111,10,FALSE,0.19,SLC
341259,Tilak Chandra Rai,Male,42,11/13/2040,Independent,Scissors,TRUE,1,Koshi region,12,Khotang,1,445,43,11,FALSE,0.07,SLC
340584,Prayag Rai,Male,35,6/17/2047,Mongol National Organization,Rooster,FALSE,1,Koshi region,12,Khotang,1,446,32,12,FALSE,0.05,???????? ??
341731,Raj Kumar Rai,Male,63,4/5/2019,Independent,Round,TRUE,1,Koshi region,12,Khotang,1,447,27,13,FALSE,0.05,??.??.??.
339609,Dhyan Prasad Dhakal,Male,53,2029.03.14,Nepal Labor Farmers Party,Model,FALSE,1,Koshi region,12,Khotang,1,448,26,14,FALSE,0.04,??.??.??.
341463,Keshar Mann Chamling,Male,47,4/9/2035,Friendship Party Nepal,Horse,FALSE,1,Koshi region,12,Khotang,1,449,26,15,FALSE,0.04,??.??.??.
339838,Bishwa Raj Pokharel,Male,59,4/20/2023,National Independence Party,Bell,FALSE,1,Koshi region,13,Okhaldhunga,1,450,13953,1,TRUE,25.12,??. ?.
341555,Kumar Luitel,Male,52,6/15/2030,Nepali Congress,Tree,FALSE,1,Koshi region,13,Okhaldhunga,1,451,13948,2,FALSE,25.12,Masters
342143,Ambir Babu Gurung,Male,60,9/17/2022,Nepali Communist Party,five-pointed star,FALSE,1,Koshi region,13,Okhaldhunga,1,452,11296,3,FALSE,20.34,SLC
340598,Asmita Thapa,Woman,30,3/6/2052,Communist Party of Nepal (Unified Marxist-Leninist),Sun,FALSE,1,Koshi region,13,Okhaldhunga,1,453,10720,4,FALSE,19.3,Bachelor
341111,Uddhav Kumar Rai,Male,41,3/8/2041,Labor Culture Party,The soil in Anjuli,FALSE,1,Koshi region,13,Okhaldhunga,1,454,3858,5,FALSE,6.95,?????????????? ????????????
340812,Kishori Karki,Woman,26,11/3/2056,Ujjaya Nepal Party,A burning electric lamp,FALSE,1,Koshi region,13,Okhaldhunga,1,455,965,6,FALSE,1.74,Bachelor
340187,Vajendra Rai,Male,45,8/9/2037,Mongol National Organization,Rooster,FALSE,1,Koshi region,13,Okhaldhunga,1,456,223,7,FALSE,0.4,SLC
341342,Dick Prasad Bastola,Male,53,3/2/2029,National Democratic Party,Plow,FALSE,1,Koshi region,13,Okhaldhunga,1,457,178,8,FALSE,0.32,??. ?.
342401,Pinky Rai (Begu Ram Rai),Other,32,1/5/2050,Inclusive Socialist Party,Srivatsa is a symbol of prosperity.,FALSE,1,Koshi region,13,Okhaldhunga,1,458,100,9,FALSE,0.18,SLC
341898,Netra Bahadur Nemwang,Male,48,1/25/2034,Janata Samajwadi Party (single election symbol),Millstone,FALSE,1,Koshi region,13,Okhaldhunga,1,459,92,10,FALSE,0.17,??+?
340673,Sher Bahadur Khatri,Male,80,3/10/2002,National People's Front,Glass,FALSE,1,Koshi region,13,Okhaldhunga,1,460,62,11,FALSE,0.11,SLC
339634,Bikram Dahal,Male,34,7/21/2048,Independent,Camera,TRUE,1,Koshi region,13,Okhaldhunga,1,461,53,12,FALSE,0.1,Masters
339406,Savina Prajapati,Woman,52,1/10/2030,Nepal Labor Farmers Party,Model,FALSE,1,Koshi region,13,Okhaldhunga,1,462,40,13,FALSE,0.07,?? ??
342636,Kumar Bahadur Lama,Male,60,6/15/2022,Friendship Party Nepal,Horse,FALSE,1,Koshi region,13,Okhaldhunga,1,463,29,14,FALSE,0.05,? ????? ???
342604,Narayan Kazi Tamang,Male,56,8/15/2026,Independent,Scissors,TRUE,1,Koshi region,13,Okhaldhunga,1,464,18,15,FALSE,0.03,??. ?.
341485,Parash Mani Gelal,Male,40,1/10/2042,National Independence Party,Bell,FALSE,1,Koshi region,14,Udaipur,1,465,30590,1,TRUE,41.38,Masters
340152,Rajesh Kumar Rai,Male,43,7/8/2039,Labor Culture Party,The soil in Anjuli,FALSE,1,Koshi region,14,Udaipur,1,466,11606,2,FALSE,15.7,Plus 2 / Higher Secondary
340831,Bal Dev Chaudhary,Male,57,1/1/2025,Nepali Communist Party,five-pointed star,FALSE,1,Koshi region,14,Udaipur,1,467,10021,3,FALSE,13.56,BL
341310,Vidur Vasnet,Male,69,12/12/2012,Nepali Congress,Tree,FALSE,1,Koshi region,14,Udaipur,1,468,9675,4,FALSE,13.09,Bachelor
340070,Durga Kumar Thapa,Male,60,10/29/2022,Communist Party of Nepal (Unified Marxist-Leninist),Sun,FALSE,1,Koshi region,14,Udaipur,1,469,9206,5,FALSE,12.45,Masters
339844,Subhas Chandra Khadka,Male,45,8/1/2037,National Democratic Party,Plow,FALSE,1,Koshi region,14,Udaipur,1,470,941,6,FALSE,1.27,Plus 2 / Higher Secondary
340729,Ganesh Kumar Rai,Male,53,11/15/2029,Janata Samajwadi Party (single election symbol),Millstone,FALSE,1,Koshi region,14,Udaipur,1,471,597,7,FALSE,0.81,Literate
342045,Arjun Tamang,Male,61,7/1/2021,Ujjaya Nepal Party,A burning electric lamp,FALSE,1,Koshi region,14,Udaipur,1,472,564,8,FALSE,0.76,??.?.
341422,Badri Vikram Rai,Male,47,3/20/2035,Mongol National Organization,Rooster,FALSE,1,Koshi region,14,Udaipur,1,473,120,9,FALSE,0.16,SLC
341582,Amrit Bahadur Khatri,Male,43,9/5/2039,Communist Party of Nepal (Maoist),A rose with two petals inside a circle.,FALSE,1,Koshi region,14,Udaipur,1,474,112,10,FALSE,0.15,SLC
341650,Suresh Rai,Male,54,10/18/2028,United Citizens Party,Guitar,FALSE,1,Koshi region,14,Udaipur,1,475,101,11,FALSE,0.14,?? ???
340411,Kusheshwar Chaudhary,Male,45,12/24/2036,Nepali Janata Dal,Whistle,FALSE,1,Koshi region,14,Udaipur,1,476,85,12,FALSE,0.11,SLC
339766,Devaraj stopped,Male,53,2/15/2029,Independent,Round,TRUE,1,Koshi region,14,Udaipur,1,477,83,13,FALSE,0.11,??.??.??.
340024,Manoj Kumar Poudel,Male,44,5/15/2038,Aam Janata Party (Single Election Symbol),Mobile,FALSE,1,Koshi region,14,Udaipur,1,478,49,14,FALSE,0.07,Bachelor
339504,Vishnu Bahadur Khatri,Male,47,4/25/2035,Nepal Labor Farmers Party,Model,FALSE,1,Koshi region,14,Udaipur,1,479,48,15,FALSE,0.06,??. ?.
341937,Lil Kumar Rai,Male,47,12/26/2034,National People's Front,Glass,FALSE,1,Koshi region,14,Udaipur,1,480,44,16,FALSE,0.06,Bachelor
340301,Prashant Kumar Rai,Male,59,2/28/2023,Citizen Supremacy Party Nepal (single election symbol),A lion with a jaguar,FALSE,1,Koshi region,14,Udaipur,1,481,44,17,FALSE,0.06,Bachelor
339929,Gokarna Rai,Male,63,4/1/2019,Nepal Janmukti Party,Home,FALSE,1,Koshi region,14,Udaipur,1,482,30,18,FALSE,0.04,?? ???
341674,Surya Bahadur Tamang,Male,41,10/10/2041,National Independence Party,Bell,FALSE,1,Koshi region,14,Udaipur,2,483,14802,1,TRUE,36.32,Unknown
339923,Amwar Bahadur Rayamazhi,Male,56,2/2/2026,Communist Party of Nepal (Unified Marxist-Leninist),Sun,FALSE,1,Koshi region,14,Udaipur,2,484,7648,2,FALSE,18.77,Unknown
340970,Ram Kumar Rai,Male,53,12/2/2028,Nepali Congress,Tree,FALSE,1,Koshi region,14,Udaipur,2,485,7290,3,FALSE,17.89,Unknown
340225,Suresh Kumar Rai,Male,50,10/22/2032,Nepali Communist Party,five-pointed star,FALSE,1,Koshi region,14,Udaipur,2,486,5197,4,FALSE,12.75,Unknown
340503,Walraj Rai,Male,41,1/2/2041,Labor Culture Party,The soil in Anjuli,FALSE,1,Koshi region,14,Udaipur,2,487,4139,5,FALSE,10.16,Unknown
339520,Arun Rai,Male,26,2/5/2056,National Change Party,Flute,FALSE,1,Koshi region,14,Udaipur,2,488,607,6,FALSE,1.49,Unknown
339385,Bhaskar Rai,Male,41,9/28/2041,Mongol National Organization,Rooster,FALSE,1,Koshi region,14,Udaipur,2,489,383,7,FALSE,0.94,Unknown
339453,Vishnu Bahadur Khadka,Male,66,6/19/2016,National Democratic Party,Plow,FALSE,1,Koshi region,14,Udaipur,2,490,220,8,FALSE,0.54,Unknown
340793,Durga Bahadur Tamang,Male,33,5/12/2049,Communist Party of Nepal (Maoist),A rose with two petals inside a circle.,FALSE,1,Koshi region,14,Udaipur,2,491,152,9,FALSE,0.37,Unknown
340890,Keshav Bahadur Magar,Male,53,2/4/2029,Janata Samajwadi Party (single election symbol),Millstone,FALSE,1,Koshi region,14,Udaipur,2,492,103,10,FALSE,0.25,Unknown
342072,Major Kumar Rai,Male,43,1/8/2039,Independent,Sparrow,TRUE,1,Koshi region,14,Udaipur,2,493,90,11,FALSE,0.22,Unknown
339784,Bam Bahadur Magar,Male,38,5/15/2044,Aam Janata Party (Single Election Symbol),Mobile,FALSE,1,Koshi region,14,Udaipur,2,494,85,12,FALSE,0.21,Unknown
339356,Brave old man,Male,41,11/15/2041,Nepal Labor Farmers Party,Model,FALSE,1,Koshi region,14,Udaipur,2,495,40,13,FALSE,0.1,Unknown
341238,Pushpa Kumari Chaudhary,Woman,36,8/5/2046,National Independence Party,Bell,FALSE,2,Madhesh Pradesh,15,Saptari,1,496,38195,1,TRUE,53.55,Unknown
339850,Sumit Kumar -,Male,48,7/29/2034,Swabhiman Party,Figure of a woman carrying crops,FALSE,2,Madhesh Pradesh,15,Saptari,1,497,7847,2,FALSE,11,Unknown
340346,Suman Raj Pyakurel,Male,67,12/17/2014,Communist Party of Nepal (Unified Marxist-Leninist),Sun,FALSE,2,Madhesh Pradesh,15,Saptari,1,498,7652,3,FALSE,10.73,Unknown
341170,Ramdev Sah (Teli),Male,66,3/25/2016,Nepali Congress,Tree,FALSE,2,Madhesh Pradesh,15,Saptari,1,499,6994,4,FALSE,9.81,Unknown
342037,Jai Kant Raut,Male,53,8/11/2029,Public opinion party,Loudspeaker,FALSE,2,Madhesh Pradesh,15,Saptari,1,500,4833,5,FALSE,6.78,Unknown
340882,Shyam Sundar Sardar,Male,42,1/5/2040,"Janata Samajwadi Party, Nepal",A tilted umbrella,FALSE,2,Madhesh Pradesh,15,Saptari,1,501,2558,6,FALSE,3.59,Unknown
342797,Ravindra Chaudhary,Male,64,4/9/2018,Nepali Communist Party,five-pointed star,FALSE,2,Madhesh Pradesh,15,Saptari,1,502,1626,7,FALSE,2.28,Unknown
339346,Satyajit Kumar Jha,Male,45,10/19/2037,National Democratic Party,Plow,FALSE,2,Madhesh Pradesh,15,Saptari,1,503,422,8,FALSE,0.59,Unknown
340781,Harkh Narayan Chaudhary,Male,46,10/1/2036,Ujjaya Nepal Party,A burning electric lamp,FALSE,2,Madhesh Pradesh,15,Saptari,1,504,289,9,FALSE,0.41,Unknown
340589,Khem Raj Jaishi,Male,44,1/28/2038,Nepal People's Protection Party,Head,FALSE,2,Madhesh Pradesh,15,Saptari,1,505,218,10,FALSE,0.31,Unknown
339465,Dipendra Prasad Yadav,Male,44,2038.04.30,Nepal Janata Party,Lotus flower,FALSE,2,Madhesh Pradesh,15,Saptari,1,506,203,11,FALSE,0.28,Unknown
341448,Jagdev always,Male,40,8/4/2042,Independent,Spray,TRUE,2,Madhesh Pradesh,15,Saptari,1,507,147,12,FALSE,0.21,Unknown
341782,Shambhu Prasad Dev,Male,60,3/13/2022,National Unity Party,"Tulsi, monastery",FALSE,2,Madhesh Pradesh,15,Saptari,1,508,134,13,FALSE,0.19,Unknown
340691,Tikalakshmi Narayan Chaudhary,Woman,41,5/11/2041,"Civil Liberties Party, Nepal (single election symbol)",Millstone,FALSE,2,Madhesh Pradesh,15,Saptari,1,509,75,14,FALSE,0.11,Unknown
341612,Kaushal Sah,Male,31,11/3/2051,Aam Janata Party (Single Election Symbol),Mobile,FALSE,2,Madhesh Pradesh,15,Saptari,1,510,40,15,FALSE,0.06,Unknown
342120,Mo Amin,Male,49,10/11/2033,Independent,Round,TRUE,2,Madhesh Pradesh,15,Saptari,1,511,25,16,FALSE,0.04,Unknown
341850,Rizwana Khatun,Woman,48,6/15/2034,Independent,Hazari,TRUE,2,Madhesh Pradesh,15,Saptari,1,512,20,17,FALSE,0.03,Unknown
340064,Sanjay Kumar Sharma,Male,32,6/21/2050,Independent,Saw,TRUE,2,Madhesh Pradesh,15,Saptari,1,513,16,18,FALSE,0.02,Unknown
341008,Good Goddess Sada,Woman,52,1/20/2030,Independent,Rickshaw,TRUE,2,Madhesh Pradesh,15,Saptari,1,514,13,19,FALSE,0.02,Unknown
340284,Lekhnath Kumar Thakur,Male,39,7/23/2043,Independent,Gas stove,TRUE,2,Madhesh Pradesh,15,Saptari,1,515,9,20,FALSE,0.01,Unknown
342366,Ram Kumari Khang,Woman,25,1/2/2057,Independent,Camera,TRUE,2,Madhesh Pradesh,15,Saptari,1,516,8,21,FALSE,0.01,Unknown
339852,Ramji Yadav,Male,30,7/26/2052,National Independence Party,Bell,FALSE,2,Madhesh Pradesh,15,Saptari,2,517,28404,1,TRUE,45.24,Bachelor
339376,Umesh Kumar Yadav,Male,55,6/15/2027,"Janata Samajwadi Party, Nepal",A tilted umbrella,FALSE,2,Madhesh Pradesh,15,Saptari,2,518,14263,2,FALSE,22.72,??.?
342002,Chandra Kant Raut,Male,48,5/15/2034,Public opinion party,Loudspeaker,FALSE,2,Madhesh Pradesh,15,Saptari,2,519,9880,3,FALSE,15.74,P.hd
341143,Satish Kumar Singh,Male,43,8/15/2039,Swabhiman Party,Figure of a woman carrying crops,FALSE,2,Madhesh Pradesh,15,Saptari,2,520,3557,4,FALSE,5.67,Bachelor
341231,Ram Kumar Yadav,Male,56,2/17/2026,Nepali Congress,Tree,FALSE,2,Madhesh Pradesh,15,Saptari,2,521,2498,5,FALSE,3.98,Plus 2 / Higher Secondary
341531,Afroz Alam,Male,42,11/12/2040,Nation Building Party Nepal,Water bottle inside a circle,FALSE,2,Madhesh Pradesh,15,Saptari,2,522,1120,6,FALSE,1.78,SLC
340664,Mohammad Ziaul Rehman,Male,33,5/10/2049,Communist Party of Nepal (Unified Marxist-Leninist),Sun,FALSE,2,Madhesh Pradesh,15,Saptari,2,523,883,7,FALSE,1.41,Master
340980,Suryanath Prasad Yadav,Male,47,3/16/2035,Nepali Communist Party,five-pointed star,FALSE,2,Madhesh Pradesh,15,Saptari,2,524,426,8,FALSE,0.68,Plus 2 / Higher Secondary
340304,Ajay Kumar Das,Male,27,9/18/2055,National Democratic Party,Plow,FALSE,2,Madhesh Pradesh,15,Saptari,2,525,374,9,FALSE,0.6,Plus 2 / Higher Secondary
339628,Ranju Kumari Jha (Thakur),Woman,60,5/22/2022,Nepal Janata Party,Lotus flower,FALSE,2,Madhesh Pradesh,15,Saptari,2,526,240,10,FALSE,0.38,ma
339704,Deepak Chaudhary,Male,53,1/1/2029,Ujjaya Nepal Party,A burning electric lamp,FALSE,2,Madhesh Pradesh,15,Saptari,2,527,224,11,FALSE,0.36,P.hd
341078,Anish Ansari,Male,72,10/11/2010,National Liberation Party Nepal (single election symbol),Millstone,FALSE,2,Madhesh Pradesh,15,Saptari,2,528,210,12,FALSE,0.33,Unknown
342074,Tribhuvan Khang,Male,58,5/30/2024,Labor Culture Party,The soil in Anjuli,FALSE,2,Madhesh Pradesh,15,Saptari,2,529,91,13,FALSE,0.14,Unknown
339457,Neelam Kumari Yadav,Woman,25,1/1/2057,Nepal Labor Farmers Party,Model,FALSE,2,Madhesh Pradesh,15,Saptari,2,530,90,14,FALSE,0.14,+?
340464,Sharad Singh Yadav,Male,54,8/6/2028,People's Rights Party,Boat,FALSE,2,Madhesh Pradesh,15,Saptari,2,531,81,15,FALSE,0.13,Bachelor
341291,Santosh Kumar Rajak,Male,45,4/13/2037,Independent,Telescope,TRUE,2,Madhesh Pradesh,15,Saptari,2,532,66,16,FALSE,0.11,Unknown
341389,Indrasagar Gupta,Male,49,8/10/2033,Nepali Party for Nepal,Conch inside a sphere,FALSE,2,Madhesh Pradesh,15,Saptari,2,533,63,17,FALSE,0.1,Unknown
342148,Deepak Kumar Mandal,Male,33,5/18/2049,Sovereign Citizens Party,A 24-knuckle wheel inside a dark blue circle,FALSE,2,Madhesh Pradesh,15,Saptari,2,534,58,18,FALSE,0.09,Unknown
340597,Visheshwar Yadav,Male,34,4/5/2048,Independent,Ink,TRUE,2,Madhesh Pradesh,15,Saptari,2,535,33,19,FALSE,0.05,SLC
339602,Valram Prasad Yadav,Male,57,12/21/2024,"People's Democratic Party, Nepal",Buffalo,FALSE,2,Madhesh Pradesh,15,Saptari,2,536,29,20,FALSE,0.05,Unknown
339655,Sunil Raj Das,Male,32,11/30/2049,Aam Janata Party (Single Election Symbol),Mobile,FALSE,2,Madhesh Pradesh,15,Saptari,2,537,26,21,FALSE,0.04,??.?
341429,Vinodhanand Jha,Male,68,9/13/2014,Independent,Rickshaw,TRUE,2,Madhesh Pradesh,15,Saptari,2,538,25,22,FALSE,0.04,Unknown
339511,Raj Kumar Mandal,Male,48,1/16/2034,Nepal Federal Socialist Party (single election symbol),Bus,FALSE,2,Madhesh Pradesh,15,Saptari,2,539,23,23,FALSE,0.04,??.??.??
340126,Jitendra Kumar Yadav,Male,30,5/10/2052,Independent,Syringe,TRUE,2,Madhesh Pradesh,15,Saptari,2,540,22,24,FALSE,0.04,Bachelor
340412,Parashmani Yadav,Male,29,2/1/2053,Independent,Helmet,TRUE,2,Madhesh Pradesh,15,Saptari,2,541,20,25,FALSE,0.03,Plus 2 / Higher Secondary
341584,Ram Bilas Thakur,Male,64,2/7/2018,Independent,Round,TRUE,2,Madhesh Pradesh,15,Saptari,2,542,13,26,FALSE,0.02,Unknown
342323,Bindu Kumari Chaudhary,Woman,47,11/27/2034,Independent,Squirrel,TRUE,2,Madhesh Pradesh,15,Saptari,2,543,13,27,FALSE,0.02,Unknown
341666,Kisundev Rama,Male,55,8/7/2027,Independent,Cauliflower,TRUE,2,Madhesh Pradesh,15,Saptari,2,544,12,28,FALSE,0.02,Unknown
341880,Amvika Goddess Safi,Woman,36,1/18/2046,Independent,Mango,TRUE,2,Madhesh Pradesh,15,Saptari,2,545,11,29,FALSE,0.02,Unknown
339917,Prem Kumar Yadav,Male,35,9/11/2047,Independent,Cap,TRUE,2,Madhesh Pradesh,15,Saptari,2,546,9,30,FALSE,0.01,H.A
341488,Sushila Kumari Sah,Woman,32,1/18/2050,Independent,Triangle,TRUE,2,Madhesh Pradesh,15,Saptari,2,547,9,31,FALSE,0.01,Unknown
342275,Sadhana Das,Woman,65,12/2/2016,Independent,Coconut,TRUE,2,Madhesh Pradesh,15,Saptari,2,548,4,32,FALSE,0.01,Unknown
341331,Sanjay Kumar Chaudhary,Male,29,3/15/2053,Independent,Bag,TRUE,2,Madhesh Pradesh,15,Saptari,2,549,4,33,FALSE,0.01,Unknown
341946,Abhinash Kumar Singh,Male,33,3/10/2049,Independent,Calculator,TRUE,2,Madhesh Pradesh,15,Saptari,2,550,2,34,FALSE,0,Unknown
341099,Amar Kant Chaudhary,Male,44,8/1/2038,National Independence Party,Bell,FALSE,2,Madhesh Pradesh,15,Saptari,3,551,32875,1,TRUE,47.44,Bachelor
340917,Upendra Yadav,Male,65,9/25/2017,"Janata Samajwadi Party, Nepal",A tilted umbrella,FALSE,2,Madhesh Pradesh,15,Saptari,3,552,15239,2,FALSE,21.99,Masters
339812,Dinesh Kumar Yadav,Male,65,8/5/2017,Nepali Congress,Tree,FALSE,2,Madhesh Pradesh,15,Saptari,3,553,8428,3,FALSE,12.16,Unknown
340599,Tarakant Chaudhary,Male,60,3/2/2022,Communist Party of Nepal (Unified Marxist-Leninist),Sun,FALSE,2,Madhesh Pradesh,15,Saptari,3,554,6715,4,FALSE,9.69,???????? ?????????? ??
339942,Surendra Prasad Sharma,Male,46,6/28/2036,Public opinion party,Loudspeaker,FALSE,2,Madhesh Pradesh,15,Saptari,3,555,2869,5,FALSE,4.14,Bachelor
340561,Arun Kumar Sah,Male,42,12/25/2039,Nepali Communist Party,five-pointed star,FALSE,2,Madhesh Pradesh,15,Saptari,3,556,1635,6,FALSE,2.36,Bachelor
339528,Candidate Prasad Sahu,Male,67,5/4/2015,National Democratic Party,Plow,FALSE,2,Madhesh Pradesh,15,Saptari,3,557,556,7,FALSE,0.8,Unknown
340265,Lord Lal Sah,Male,47,7/9/2035,Ujjaya Nepal Party,A burning electric lamp,FALSE,2,Madhesh Pradesh,15,Saptari,3,558,212,8,FALSE,0.31,?? ?? ??
341594,Dhanik Lal Chaudhary,Male,53,8/2/2029,Aam Janata Party (Single Election Symbol),Mobile,FALSE,2,Madhesh Pradesh,15,Saptari,3,559,188,9,FALSE,0.27,?? ?? ??
340962,Santosh Kumar Chaman,Male,47,2/15/2035,Nepal Janata Party,Lotus flower,FALSE,2,Madhesh Pradesh,15,Saptari,3,560,168,10,FALSE,0.24,Unknown
342463,Jai Narayan Mandal,Male,54,6/20/2028,Labor Culture Party,The soil in Anjuli,FALSE,2,Madhesh Pradesh,15,Saptari,3,561,108,11,FALSE,0.16,???????? ?????? ???? ??
340421,Gajendra Kumar Mandal,Male,46,1/15/2036,National Liberation Party Nepal (single election symbol),Millstone,FALSE,2,Madhesh Pradesh,15,Saptari,3,562,71,12,FALSE,0.1,???????? ?????? ???? ??
339357,Prabhu Prasad Sah,Male,61,4/17/2021,Nepal Labor Farmers Party,Model,FALSE,2,Madhesh Pradesh,15,Saptari,3,563,67,13,FALSE,0.1,Unknown
340814,Sarita Kumari Yadav,Woman,34,11/25/2047,Independent,Nut bolt,TRUE,2,Madhesh Pradesh,15,Saptari,3,564,44,14,FALSE,0.06,???????? ?????? ???? ??
341159,Mahadev Ram,Male,52,1/3/2030,Bahujan Ekta Party Nepal (single election symbol),Bus,FALSE,2,Madhesh Pradesh,15,Saptari,3,565,40,15,FALSE,0.06,Literate
340727,Kosila Devi Paswan,Woman,65,1/5/2017,Independent,Fan,TRUE,2,Madhesh Pradesh,15,Saptari,3,566,21,16,FALSE,0.03,Literate
341125,Hari Narayan Pasman,Male,47,12/15/2034,Independent,Dhikhi,TRUE,2,Madhesh Pradesh,15,Saptari,3,567,18,17,FALSE,0.03,?? ?? ??
342044,Kaushal Kumari Chaudhary,Woman,47,2/4/2035,Independent,Squirrel,TRUE,2,Madhesh Pradesh,15,Saptari,3,568,17,18,FALSE,0.02,?? ?? ??
340792,Duvi Lal Yadav,Male,59,7/27/2023,Independent,Jeep,TRUE,2,Madhesh Pradesh,15,Saptari,3,569,11,19,FALSE,0.02,Unknown
341294,Prabhu Narayan Chaudhary,Male,42,9/18/2040,Independent,Cylinder and wheel,TRUE,2,Madhesh Pradesh,15,Saptari,3,570,8,20,FALSE,0.01,Plus 2 / Higher Secondary
340859,Razia Devi Sada,Woman,62,2/15/2020,Independent,Mango,TRUE,2,Madhesh Pradesh,15,Saptari,3,571,4,21,FALSE,0.01,Literate
341669,Om Prakash Vishwakarma,Male,49,9/27/2033,Independent,Scissors,TRUE,2,Madhesh Pradesh,15,Saptari,3,572,2,22,FALSE,0,Plus 2 / Higher Secondary
341103,Sitaram Sah,Male,65,10/15/2017,National Independence Party,Bell,FALSE,2,Madhesh Pradesh,15,Saptari,4,573,36412,1,TRUE,54.92,I.sc Forestory
340625,Teju Lal Chaudhary,Male,63,6/14/2019,Nepali Congress,Tree,FALSE,2,Madhesh Pradesh,15,Saptari,4,574,13103,2,FALSE,19.76,Masters
340112,Left lion,Woman,43,6/10/2039,"Janata Samajwadi Party, Nepal",A tilted umbrella,FALSE,2,Madhesh Pradesh,15,Saptari,4,575,10280,3,FALSE,15.5,???????????? (??.??.??)
339323,Ruby Kumari Karna,Woman,44,3/22/2038,Nepali Communist Party,five-pointed star,FALSE,2,Madhesh Pradesh,15,Saptari,4,576,1709,4,FALSE,2.58,Bachelor
341334,Ganga Prasad Chaudhary,Male,63,2/17/2019,Communist Party of Nepal (Unified Marxist-Leninist),Sun,FALSE,2,Madhesh Pradesh,15,Saptari,4,577,1177,5,FALSE,1.78,??. ?.
341001,Jitendra Kumar Sah,Male,43,3/21/2039,Public opinion party,Loudspeaker,FALSE,2,Madhesh Pradesh,15,Saptari,4,578,995,6,FALSE,1.5,??.??
342341,Rama Kant Chaudhary,Male,54,5/30/2028,"Civil Liberties Party, Nepal (single election symbol)",Millstone,FALSE,2,Madhesh Pradesh,15,Saptari,4,579,550,7,FALSE,0.83,B.COM
342111,Vinod Kumar Mandal,Male,41,7/10/2041,Independent,Chessgoti,TRUE,2,Madhesh Pradesh,15,Saptari,4,580,544,8,FALSE,0.82,????
341912,Mo. Zakir Ali,Male,54,7/13/2028,Nation Building Party Nepal,Water bottle inside a circle,FALSE,2,Madhesh Pradesh,15,Saptari,4,581,385,9,FALSE,0.58,ISC
340932,Roop Kumar Neupane,Male,64,1/1/2018,National Democratic Party,Plow,FALSE,2,Madhesh Pradesh,15,Saptari,4,582,382,10,FALSE,0.58,?????? ?? BA
340739,Visho Kumar Yadav,Male,35,8/2/2047,Ujjaya Nepal Party,A burning electric lamp,FALSE,2,Madhesh Pradesh,15,Saptari,4,583,182,11,FALSE,0.27,???? ?? ???
339632,Kosala Kishore Das,Male,39,11/5/2043,Nepal Janata Party,Lotus flower,FALSE,2,Madhesh Pradesh,15,Saptari,4,584,175,12,FALSE,0.26,?? ???
342004,Anita Kumari Chaudhary,Woman,34,5/10/2048,Aam Janata Party (Single Election Symbol),Mobile,FALSE,2,Madhesh Pradesh,15,Saptari,4,585,111,13,FALSE,0.17,???????? ??????????
340314,Santosh Prasad Singh,Male,52,1/25/2030,Independent,Badminton Cork,TRUE,2,Madhesh Pradesh,15,Saptari,4,586,107,14,FALSE,0.16,?? ??
341771,Ramwavu Rajak,Male,42,12/29/2039,Nepali Janata Dal,Whistle,FALSE,2,Madhesh Pradesh,15,Saptari,4,587,57,15,FALSE,0.09,???? ??
341961,Shiv Kumar Kapair,Male,33,2/5/2049,Independent,Forged,TRUE,2,Madhesh Pradesh,15,Saptari,4,588,27,16,FALSE,0.04,?? ?? ??
341870,Sanjeev Kumar Sah,Male,47,5/15/2035,Independent,Violin,TRUE,2,Madhesh Pradesh,15,Saptari,4,589,26,17,FALSE,0.04,?? ?? ??
339752,Ram Narayan Shah,Male,56,11/5/2026,Nepal Labor Farmers Party,Model,FALSE,2,Madhesh Pradesh,15,Saptari,4,590,20,18,FALSE,0.03,Bachelor
341587,Shyamsunder Sahu,Male,62,4/20/2020,Independent,Cap,TRUE,2,Madhesh Pradesh,15,Saptari,4,591,13,19,FALSE,0.02,?????? ???? ??
340495,Rameshwar Mandal Dhanuk,Male,72,12/5/2009,Independent,Rickshaw,TRUE,2,Madhesh Pradesh,15,Saptari,4,592,11,20,FALSE,0.02,Literate
341192,Prem Kumari Mahara,Woman,40,1/17/2042,Independent,Dhikhi,TRUE,2,Madhesh Pradesh,15,Saptari,4,593,9,21,FALSE,0.01,SEE PASS
341222,Durga Prasad Yadav,Male,41,5/7/2041,Independent,Jeep,TRUE,2,Madhesh Pradesh,15,Saptari,4,594,8,22,FALSE,0.01,SLC PASS
340535,Sanam Kumari Chaudhary,Woman,29,11/1/2053,Independent,Camera,TRUE,2,Madhesh Pradesh,15,Saptari,4,595,7,23,FALSE,0.01,??.??.??.???
340426,Sunil Kumar Yadav,Male,46,8/15/2036,Independent,Cup and plate,TRUE,2,Madhesh Pradesh,15,Saptari,4,596,7,24,FALSE,0.01,SLC
341519,Keshwar Prasad Sah,Male,52,5/3/2030,Independent,Mango,TRUE,2,Madhesh Pradesh,15,Saptari,4,597,6,25,FALSE,0.01,SLC PASS
340556,Bablu Gupta,Male,28,4/7/2054,National Independence Party,Bell,FALSE,2,Madhesh Pradesh,16,Siraha,1,598,41322,1,TRUE,61.35,Bachelor
341756,Ram Sundar Chaudhary,Male,63,10/2/2019,Nepali Congress,Tree,FALSE,2,Madhesh Pradesh,16,Siraha,1,599,9784,2,FALSE,14.53,B.COM
341049,Ram Shankar Yadav,Male,64,6/14/2018,Communist Party of Nepal (Unified Marxist-Leninist),Sun,FALSE,2,Madhesh Pradesh,16,Siraha,1,600,7886,3,FALSE,11.71,?? ??
340818,Ramchandra Yadav,Male,64,7/7/2018,Nepali Communist Party,five-pointed star,FALSE,2,Madhesh Pradesh,16,Siraha,1,601,2853,4,FALSE,4.24,???????? ??
340996,Satya Narayan Yadav,Male,55,7/27/2027,"Janata Samajwadi Party, Nepal",A tilted umbrella,FALSE,2,Madhesh Pradesh,16,Siraha,1,602,2285,5,FALSE,3.39,SLC
342123,Ram Swaroop Chaudhary,Male,67,3/19/2015,Public opinion party,Loudspeaker,FALSE,2,Madhesh Pradesh,16,Siraha,1,603,1589,6,FALSE,2.36,Masters
342546,Sanjeev Kumar Singh,Male,40,1/25/2042,Aam Janata Party (Single Election Symbol),Mobile,FALSE,2,Madhesh Pradesh,16,Siraha,1,604,346,7,FALSE,0.51,Plus 2 / Higher Secondary
339665,Basudev Sah,Male,54,1/1/2028,National Democratic Party,Plow,FALSE,2,Madhesh Pradesh,16,Siraha,1,605,236,8,FALSE,0.35,Literate
342566,Tara Kumari Chaudhary,Woman,44,12/2/2037,Ujjaya Nepal Party,A burning electric lamp,FALSE,2,Madhesh Pradesh,16,Siraha,1,606,214,9,FALSE,0.32,Bachelor
341546,Dr. Jivach Thakur,Male,43,5/6/2039,Labor Culture Party,The soil in Anjuli,FALSE,2,Madhesh Pradesh,16,Siraha,1,607,157,10,FALSE,0.23,MBBS
342494,Badri Narayan Chaudhary,Male,55,4/9/2027,Federal Democratic National Forum,Khukuri with a handle,FALSE,2,Madhesh Pradesh,16,Siraha,1,608,134,11,FALSE,0.2,Literate
342186,Santosh Silwal,Male,51,1/21/2031,Independent,Rickshaw,TRUE,2,Madhesh Pradesh,16,Siraha,1,609,122,12,FALSE,0.18,Bachelor
341147,Prayag Lal Yadav,Male,53,4/13/2029,Independent,Badminton Cork,TRUE,2,Madhesh Pradesh,16,Siraha,1,610,108,13,FALSE,0.16,Bachelor
342235,Ram Kumar Sah,Male,45,6/3/2037,Nepali Party for Nepal,Conch inside a sphere,FALSE,2,Madhesh Pradesh,16,Siraha,1,611,73,14,FALSE,0.11,7
339381,Syria Pasman,Male,56,3/18/2026,Nepal Labor Farmers Party,Model,FALSE,2,Madhesh Pradesh,16,Siraha,1,612,45,15,FALSE,0.07,8
341620,Prabeen Kumar Chaudhary,Male,48,3/21/2034,"Civil Liberties Party, Nepal (single election symbol)",Millstone,FALSE,2,Madhesh Pradesh,16,Siraha,1,613,33,16,FALSE,0.05,B.A. JMC
342269,Durga Prasad Mahato,Male,33,7/14/2049,Independent,Round,TRUE,2,Madhesh Pradesh,16,Siraha,1,614,24,17,FALSE,0.04,Certificate Level
340678,Pankaj Goswami,Male,35,10/13/2047,Independent,Ink,TRUE,2,Madhesh Pradesh,16,Siraha,1,615,21,18,FALSE,0.03,Bachelor
341493,Ashish Mahato,Male,27,7/25/2055,Independent,Triangle,TRUE,2,Madhesh Pradesh,16,Siraha,1,616,19,19,FALSE,0.03,BE CIVIL
342311,Ram Kumar Mahato,Male,38,3/4/2044,Independent,Bag,TRUE,2,Madhesh Pradesh,16,Siraha,1,617,16,20,FALSE,0.02,Bachelor
341690,Annad Kumar Yadav,Male,45,8/28/2037,Independent,Syringe,TRUE,2,Madhesh Pradesh,16,Siraha,1,618,12,21,FALSE,0.02,SLC
342000,Bhola Passman,Male,59,8/15/2023,Independent,Petrol pump,TRUE,2,Madhesh Pradesh,16,Siraha,1,619,11,22,FALSE,0.02,Literate
342659,Sulochana Kushmi,Woman,37,2/12/2045,Independent,Cauliflower,TRUE,2,Madhesh Pradesh,16,Siraha,1,620,10,23,FALSE,0.01,SLC
342519,Dinesh Pasman,Male,42,1/1/2040,Independent,Camera,TRUE,2,Madhesh Pradesh,16,Siraha,1,621,9,24,FALSE,0.01,SLC
341314,Ram Chander Yadav,Male,45,7/26/2037,Independent,Mango,TRUE,2,Madhesh Pradesh,16,Siraha,1,622,9,25,FALSE,0.01,???????? ?????? ????
341816,Ashish Lal Das,Male,28,12/15/2053,Independent,Cap,TRUE,2,Madhesh Pradesh,16,Siraha,1,623,7,26,FALSE,0.01,Bachelor
341401,Gambling circle,Male,41,6/21/2041,Independent,Cup and plate,TRUE,2,Madhesh Pradesh,16,Siraha,1,624,7,27,FALSE,0.01,Literate
342396,Indra Dev Mahato,Male,37,4/17/2045,Independent,Jeep,TRUE,2,Madhesh Pradesh,16,Siraha,1,625,5,28,FALSE,0.01,Plus 2 / Higher Secondary
341173,Nagendra Kumar Yadav,Male,36,10/14/2046,Independent,Helmet,TRUE,2,Madhesh Pradesh,16,Siraha,1,626,5,29,FALSE,0.01,?? ??
342075,Mr. Nand Safi Dhovi,Male,67,9/22/2015,Independent,Pressure cooker,TRUE,2,Madhesh Pradesh,16,Siraha,1,627,5,30,FALSE,0.01,SLC
342371,Waleshwar Das Tatma,Male,51,2/15/2031,Independent,Scissors,TRUE,2,Madhesh Pradesh,16,Siraha,1,628,4,31,FALSE,0.01,SLC
340795,Ramdev Thakur,Male,42,4/5/2040,Independent,Harmonium,TRUE,2,Madhesh Pradesh,16,Siraha,1,629,1,32,FALSE,0,SLC
341250,Shiv Shankar Yadav,Male,30,6/20/2052,National Independence Party,Bell,FALSE,2,Madhesh Pradesh,16,Siraha,2,630,39561,1,TRUE,56.81,Bachelor
340877,Ram Chandra Yadav,Male,54,3/27/2028,Nepali Congress,Tree,FALSE,2,Madhesh Pradesh,16,Siraha,2,631,12814,2,FALSE,18.4,SLC
341363,Naveen Kumar Yadav,Male,51,9/6/2031,Communist Party of Nepal (Unified Marxist-Leninist),Sun,FALSE,2,Madhesh Pradesh,16,Siraha,2,632,6713,3,FALSE,9.64,????????? ??????  ???? ??
340325,Mukti Narayan Singh,Male,50,6/5/2032,Nepali Communist Party,five-pointed star,FALSE,2,Madhesh Pradesh,16,Siraha,2,633,3680,4,FALSE,5.28,SLC
340477,Sanjeev Kumar Yadav,Male,39,11/14/2043,"Janata Samajwadi Party, Nepal",A tilted umbrella,FALSE,2,Madhesh Pradesh,16,Siraha,2,634,3087,5,FALSE,4.43,??.??
341069,Binod Kumar Yadav,Male,56,4/2/2026,Public opinion party,Loudspeaker,FALSE,2,Madhesh Pradesh,16,Siraha,2,635,2360,6,FALSE,3.39,Bachelor
340991,Kapleswar Yadav,Male,47,6/17/2035,Independent,Chessgoti,TRUE,2,Madhesh Pradesh,16,Siraha,2,636,349,7,FALSE,0.5,SLC
340965,Ram Kumar Yadav,Male,51,8/16/2031,Nepali Party for Nepal,Conch inside a sphere,FALSE,2,Madhesh Pradesh,16,Siraha,2,637,211,8,FALSE,0.3,???
342343,Lalit Kumar Singh,Male,54,9/5/2028,Ujjaya Nepal Party,A burning electric lamp,FALSE,2,Madhesh Pradesh,16,Siraha,2,638,173,9,FALSE,0.25,Plus 2 / Higher Secondary
340086,Shyam Kishore Sah Haluvai,Male,74,2/28/2008,National Democratic Party,Plow,FALSE,2,Madhesh Pradesh,16,Siraha,2,639,168,10,FALSE,0.24,SLC
340693,Ganga Ram Thakur,Male,62,3/7/2020,Labor Culture Party,The soil in Anjuli,FALSE,2,Madhesh Pradesh,16,Siraha,2,640,119,11,FALSE,0.17,????
341746,Wiltu Yadav,Male,61,6/8/2021,Aam Janata Party (Single Election Symbol),Mobile,FALSE,2,Madhesh Pradesh,16,Siraha,2,641,92,12,FALSE,0.13,????????? ?????? ??
340806,Kaushal Kumar Singh,Male,53,8/24/2029,National Liberation Party Nepal (single election symbol),Millstone,FALSE,2,Madhesh Pradesh,16,Siraha,2,642,64,13,FALSE,0.09,Bachelor
341489,Vijay Kumar Yadav,Male,43,6/1/2039,Independent,Badminton Cork,TRUE,2,Madhesh Pradesh,16,Siraha,2,643,52,14,FALSE,0.07,???
341852,Savur Lal Ram,Male,52,11/14/2030,Bahujan Ekta Party Nepal (single election symbol),Bus,FALSE,2,Madhesh Pradesh,16,Siraha,2,644,38,15,FALSE,0.05,M. FIL
340154,Raj Kumar Pasman,Male,53,5/7/2029,Nepal Labor Farmers Party,Model,FALSE,2,Madhesh Pradesh,16,Siraha,2,645,30,16,FALSE,0.04,Literate
341954,Answar Kumar Mahato,Male,39,1/11/2043,Independent,Round,TRUE,2,Madhesh Pradesh,16,Siraha,2,646,28,17,FALSE,0.04,???
341548,Rajeshwar Sah,Male,57,8/15/2025,Independent,Ink,TRUE,2,Madhesh Pradesh,16,Siraha,2,647,16,18,FALSE,0.02,I.Com
341129,Shiv Kumar Kamait,Male,49,9/19/2033,Independent,Fan,TRUE,2,Madhesh Pradesh,16,Siraha,2,648,14,19,FALSE,0.02,Literate
342090,Jai Prakash Mahato,Male,45,1/10/2037,Independent,Telescope,TRUE,2,Madhesh Pradesh,16,Siraha,2,649,13,20,FALSE,0.02,Bachelor
341590,Ravindra Kumar Yadav,Male,36,10/15/2046,Independent,Banana peel,TRUE,2,Madhesh Pradesh,16,Siraha,2,650,13,21,FALSE,0.02,Plus 2 / Higher Secondary
340748,Usha Kumari Yadav,Woman,34,11/15/2048,Independent,Scissors,TRUE,2,Madhesh Pradesh,16,Siraha,2,651,9,22,FALSE,0.01,???
342149,Ram Ganesh Yadav,Male,32,3/25/2050,Independent,Syringe,TRUE,2,Madhesh Pradesh,16,Siraha,2,652,8,23,FALSE,0.01,Plus 2 / Higher Secondary
342047,Uday Kumar Magar,Male,38,8/4/2044,Independent,Penchis,TRUE,2,Madhesh Pradesh,16,Siraha,2,653,7,24,FALSE,0.01,SLC
340849,Raj Kumar Chaudhary,Male,43,9/12/2039,Independent,Saw,TRUE,2,Madhesh Pradesh,16,Siraha,2,654,6,25,FALSE,0.01,SLC
341979,Ramesh Kumar Yadav,Male,29,9/13/2053,Independent,Calculator,TRUE,2,Madhesh Pradesh,16,Siraha,2,655,5,26,FALSE,0.01,Plus 2 / Higher Secondary
341919,Robin Yadav,Male,30,9/23/2052,Independent,Eyeglass,TRUE,2,Madhesh Pradesh,16,Siraha,2,656,5,27,FALSE,0.01,Plus 2 / Higher Secondary
340647,Shanti Devi Yadav,Woman,52,4/1/2030,Independent,Envelope,TRUE,2,Madhesh Pradesh,16,Siraha,2,657,5,28,FALSE,0.01,???
342298,Kapleshwari Devi Sah,Woman,45,8/15/2037,Independent,Cup and plate,TRUE,2,Madhesh Pradesh,16,Siraha,2,658,3,29,FALSE,0,Literate
342059,Shambhu Kumar Yadav,Male,41,9/15/2041,National Independence Party,Bell,FALSE,2,Madhesh Pradesh,16,Siraha,3,659,32249,1,TRUE,45.65,?? ??.??.??
340864,Leelanath Shrestha,Male,68,4/14/2014,Communist Party of Nepal (Unified Marxist-Leninist),Sun,FALSE,2,Madhesh Pradesh,16,Siraha,3,660,10156,2,FALSE,14.38,Bachelor
341461,Vishwanath Sah,Male,72,4/5/2010,Nepali Communist Party,five-pointed star,FALSE,2,Madhesh Pradesh,16,Siraha,3,661,9942,3,FALSE,14.07,?????? ??????
341723,Subhash Chandra Yadav,Male,49,6/17/2033,Nepali Congress,Tree,FALSE,2,Madhesh Pradesh,16,Siraha,3,662,9879,4,FALSE,13.99,M.D.
340534,Aseshwar Yadav,Male,54,1/15/2028,"Janata Samajwadi Party, Nepal",A tilted umbrella,FALSE,2,Madhesh Pradesh,16,Siraha,3,663,5671,5,FALSE,8.03,M.Sc. M.A
341998,Rohit Mahato,Male,57,12/24/2024,Public opinion party,Loudspeaker,FALSE,2,Madhesh Pradesh,16,Siraha,3,664,820,6,FALSE,1.16,sLC
341169,Shravan Paswan,Male,26,3/18/2056,Ujjaya Nepal Party,A burning electric lamp,FALSE,2,Madhesh Pradesh,16,Siraha,3,665,570,7,FALSE,0.81,Bachelor
342263,Deep Kumar Lama,Male,50,5/15/2032,Labor Culture Party,The soil in Anjuli,FALSE,2,Madhesh Pradesh,16,Siraha,3,666,287,8,FALSE,0.41,sLC
340779,Dilip Kumar Pasman,Male,47,2/8/2035,Independent,Chessgoti,TRUE,2,Madhesh Pradesh,16,Siraha,3,667,239,9,FALSE,0.34,sLC
339811,Dev Dayal Singh,Male,47,5/15/2035,National Democratic Party,Plow,FALSE,2,Madhesh Pradesh,16,Siraha,3,668,234,10,FALSE,0.33,?????
340636,Arvind Kumar Yadav,Male,33,10/5/2049,Independent,Trophy,TRUE,2,Madhesh Pradesh,16,Siraha,3,669,113,11,FALSE,0.16,Bachelor
341320,Kamal Roy,Male,64,5/3/2018,Communist Party of Nepal (Maoist),A rose with two petals inside a circle.,FALSE,2,Madhesh Pradesh,16,Siraha,3,670,78,12,FALSE,0.11,sLC
340379,Pujan Kumar Singh,Male,40,12/28/2041,Progressive Democratic Party,Single open eye,FALSE,2,Madhesh Pradesh,16,Siraha,3,671,64,13,FALSE,0.09,??.?.
341630,Baijnath Kami,Male,55,11/9/2027,Independent,Badminton Cork,TRUE,2,Madhesh Pradesh,16,Siraha,3,672,58,14,FALSE,0.08,? ????? ???
341769,Gyanu Devi Danuwar,Woman,63,11/20/2019,Aam Janata Party (Single Election Symbol),Mobile,FALSE,2,Madhesh Pradesh,16,Siraha,3,673,47,15,FALSE,0.07,Literate
341254,Ram Charitra Prasad Shah,Male,58,4/5/2024,Independent,Cable car,TRUE,2,Madhesh Pradesh,16,Siraha,3,674,22,16,FALSE,0.03,sLC
341551,Umesh Kumar Baral,Male,49,10/15/2033,Independent,Round,TRUE,2,Madhesh Pradesh,16,Siraha,3,675,20,17,FALSE,0.03,sLC
341207,Arjun Kumar Yadav,Male,44,5/4/2038,Independent,Calculator,TRUE,2,Madhesh Pradesh,16,Siraha,3,676,19,18,FALSE,0.03,sLC
341847,Ashish Kumar Mandal,Male,46,5/1/2036,Independent,Wandering around,TRUE,2,Madhesh Pradesh,16,Siraha,3,677,19,19,FALSE,0.03,sLC
342467,Indila Kumari Yadav,Woman,33,7/9/2049,Independent,Telescope,TRUE,2,Madhesh Pradesh,16,Siraha,3,678,16,20,FALSE,0.02,?+2
342142,Sobhit Kumar Yadav,Male,42,5/22/2040,Independent,Helmet,TRUE,2,Madhesh Pradesh,16,Siraha,3,679,16,21,FALSE,0.02,BBs
342621,Krishna Kumar Yadav,Male,31,5/8/2051,Independent,Violin,TRUE,2,Madhesh Pradesh,16,Siraha,3,680,15,22,FALSE,0.02,????+2
340977,Dinesh Yadav,Male,39,1/5/2043,Independent,Ascot,TRUE,2,Madhesh Pradesh,16,Siraha,3,681,13,23,FALSE,0.02,Inter
341599,Vijay Kumar Ram,Male,38,4/16/2044,Independent,Mango,TRUE,2,Madhesh Pradesh,16,Siraha,3,682,12,24,FALSE,0.02,Masters
342665,Navin Kumar Yadav,Male,36,1/15/2046,Independent,Ink,TRUE,2,Madhesh Pradesh,16,Siraha,3,683,8,25,FALSE,0.01,+?
342647,Bablu Kumar Yadav,Male,27,11/25/2054,Independent,Celery bread,TRUE,2,Madhesh Pradesh,16,Siraha,3,684,8,26,FALSE,0.01,H.A
341944,Ankit Kumar Yadav,Male,26,1/1/2056,Independent,Dhikhi,TRUE,2,Madhesh Pradesh,16,Siraha,3,685,7,27,FALSE,0.01,? ?????
342195,Dushyant Kumar Karna,Male,51,11/16/2031,Independent,Cap,TRUE,2,Madhesh Pradesh,16,Siraha,3,686,7,28,FALSE,0.01,B.ed
341511,Anand Vishwakarma,Male,37,2/2/2045,Independent,Saw,TRUE,2,Madhesh Pradesh,16,Siraha,3,687,6,29,FALSE,0.01,+?
342575,Surya Dev Yadav,Male,49,1/10/2033,Independent,Box,TRUE,2,Madhesh Pradesh,16,Siraha,3,688,6,30,FALSE,0.01,Literate
342104,S. Zahur -,Male,59,10/24/2023,Independent,Jeep,TRUE,2,Madhesh Pradesh,16,Siraha,3,689,6,31,FALSE,0.01,? ????? ???
341808,Rakesh Kumar Yadav,Male,34,1/11/2048,Independent,Triangle,TRUE,2,Madhesh Pradesh,16,Siraha,3,690,5,32,FALSE,0.01,Bachelor
341676,Ram Pukar Kamati,Male,39,12/8/2042,Independent,Camera,TRUE,2,Madhesh Pradesh,16,Siraha,3,691,5,33,FALSE,0.01,Bachelor
341378,Deependra Kumar Yadav,Male,60,12/15/2021,Independent,Tea table,TRUE,2,Madhesh Pradesh,16,Siraha,3,692,4,34,FALSE,0.01,Bachelor
342680,Ramesh Chandra Sharma,Male,31,8/21/2051,Independent,Scissors,TRUE,2,Madhesh Pradesh,16,Siraha,3,693,4,35,FALSE,0.01,sLC
341034,Pradeep Kumar Shrestha,Male,43,2/15/2039,Independent,Bag,TRUE,2,Madhesh Pradesh,16,Siraha,3,694,3,36,FALSE,0,inter
342728,Rajeshwar Yadav,Male,74,1/2/2008,Independent,Dust bin,TRUE,2,Madhesh Pradesh,16,Siraha,3,695,3,37,FALSE,0,Literate
341117,Sumit Shrestha,Male,30,12/8/2051,Independent,Stool,TRUE,2,Madhesh Pradesh,16,Siraha,3,696,3,38,FALSE,0,?????? ??????
340942,Life of Kumar Yadav,Male,42,2/15/2040,Independent,Sofa,TRUE,2,Madhesh Pradesh,16,Siraha,3,697,2,39,FALSE,0,HA
341884,Manchan Mahato,Male,49,9/15/2033,Independent,Cup and plate,TRUE,2,Madhesh Pradesh,16,Siraha,3,698,1,40,FALSE,0,B.ed
341083,Satish Chandra Singh,Male,32,6/23/2050,Independent,Syringe,TRUE,2,Madhesh Pradesh,16,Siraha,3,699,1,41,FALSE,0,?????? ??????
341713,Tapeshwar Yadav,Male,33,10/15/2049,National Independence Party,Bell,FALSE,2,Madhesh Pradesh,16,Siraha,4,700,36210,1,TRUE,57.33,????? ?????????
340961,Ajay Shankar Nayak,Male,48,5/7/2034,Nepali Communist Party,five-pointed star,FALSE,2,Madhesh Pradesh,16,Siraha,4,701,7972,2,FALSE,12.62,Bachelor
340417,Birendra Prasad Mahato,Male,56,3/21/2026,Public opinion party,Loudspeaker,FALSE,2,Madhesh Pradesh,16,Siraha,4,702,5041,3,FALSE,7.98,PhD
342560,Dharmanath Prasad Sah,Male,65,3/25/2017,Communist Party of Nepal (Unified Marxist-Leninist),Sun,FALSE,2,Madhesh Pradesh,16,Siraha,4,703,4227,4,FALSE,6.69,??????? ?????
341888,Chandra Kala Kumari Yadav,Woman,43,12/5/2038,Nepali Congress,Tree,FALSE,2,Madhesh Pradesh,16,Siraha,4,704,4061,5,FALSE,6.43,SLC
339524,Raj Kishore Yadav,Male,52,4/18/2030,"Janata Samajwadi Party, Nepal",A tilted umbrella,FALSE,2,Madhesh Pradesh,16,Siraha,4,705,3484,6,FALSE,5.52,Bachelor
342261,Bharat Sah,Male,42,12/2/2039,Independent,Chessgoti,TRUE,2,Madhesh Pradesh,16,Siraha,4,706,511,7,FALSE,0.81,? ???
339452,Subendra Kumar Sah,Male,38,9/2/2044,National Democratic Party,Plow,FALSE,2,Madhesh Pradesh,16,Siraha,4,707,283,8,FALSE,0.45,Bachelor
341327,Bishvendra Paswan,Male,65,11/16/2017,Bahujan Shakti Party,Foundation,FALSE,2,Madhesh Pradesh,16,Siraha,4,708,279,9,FALSE,0.44,??.??.??.
342619,Dilip Kumar Mahara,Male,40,1/22/2042,Bahujan Ekta Party Nepal (single election symbol),Bus,FALSE,2,Madhesh Pradesh,16,Siraha,4,709,241,10,FALSE,0.38,Plus 2 / Higher Secondary
340799,Vinay Pravin,Male,39,6/6/2043,Ujjaya Nepal Party,A burning electric lamp,FALSE,2,Madhesh Pradesh,16,Siraha,4,710,207,11,FALSE,0.33,??.??.?.
342743,Pankaj Kumar Thakur,Male,26,4/22/2056,Labor Culture Party,The soil in Anjuli,FALSE,2,Madhesh Pradesh,16,Siraha,4,711,160,12,FALSE,0.25,?+2
342709,Mo Riverine Ansari,Male,27,1/19/2055,Independent,Badminton Cork,TRUE,2,Madhesh Pradesh,16,Siraha,4,712,90,13,FALSE,0.14,Plus 2 / Higher Secondary
342748,Jeevan Kumar Mehra,Male,43,5/27/2039,Communist Party of Nepal (Maoist),A rose with two petals inside a circle.,FALSE,2,Madhesh Pradesh,16,Siraha,4,713,57,14,FALSE,0.09,SLC
341652,Rameshwar Sah,Male,66,10/20/2016,Nepal Labor Farmers Party,Model,FALSE,2,Madhesh Pradesh,16,Siraha,4,714,42,15,FALSE,0.07,Literate
342497,Rupesh Kumar Mandal,Male,26,1/16/2056,Independent,Telescope,TRUE,2,Madhesh Pradesh,16,Siraha,4,715,31,16,FALSE,0.05,? ?????
340180,Kishori Yadav,Male,53,9/16/2029,Independent,Round,TRUE,2,Madhesh Pradesh,16,Siraha,4,716,28,17,FALSE,0.04,SLC
341122,Fuldev Thakur Hazam,Male,47,10/14/2035,Independent,Hand fan,TRUE,2,Madhesh Pradesh,16,Siraha,4,717,27,18,FALSE,0.04,Bachelor
342733,Kusheshwar Sah Sudi,Male,44,5/10/2038,Independent,Mango,TRUE,2,Madhesh Pradesh,16,Siraha,4,718,25,19,FALSE,0.04,Literate
341029,Anil Sah,Male,25,2/10/2057,Independent,Scissors,TRUE,2,Madhesh Pradesh,16,Siraha,4,719,18,20,FALSE,0.03,Bachelor
342773,Ramesh Kumar Sah,Male,28,9/25/2054,Independent,Syringe,TRUE,2,Madhesh Pradesh,16,Siraha,4,720,17,21,FALSE,0.03,Plus 2 / Higher Secondary
340733,Viseshwar Yadav,Male,46,12/21/2035,Independent,Ink,TRUE,2,Madhesh Pradesh,16,Siraha,4,721,17,22,FALSE,0.03,SLC
341185,Santosh Mahato,Male,43,9/4/2039,Independent,Squirrel,TRUE,2,Madhesh Pradesh,16,Siraha,4,722,17,23,FALSE,0.03,Plus 2 / Higher Secondary
342698,Nasty always,Male,64,11/17/2018,Independent,Wandering around,TRUE,2,Madhesh Pradesh,16,Siraha,4,723,16,24,FALSE,0.03,???????
342760,Rajdev Yadav,Male,59,9/21/2023,Independent,Tire,TRUE,2,Madhesh Pradesh,16,Siraha,4,724,14,25,FALSE,0.02,? ????? ???
342750,Umesh Kumar Ram,Male,40,4/28/2042,Independent,Jeep,TRUE,2,Madhesh Pradesh,16,Siraha,4,725,13,26,FALSE,0.02,M.DE
342211,Kameshwar Singh,Male,63,3/26/2019,Independent,Fan,TRUE,2,Madhesh Pradesh,16,Siraha,4,726,12,27,FALSE,0.02,??.?.
342316,Kedar Vishwakarma,Male,47,9/15/2035,Independent,Saw,TRUE,2,Madhesh Pradesh,16,Siraha,4,727,11,28,FALSE,0.02,SLC
341799,Dhanveer Kapair Kewat,Male,48,5/13/2034,Independent,Pomegranate,TRUE,2,Madhesh Pradesh,16,Siraha,4,728,11,29,FALSE,0.02,???????
342124,Sushil Kumar Singh,Male,39,11/23/2042,Independent,Bag,TRUE,2,Madhesh Pradesh,16,Siraha,4,729,11,30,FALSE,0.02,Bachelor
342745,Yogendra Prasad Mahara,Male,58,2/20/2024,Independent,Dhikhi,TRUE,2,Madhesh Pradesh,16,Siraha,4,730,9,31,FALSE,0.01,?? ????? ???
342766,Ram Vriksha Mahara,Male,58,1/27/2024,Independent,Rickshaw,TRUE,2,Madhesh Pradesh,16,Siraha,4,731,7,32,FALSE,0.01,Literate
341388,Vindeshwar Mahato,Male,57,5/6/2025,Independent,Pressure cooker,TRUE,2,Madhesh Pradesh,16,Siraha,4,732,6,33,FALSE,0.01,?.?
342592,Bhageshwar Das,Male,46,9/20/2036,Independent,Camera,TRUE,2,Madhesh Pradesh,16,Siraha,4,733,4,34,FALSE,0.01,SLC
340101,Ranjit Kumar Yadav,Male,37,6/10/2045,Independent,Box,TRUE,2,Madhesh Pradesh,16,Siraha,4,734,4,35,FALSE,0.01,Bachelor
342718,Living cobbler,Male,56,5/2/2026,Independent,Camel,TRUE,2,Madhesh Pradesh,16,Siraha,4,735,2,36,FALSE,0,SLC
339522,Jagdish Kharel,Male,36,12/27/2045,National Independence Party,Bell,FALSE,3,Bagmati Province,17,Dolakha,1,736,32376,1,TRUE,40.56,Bachelor
339643,Parbat Gurung,Male,57,4/5/2025,Communist Party of Nepal (Unified Marxist-Leninist),Sun,FALSE,3,Bagmati Province,17,Dolakha,1,737,17449,2,FALSE,21.86,Bachelor
340303,Vishal Khadka,Male,44,1/3/2038,Nepali Communist Party,five-pointed star,FALSE,3,Bagmati Province,17,Dolakha,1,738,13065,3,FALSE,16.37,bachelor
341082,Ajay Babu Shiwakoti,Male,46,4/17/2036,Nepali Congress,Tree,FALSE,3,Bagmati Province,17,Dolakha,1,739,12298,4,FALSE,15.41,Master
339379,Nima Dorje Lama,Male,43,11/10/2039,Ujjaya Nepal Party,A burning electric lamp,FALSE,3,Bagmati Province,17,Dolakha,1,740,1663,5,FALSE,2.08,Plus 2 / Higher Secondary
339571,Praveen Kumar Thokar/Tamang,Male,44,3/13/2038,National Democratic Party,Plow,FALSE,3,Bagmati Province,17,Dolakha,1,741,1010,6,FALSE,1.27,Bachelor
341818,Karna Bahadur Phuyal,Male,42,2040.04.32,Independent,Chessgoti,TRUE,3,Bagmati Province,17,Dolakha,1,742,388,7,FALSE,0.49,sLc
341033,Hep Bahadur Thami,Male,56,5/9/2026,Labor Culture Party,The soil in Anjuli,FALSE,3,Bagmati Province,17,Dolakha,1,743,381,8,FALSE,0.48,under slc
340652,Shudarshan Karki,Male,37,8/11/2045,National Change Party,Flute,FALSE,3,Bagmati Province,17,Dolakha,1,744,356,9,FALSE,0.45,Bachelor
341889,Raj Kumar Lamichhane,Male,33,5/16/2049,Communist Party of Nepal (Maoist),A rose with two petals inside a circle.,FALSE,3,Bagmati Province,17,Dolakha,1,745,165,10,FALSE,0.21,Plus 2 / Higher Secondary
341583,Vinod Ghimire,Male,30,4/11/2052,Independent,Trophy,TRUE,3,Bagmati Province,17,Dolakha,1,746,160,11,FALSE,0.2,Plus 2 / Higher Secondary
339341,Kumar Tamang,Male,39,5/10/2043,Mongol National Organization,Rooster,FALSE,3,Bagmati Province,17,Dolakha,1,747,103,12,FALSE,0.13,Plus 2 / Higher Secondary
341317,Gopal Nepali,Male,31,10/22/2051,"Janata Samajwadi Party, Nepal",A tilted umbrella,FALSE,3,Bagmati Province,17,Dolakha,1,748,64,13,FALSE,0.08,Plus 2 / Higher Secondary
341512,Kamal Khatri,Male,34,3/26/2048,Progressive Democratic Party,Single open eye,FALSE,3,Bagmati Province,17,Dolakha,1,749,60,14,FALSE,0.08,Plus 2 / Higher Secondary
339306,Vimala Shrestha,Woman,53,9/22/2029,Nepal Labor Farmers Party,Model,FALSE,3,Bagmati Province,17,Dolakha,1,750,40,15,FALSE,0.05,SLC
341380,Madhav Koirala Khatri,Male,37,3/3/2045,Independent,Cable car,TRUE,3,Bagmati Province,17,Dolakha,1,751,33,16,FALSE,0.04,SLC
342219,Purna Bahadur Shiwakoti,Male,76,4/15/2006,Independent,Water jar,TRUE,3,Bagmati Province,17,Dolakha,1,752,30,17,FALSE,0.04,??????
341969,Sukra Tamang,Male,44,1/15/2038,Aam Janata Party (Single Election Symbol),Mobile,FALSE,3,Bagmati Province,17,Dolakha,1,753,24,18,FALSE,0.03,under slc
342272,Sandesh Koirala,Male,26,8/29/2056,Independent,Tire,TRUE,3,Bagmati Province,17,Dolakha,1,754,20,19,FALSE,0.03,Plus 2 / Higher Secondary
339358,Hari Bol Basnet,Male,49,4/1/2033,Independent,Pumpkin,TRUE,3,Bagmati Province,17,Dolakha,1,755,15,20,FALSE,0.02,Plus 2 / Higher Secondary
341178,Suresh Upreti,Male,38,8/20/2044,Independent,Bag,TRUE,3,Bagmati Province,17,Dolakha,1,756,14,21,FALSE,0.02,Plus 2 / Higher Secondary
342032,Sharmila Phuyal Chaulagai,Woman,28,1/14/2054,Independent,Scissors,TRUE,3,Bagmati Province,17,Dolakha,1,757,13,22,FALSE,0.02,SLC
339352,Prakash Dahal,Male,38,2044.06.05,Independent,Hazari,TRUE,3,Bagmati Province,17,Dolakha,1,758,12,23,FALSE,0.02,SLC
340617,Sangeeta Shrestha,Woman,39,1/15/2043,Independent,Pressure cooker,TRUE,3,Bagmati Province,17,Dolakha,1,759,12,24,FALSE,0.02,??????
340975,Sudeep Khadka,Male,33,12/11/2048,Independent,Petrol pump,TRUE,3,Bagmati Province,17,Dolakha,1,760,10,25,FALSE,0.01,Plus 2 / Higher Secondary
340591,Ramila Sarki,Woman,50,3/18/2032,Independent,Cap,TRUE,3,Bagmati Province,17,Dolakha,1,761,9,26,FALSE,0.01,??????
341705,Pushkar Kumar Adhikari,Male,38,3/29/2044,Independent,Helmet,TRUE,3,Bagmati Province,17,Dolakha,1,762,8,27,FALSE,0.01,Plus 2 / Higher Secondary
341431,Mahendra Khadka,Male,25,3/23/2057,Independent,Calculator,TRUE,3,Bagmati Province,17,Dolakha,1,763,8,28,FALSE,0.01,Bachelor
341648,Bharat Kumar Shrestha,Male,39,11/6/2043,Independent,Fan,TRUE,3,Bagmati Province,17,Dolakha,1,764,7,29,FALSE,0.01,Bachelor
339722,Ramkaji Lama,Male,49,12/20/2032,Independent,Jeep,TRUE,3,Bagmati Province,17,Dolakha,1,765,7,30,FALSE,0.01,Under SLC
341262,Rim Bahadur Oli,Male,33,2/1/2049,Independent,Eyeglass,TRUE,3,Bagmati Province,17,Dolakha,1,766,5,31,FALSE,0.01,Plus 2 / Higher Secondary
340911,Luke Dorje Sherpa,Male,33,6/20/2049,Independent,Panda,TRUE,3,Bagmati Province,17,Dolakha,1,767,5,32,FALSE,0.01,10
339325,Suman Thapa,Male,48,8/10/2034,Independent,Camera,TRUE,3,Bagmati Province,17,Dolakha,1,768,5,33,FALSE,0.01,SLC
340091,Krishna Hari Budhathoki,Male,44,5/10/2038,National Independence Party,Bell,FALSE,3,Bagmati Province,18,Ramechhap,1,769,24808,1,TRUE,30.26,Ph.D
340239,Madhav Prasad Dhungel,Male,48,6/5/2034,Communist Party of Nepal (Unified Marxist-Leninist),Sun,FALSE,3,Bagmati Province,18,Ramechhap,1,770,17609,2,FALSE,21.48,??????????
341939,Ram Chandra Khadka,Male,65,10/13/2017,Nepali Congress,Tree,FALSE,3,Bagmati Province,18,Ramechhap,1,771,16307,3,FALSE,19.89,Bachelor
339706,Shyam Kumar Shrestha,Male,54,9/1/2028,Nepali Communist Party,five-pointed star,FALSE,3,Bagmati Province,18,Ramechhap,1,772,13354,4,FALSE,16.29,Masters
341242,Deep Bahadur Yonjan,Male,42,6/4/2040,Ujjaya Nepal Party,A burning electric lamp,FALSE,3,Bagmati Province,18,Ramechhap,1,773,7201,5,FALSE,8.78,Plus 2 / Higher Secondary
340741,Dhal Bahadur Khapangi Magar,Male,37,4/20/2045,Labor Culture Party,The soil in Anjuli,FALSE,3,Bagmati Province,18,Ramechhap,1,774,1336,6,FALSE,1.63,Bachelor
339874,Gore Tamang,Male,60,2/15/2022,National Democratic Party,Plow,FALSE,3,Bagmati Province,18,Ramechhap,1,775,543,7,FALSE,0.66,??????
340407,Arjun Bahadur Thapa Magar,Male,51,12/16/2030,National People's Front,Glass,FALSE,3,Bagmati Province,18,Ramechhap,1,776,161,8,FALSE,0.2,Literate
342126,Yamun Bahadur Basnet,Male,50,1/27/2032,Communist Party of Nepal (Maoist),A rose with two petals inside a circle.,FALSE,3,Bagmati Province,18,Ramechhap,1,777,156,9,FALSE,0.19,SLC
341413,Birendra Shrestha,Male,43,12/27/2038,Progressive Democratic Party,Single open eye,FALSE,3,Bagmati Province,18,Ramechhap,1,778,115,10,FALSE,0.14,MAA-Phd M.Ed
340628,Arun Karki,Male,29,4/1/2053,Independent,Cable car,TRUE,3,Bagmati Province,18,Ramechhap,1,779,98,11,FALSE,0.12,Plus 2 / Higher Secondary
340907,Yama Bahadur Moktan,Male,35,3/16/2047,National Republic of Nepal,Flying bee,FALSE,3,Bagmati Province,18,Ramechhap,1,780,75,12,FALSE,0.09,llm
341491,Santosh Ghimire,Male,34,9/27/2048,Independent,Triangle,TRUE,3,Bagmati Province,18,Ramechhap,1,781,61,13,FALSE,0.07,Plus 2 / Higher Secondary
339396,Orange is the best,Woman,57,10/29/2025,Nepal Labor Farmers Party,Model,FALSE,3,Bagmati Province,18,Ramechhap,1,782,56,14,FALSE,0.07,??.??
342376,Vinod Ghising,Male,35,2/3/2047,Mongol National Organization,Rooster,FALSE,3,Bagmati Province,18,Ramechhap,1,783,56,15,FALSE,0.07,?? ?? ??
341626,Padam Bahadur Tamang,Male,46,2036-02-30,Aam Janata Party (Single Election Symbol),Mobile,FALSE,3,Bagmati Province,18,Ramechhap,1,784,36,16,FALSE,0.04,?? ?? ??
341158,Babu Kanji Khadka,Male,40,5/22/2042,Independent,Scissors,TRUE,3,Bagmati Province,18,Ramechhap,1,785,22,17,FALSE,0.03,??????
340281,Dhanendra Karki,Male,38,12/22/2043,National Independence Party,Bell,FALSE,3,Bagmati Province,19,Sindhuli,1,786,16659,1,TRUE,29.08,Unknown
340576,Pradeep Kumar Katuwal Chhetri (KC),Male,63,2/19/2019,Communist Party of Nepal (Unified Marxist-Leninist),Sun,FALSE,3,Bagmati Province,19,Sindhuli,1,787,15875,2,FALSE,27.71,Unknown
341357,Ujjwal Prasad Varal,Male,59,9/25/2023,Nepali Congress,Tree,FALSE,3,Bagmati Province,19,Sindhuli,1,788,15570,3,FALSE,27.18,Unknown
340188,Dekendra Prasad Subedi,Male,56,10/26/2026,Nepali Communist Party,five-pointed star,FALSE,3,Bagmati Province,19,Sindhuli,1,789,4708,4,FALSE,8.22,Unknown
340218,Nim Bahadur Moktan,Male,54,4/16/2028,Labor Culture Party,The soil in Anjuli,FALSE,3,Bagmati Province,19,Sindhuli,1,790,2596,5,FALSE,4.53,Unknown
342362,Moti Lal Tamang,Male,43,2/2/2039,Ujjaya Nepal Party,A burning electric lamp,FALSE,3,Bagmati Province,19,Sindhuli,1,791,755,6,FALSE,1.32,Unknown
341297,Ram Narayan Adhikari,Male,41,9/21/2041,National Democratic Party,Plow,FALSE,3,Bagmati Province,19,Sindhuli,1,792,510,7,FALSE,0.89,Unknown
340679,Santosh Kumar Sunuwar,Male,39,3/15/2043,National Change Party,Flute,FALSE,3,Bagmati Province,19,Sindhuli,1,793,223,8,FALSE,0.39,Unknown
341887,Sushil Hamal,Male,36,1/1/2046,Communist Party of Nepal (Maoist),A rose with two petals inside a circle.,FALSE,3,Bagmati Province,19,Sindhuli,1,794,167,9,FALSE,0.29,Unknown
339368,Som Bahadur Ghalan,Male,43,5/1/2039,Mongol National Organization,Rooster,FALSE,3,Bagmati Province,19,Sindhuli,1,795,161,10,FALSE,0.28,Unknown
339326,Rajendra Bakhunchhe,Male,54,1/6/2028,Nepal Labor Farmers Party,Model,FALSE,3,Bagmati Province,19,Sindhuli,1,796,29,11,FALSE,0.05,Unknown
342145,Amrit Bahadur Vishwakarma,Male,48,5/25/2034,Independent,Spray,TRUE,3,Bagmati Province,19,Sindhuli,1,797,27,12,FALSE,0.05,Unknown
340203,Ashish Gajurel,Male,44,1/2/2038,National Independence Party,Bell,FALSE,3,Bagmati Province,19,Sindhuli,2,798,17940,1,TRUE,33.43,????? ?? ?????????? ????
340409,Lekh Nath Dahal,Male,49,3/10/2033,Nepali Communist Party,five-pointed star,FALSE,3,Bagmati Province,19,Sindhuli,2,799,14780,2,FALSE,27.54,? ?
340515,Manoj Jung Thapa,Male,57,6/25/2025,Communist Party of Nepal (Unified Marxist-Leninist),Sun,FALSE,3,Bagmati Province,19,Sindhuli,2,800,11606,3,FALSE,21.63,?? ? ??
341107,Sushila Thing,Woman,50,3/24/2032,Nepali Congress,Tree,FALSE,3,Bagmati Province,19,Sindhuli,2,801,6760,4,FALSE,12.6,?? ?/ ?? ??
341410,Maheshwar Dahal,Male,57,10/2/2025,Independent,Round,TRUE,3,Bagmati Province,19,Sindhuli,2,802,586,5,FALSE,1.09,Bachelor
340326,Indra Bahadur V.K,Male,42,9/1/2040,Labor Culture Party,The soil in Anjuli,FALSE,3,Bagmati Province,19,Sindhuli,2,803,471,6,FALSE,0.88,??. ?.? ? ??
341577,Khadga Bahadur Wiwa,Male,68,3/11/2014,Independent,Sparrow,TRUE,3,Bagmati Province,19,Sindhuli,2,804,458,7,FALSE,0.85,Literate
339327,Shant Veer Lama,Male,43,9/19/2039,Mongol National Organization,Rooster,FALSE,3,Bagmati Province,19,Sindhuli,2,805,432,8,FALSE,0.81,Plus 2 / Higher Secondary
340915,Mukunda Prasad Gajurel,Male,76,2006.01.17,National Democratic Party,Plow,FALSE,3,Bagmati Province,19,Sindhuli,2,806,249,9,FALSE,0.46,?? ?? ??
341757,Bartye Bahadur Rai,Male,45,7/2/2037,Communist Party of Nepal (Maoist),A rose with two petals inside a circle.,FALSE,3,Bagmati Province,19,Sindhuli,2,807,163,10,FALSE,0.3,Plus 2 / Higher Secondary
341226,Nirmal Kumar Syangtan,Male,38,9/13/2044,Progressive Democratic Party,Single open eye,FALSE,3,Bagmati Province,19,Sindhuli,2,808,104,11,FALSE,0.19,Plus 2 / Higher Secondary
339349,Rameshwari Koju,Woman,40,4/13/2042,Nepal Labor Farmers Party,Model,FALSE,3,Bagmati Province,19,Sindhuli,2,809,33,12,FALSE,0.06,Masters
342630,Madhav Prasad Neupane,Male,74,1/16/2008,Independent,Contract,TRUE,3,Bagmati Province,19,Sindhuli,2,810,25,13,FALSE,0.05,isc
342342,Saroj B.K.,Male,37,10/18/2045,Independent,Scissors,TRUE,3,Bagmati Province,19,Sindhuli,2,811,22,14,FALSE,0.04,bbs
341275,Male Hari Poudel,Male,71,1/4/2011,Independent,Tea table,TRUE,3,Bagmati Province,19,Sindhuli,2,812,20,15,FALSE,0.04,?? ?? ??
340358,Rajan Achhami,Male,38,5/15/2044,Friendship Party Nepal,Horse,FALSE,3,Bagmati Province,19,Sindhuli,2,813,12,16,FALSE,0.02,SLC
340982,Ramachandra Mandal,Male,52,3/17/2030,Communist Party of Nepal (Unified Marxist-Leninist),Sun,FALSE,2,Madhesh Pradesh,20,Dhanusha,1,814,0,1,FALSE,0,?????? ??????
341137,Ram Paltan Shah,Male,60,8/29/2022,Nepali Congress,Tree,FALSE,2,Madhesh Pradesh,20,Dhanusha,1,815,0,2,FALSE,0,?? ?? ??
339549,Matrika Prasad Yadav,Male,67,6/30/2015,Nepali Communist Party,five-pointed star,FALSE,2,Madhesh Pradesh,20,Dhanusha,1,816,0,3,FALSE,0,?? ??
339940,Manoj Malla Thakuri,Male,56,6/27/2026,National Democratic Party,Plow,FALSE,2,Madhesh Pradesh,20,Dhanusha,1,817,0,4,FALSE,0,SLC
340747,Deepak Karki,Male,62,10/20/2020,"Janata Samajwadi Party, Nepal",A tilted umbrella,FALSE,2,Madhesh Pradesh,20,Dhanusha,1,818,0,5,FALSE,0,?? ?? ??
340924,Lord Brahma,Male,38,11/5/2044,Public opinion party,Loudspeaker,FALSE,2,Madhesh Pradesh,20,Dhanusha,1,819,0,6,FALSE,0,Bachelor
340643,Ram Bahadur Lama,Male,43,4/6/2039,Mongol National Organization,Rooster,FALSE,2,Madhesh Pradesh,20,Dhanusha,1,820,0,7,FALSE,0,Unknown
341516,Bihari Rai Amat,Male,65,2/15/2017,Communist Party of Nepal (Maoist),A rose with two petals inside a circle.,FALSE,2,Madhesh Pradesh,20,Dhanusha,1,821,0,8,FALSE,0,Unknown
342508,Mahesh Kumar Yadav,Male,33,1/20/2049,Ujjaya Nepal Party,A burning electric lamp,FALSE,2,Madhesh Pradesh,20,Dhanusha,1,822,0,9,FALSE,0,BE
342701,Badri Narayan Thakur Sonar,Male,60,11/17/2022,Historical Janata Party,Tractor,FALSE,2,Madhesh Pradesh,20,Dhanusha,1,823,0,10,FALSE,0,?? ??
342550,Sitar Mansoor,Male,38,1/7/2044,Nepal Federal Socialist Party (single election symbol),Bus,FALSE,2,Madhesh Pradesh,20,Dhanusha,1,824,0,11,FALSE,0,Literate
342666,Indrajit Safi,Male,33,5/10/2049,Aam Janata Party (Single Election Symbol),Mobile,FALSE,2,Madhesh Pradesh,20,Dhanusha,1,825,0,12,FALSE,0,Y
341018,Ajay Bhandari,Male,36,10/25/2046,Independent,Wandering around,TRUE,2,Madhesh Pradesh,20,Dhanusha,1,826,0,13,FALSE,0,Unknown
342474,Auti Kumari Vishwakarma,Woman,36,4/26/2046,Independent,Calculator,TRUE,2,Madhesh Pradesh,20,Dhanusha,1,827,0,14,FALSE,0,????????? ?????
341596,Kakulati Kumari Sah,Woman,37,1/7/2045,Independent,Badel,TRUE,2,Madhesh Pradesh,20,Dhanusha,1,828,0,15,FALSE,0,?? ?? ??
342339,Kiran Kumari Kapar,Woman,28,9/1/2054,Independent,Fan,TRUE,2,Madhesh Pradesh,20,Dhanusha,1,829,0,16,FALSE,0,??.??
342646,Kiran Kumari Pasman,Woman,29,1/5/2053,Independent,Stool,TRUE,2,Madhesh Pradesh,20,Dhanusha,1,830,0,17,FALSE,0,10 + 2
341459,Kiran Kumari Yadav,Woman,46,6/20/2036,Independent,Squirrel,TRUE,2,Madhesh Pradesh,20,Dhanusha,1,831,0,18,FALSE,0,+ ? ???
342412,Chandeshwar Das Tatma,Male,51,2/13/2031,Independent,Mango,TRUE,2,Madhesh Pradesh,20,Dhanusha,1,832,0,19,FALSE,0,? ???
341074,Jagarnath Mandal,Male,50,7/2/2032,Independent,Cauliflower,TRUE,2,Madhesh Pradesh,20,Dhanusha,1,833,0,20,FALSE,0,?? ?? ??
342705,Jai Krishna Sah,Male,54,2/10/2028,Independent,Round,TRUE,2,Madhesh Pradesh,20,Dhanusha,1,834,0,21,FALSE,0,?? ?? ??
342688,Jitan Rai Amat,Male,44,7/26/2038,Independent,Hazari,TRUE,2,Madhesh Pradesh,20,Dhanusha,1,835,0,22,FALSE,0,?? ?? ??
339788,Parashuram Sah,Male,55,10/15/2027,Independent,Badminton Cork,TRUE,2,Madhesh Pradesh,20,Dhanusha,1,836,0,23,FALSE,0,?? ?
339840,Probation Yadav,Male,63,1/1/2019,Independent,Cap,TRUE,2,Madhesh Pradesh,20,Dhanusha,1,837,0,24,FALSE,0,SLC
342736,Pawan Kumar Yadav,Male,46,2/7/2036,Independent,Scissors,TRUE,2,Madhesh Pradesh,20,Dhanusha,1,838,0,25,FALSE,0,????? ?????
342725,Bal Krishna Yadav,Male,26,4/8/2056,Independent,Celery bread,TRUE,2,Madhesh Pradesh,20,Dhanusha,1,839,0,26,FALSE,0,Plus 2 / Higher Secondary
341899,Manmohan Prasad Yadav,Male,40,11/12/2042,Independent,Jeep,TRUE,2,Madhesh Pradesh,20,Dhanusha,1,840,0,27,FALSE,0,???????? ??????????
341321,Rameshwar Sahu Sudi,Male,59,10/3/2023,Independent,Bag,TRUE,2,Madhesh Pradesh,20,Dhanusha,1,841,0,28,FALSE,0,Below SLC
340138,Raj Narayan Shah,Male,33,7/1/2049,Independent,Chessgoti,TRUE,2,Madhesh Pradesh,20,Dhanusha,1,842,0,29,FALSE,0,SLC
341554,Rajesh Kumar Sahni,Male,29,1/22/2053,Independent,Syringe,TRUE,2,Madhesh Pradesh,20,Dhanusha,1,843,0,30,FALSE,0,Plus 2 / Higher Secondary
342713,Ram Dulari Mahato,Woman,36,8/7/2046,Independent,Spray,TRUE,2,Madhesh Pradesh,20,Dhanusha,1,844,0,31,FALSE,0,???????
342144,Ramprita Das Tatma,Male,67,6/21/2015,Independent,Sofa,TRUE,2,Madhesh Pradesh,20,Dhanusha,1,845,0,32,FALSE,0,???????? ??????? ???
342599,Roshan Kumar Sah,Male,37,7/12/2045,Independent,Trophy,TRUE,2,Madhesh Pradesh,20,Dhanusha,1,846,0,33,FALSE,0,Bachelor
342373,Laleshwar Yadav,Male,52,8/15/2030,Independent,Pomegranate,TRUE,2,Madhesh Pradesh,20,Dhanusha,1,847,0,34,FALSE,0,?? ?? ??
339611,Vijay Kumar Yadav,Male,56,4/5/2026,Independent,Safety pin,TRUE,2,Madhesh Pradesh,20,Dhanusha,1,848,0,35,FALSE,0,Bachelor
341373,Sarada Devi Ghisingh,Woman,47,5/5/2035,Independent,Water jar,TRUE,2,Madhesh Pradesh,20,Dhanusha,1,849,0,36,FALSE,0,Below SLC
342210,Sanjit Kumar Sah,Male,38,4/14/2044,Independent,Coconut,TRUE,2,Madhesh Pradesh,20,Dhanusha,1,850,0,37,FALSE,0,??????? ????????
342742,Sudeep Kumar Yadav,Male,37,8/20/2045,Independent,Cable car,TRUE,2,Madhesh Pradesh,20,Dhanusha,1,851,0,38,FALSE,0,?? ?? ??
341981,Sudish Mandal,Male,44,7/15/2038,Independent,Saw,TRUE,2,Madhesh Pradesh,20,Dhanusha,1,852,0,39,FALSE,0,? ???
340215,Suman Vishwakarma,Male,34,2/6/2048,Independent,Sparrow,TRUE,2,Madhesh Pradesh,20,Dhanusha,1,853,0,40,FALSE,0,Bachelor
342579,Suchinder Yadav,Male,56,5/15/2026,Independent,Pressure cooker,TRUE,2,Madhesh Pradesh,20,Dhanusha,1,854,0,41,FALSE,0,?? ?? ??
339806,Ram Vinod Yadav,Male,49,12/29/2032,National Independence Party,Bell,FALSE,2,Madhesh Pradesh,20,Dhanusha,2,855,41637,1,TRUE,53.36,Plus 2 / Higher Secondary
341263,Dinesh Prasad Yadav Parsaila,Male,57,4/20/2025,Nepali Congress,Tree,FALSE,2,Madhesh Pradesh,20,Dhanusha,2,856,10198,2,FALSE,13.07,???????? ?????? ????
340797,Umashankar Aragaria,Male,48,6/27/2034,Communist Party of Nepal (Unified Marxist-Leninist),Sun,FALSE,2,Madhesh Pradesh,20,Dhanusha,2,857,10153,3,FALSE,13.01,Bachelor
339448,Ram Chandra Jha,Male,71,1/31/2011,Nepali Communist Party,five-pointed star,FALSE,2,Madhesh Pradesh,20,Dhanusha,2,858,8403,4,FALSE,10.77,??.?
340162,Pashupati Yadav,Male,45,12/5/2036,"Janata Samajwadi Party, Nepal",A tilted umbrella,FALSE,2,Madhesh Pradesh,20,Dhanusha,2,859,3830,5,FALSE,4.91,??.?.
341734,Surendra Prasad Yadav,Male,44,5/5/2038,Public opinion party,Loudspeaker,FALSE,2,Madhesh Pradesh,20,Dhanusha,2,860,1177,6,FALSE,1.51,PHD
340430,Jai Nath Adhikari,Male,33,5/13/2049,Independent,Pressure cooker,TRUE,2,Madhesh Pradesh,20,Dhanusha,2,861,1081,7,FALSE,1.39,B.Tech
342331,Lakshmi Mukhiya,Male,40,12/11/2041,Independent,Chessgoti,TRUE,2,Madhesh Pradesh,20,Dhanusha,2,862,579,8,FALSE,0.74,SLC
341572,Shyam Sundar Pajiar,Male,61,5/9/2021,Communist Party of Nepal (Maoist),A rose with two petals inside a circle.,FALSE,2,Madhesh Pradesh,20,Dhanusha,2,863,293,9,FALSE,0.38,B A
341379,Maheshwar Mandal,Male,60,11/4/2022,National Democratic Party,Plow,FALSE,2,Madhesh Pradesh,20,Dhanusha,2,864,203,10,FALSE,0.26,Literate
342370,Umesh Kumar Mandal,Male,41,8/29/2041,Nepali Party for Nepal,Conch inside a sphere,FALSE,2,Madhesh Pradesh,20,Dhanusha,2,865,104,11,FALSE,0.13,Plus 2 / Higher Secondary
341997,Umesh Das,Male,41,7/15/2041,Independent,Wandering around,TRUE,2,Madhesh Pradesh,20,Dhanusha,2,866,57,12,FALSE,0.07,SLC
342217,Vinod Kumar Thakur,Male,50,4/18/2032,National Liberation Party Nepal (single election symbol),Millstone,FALSE,2,Madhesh Pradesh,20,Dhanusha,2,867,56,13,FALSE,0.07,BE
341665,Anil Kumar Yadav,Male,28,6/17/2054,Independent,Telescope,TRUE,2,Madhesh Pradesh,20,Dhanusha,2,868,34,14,FALSE,0.04,BE
341066,Ram Kishore Pasman,Male,43,6/1/2039,Independent,Round,TRUE,2,Madhesh Pradesh,20,Dhanusha,2,869,33,15,FALSE,0.04,SLC
342708,Domi Mahara Chamar,Male,59,9/20/2023,Independent,Tire,TRUE,2,Madhesh Pradesh,20,Dhanusha,2,870,19,16,FALSE,0.02,SLC
341697,Bhola Yadav,Male,56,1/11/2026,Independent,Mango,TRUE,2,Madhesh Pradesh,20,Dhanusha,2,871,17,17,FALSE,0.02,SLC
342504,Ramsagar Yadav,Male,49,3/2/2033,Independent,Fan,TRUE,2,Madhesh Pradesh,20,Dhanusha,2,872,17,18,FALSE,0.02,SLC
342317,Ajay Kumar Das,Male,33,2/10/2049,Independent,Gas stove,TRUE,2,Madhesh Pradesh,20,Dhanusha,2,873,16,19,FALSE,0.02,Literate
340950,Sadhu Sharan Morvaita,Male,47,9/16/2035,Independent,Syringe,TRUE,2,Madhesh Pradesh,20,Dhanusha,2,874,13,20,FALSE,0.02,? ?? ?
342302,Ram Prakash Yadav,Male,72,2/2/2010,Independent,Calculator,TRUE,2,Madhesh Pradesh,20,Dhanusha,2,875,12,21,FALSE,0.02,SLC
342276,Rinku Devi Mandal,Woman,34,10/10/2048,Independent,Ironing,TRUE,2,Madhesh Pradesh,20,Dhanusha,2,876,12,22,FALSE,0.02,????? 10
342457,Thakana Pasman,Male,67,7/14/2015,Independent,Pomegranate,TRUE,2,Madhesh Pradesh,20,Dhanusha,2,877,11,23,FALSE,0.01,Literate
342030,Shiv Kumar Gohiwar Yadav,Male,54,1/1/2028,Independent,Jeep,TRUE,2,Madhesh Pradesh,20,Dhanusha,2,878,10,24,FALSE,0.01,SLC
341905,Sagar Yadav,Male,27,1/16/2055,Independent,Helmet,TRUE,2,Madhesh Pradesh,20,Dhanusha,2,879,10,25,FALSE,0.01,Plus 2 / Higher Secondary
341841,Ajay Kumar Marik,Male,30,1/29/2052,Independent,Banana peel,TRUE,2,Madhesh Pradesh,20,Dhanusha,2,880,9,26,FALSE,0.01,SLC
341938,Lal Babu Mandal,Male,26,3/29/2056,Independent,Cap,TRUE,2,Madhesh Pradesh,20,Dhanusha,2,881,9,27,FALSE,0.01,bachelor
339556,Santosh Kumar Yadav Marik,Male,39,5/23/2043,Independent,Petrol pump,TRUE,2,Madhesh Pradesh,20,Dhanusha,2,882,9,28,FALSE,0.01,Bachelor
341428,Mukesh Kumar Yadav,Male,50,12/3/2031,Independent,Camera,TRUE,2,Madhesh Pradesh,20,Dhanusha,2,883,8,29,FALSE,0.01,???????? ?????? ????
341180,Ram Subhesh Mandal Khatve,Male,44,7/11/2038,Independent,Rickshaw,TRUE,2,Madhesh Pradesh,20,Dhanusha,2,884,7,30,FALSE,0.01,????? 10
342492,Bhola Paswan,Male,56,11/5/2026,Independent,Tea table,TRUE,2,Madhesh Pradesh,20,Dhanusha,2,885,6,31,FALSE,0.01,SLC
342439,Saroj Kumar Mahara,Male,29,1/17/2053,Independent,Scissors,TRUE,2,Madhesh Pradesh,20,Dhanusha,2,886,5,32,FALSE,0.01,SLC
342623,Sujith Kumar Das,Male,38,1/3/2044,Independent,Cup and plate,TRUE,2,Madhesh Pradesh,20,Dhanusha,2,887,5,33,FALSE,0.01,?????? ??????
342476,Gyan Kumar Yadav,Male,46,2036-02-30,Independent,Camel,TRUE,2,Madhesh Pradesh,20,Dhanusha,2,888,4,34,FALSE,0.01,SLC
340296,Manish Jha,Male,45,2/1/2037,National Independence Party,Bell,FALSE,2,Madhesh Pradesh,20,Dhanusha,3,889,43988,1,TRUE,59.14,Master in political Science
341945,Bimalendra Nidhi,Male,69,1/19/2013,Nepali Congress,Tree,FALSE,2,Madhesh Pradesh,20,Dhanusha,3,890,16652,2,FALSE,22.39,MA poltical science
341057,Julie Kumari Mahato (Mahaseth),Woman,49,2/13/2033,Communist Party of Nepal (Unified Marxist-Leninist),Sun,FALSE,2,Madhesh Pradesh,20,Dhanusha,3,891,9786,3,FALSE,13.16,Bachelor in sociology
339748,Rama Lalit Mandal,Male,51,4/24/2031,Nepali Communist Party,five-pointed star,FALSE,2,Madhesh Pradesh,20,Dhanusha,3,892,709,4,FALSE,0.95,Bachelor
340817,God bless you,Male,58,3/4/2024,"Janata Samajwadi Party, Nepal",A tilted umbrella,FALSE,2,Madhesh Pradesh,20,Dhanusha,3,893,500,5,FALSE,0.67,Bachelor
340839,Roshan Yadav,Male,28,1/15/2054,Independent,Chessgoti,TRUE,2,Madhesh Pradesh,20,Dhanusha,3,894,416,6,FALSE,0.56,Bachelor in computer Science
341566,Diwakar Kumar Sah,Male,33,9/13/2049,Independent,Mango,TRUE,2,Madhesh Pradesh,20,Dhanusha,3,895,398,7,FALSE,0.54,Bachelor
342307,Gopal Prasad Sah,Male,58,2/3/2024,Public opinion party,Loudspeaker,FALSE,2,Madhesh Pradesh,20,Dhanusha,3,896,381,8,FALSE,0.51,SLC
342409,Savnam Khatun Safi,Woman,65,2/5/2017,Nation Building Party Nepal,Water bottle inside a circle,FALSE,2,Madhesh Pradesh,20,Dhanusha,3,897,280,9,FALSE,0.38,???????
340032,Saddam Hussein,Male,34,10/29/2048,Labor Culture Party,The soil in Anjuli,FALSE,2,Madhesh Pradesh,20,Dhanusha,3,898,211,10,FALSE,0.28,SLC
342033,Hussain Kawari,Male,54,4/3/2028,National Democratic Party,Plow,FALSE,2,Madhesh Pradesh,20,Dhanusha,3,899,199,11,FALSE,0.27,SLC
342556,Amarendra Kumar Jha,Male,65,5/23/2017,Nepal Janata Party,Lotus flower,FALSE,2,Madhesh Pradesh,20,Dhanusha,3,900,150,12,FALSE,0.2,?? ??? (????????????)
342092,Sitaram Mahato,Male,53,9/5/2029,Independent,Trophy,TRUE,2,Madhesh Pradesh,20,Dhanusha,3,901,109,13,FALSE,0.15,I.SC
341649,Shyam Kishore Sah,Male,56,5/2/2026,Independent,Badminton Cork,TRUE,2,Madhesh Pradesh,20,Dhanusha,3,902,100,14,FALSE,0.13,B.SC. Honours
342230,Pramod Kumar Sah,Male,51,11/25/2030,Ujjaya Nepal Party,A burning electric lamp,FALSE,2,Madhesh Pradesh,20,Dhanusha,3,903,89,15,FALSE,0.12,Doctor
340446,Chandan Kumar Jha,Male,45,12/20/2036,Nepali Party for Nepal,Conch inside a sphere,FALSE,2,Madhesh Pradesh,20,Dhanusha,3,904,84,16,FALSE,0.11,B.com
342699,Ramendra Kumar Karn,Male,34,6/23/2048,Communist Party of Nepal (Maoist),A rose with two petals inside a circle.,FALSE,2,Madhesh Pradesh,20,Dhanusha,3,905,81,17,FALSE,0.11,Plus 2 / Higher Secondary
340988,Naveen Kumar Ranjan,Male,35,4/5/2047,Independent,Mana Pathi,TRUE,2,Madhesh Pradesh,20,Dhanusha,3,906,26,18,FALSE,0.03,Diploma in civil Engineer
342746,Pradeep Vikram Sah,Male,33,8/11/2049,Aam Janata Party (Single Election Symbol),Mobile,FALSE,2,Madhesh Pradesh,20,Dhanusha,3,907,22,19,FALSE,0.03,B.Tech
341204,Arvind Kumar Paswan,Male,51,11/16/2031,Independent,Round,TRUE,2,Madhesh Pradesh,20,Dhanusha,3,908,21,20,FALSE,0.03,SLC
342389,Surai Mandal,Male,43,5/15/2039,Independent,Pumpkin,TRUE,2,Madhesh Pradesh,20,Dhanusha,3,909,19,21,FALSE,0.03,SLC
340668,Rajeev Kumar Jha,Male,49,6/14/2033,National Liberation Party Nepal (single election symbol),Millstone,FALSE,2,Madhesh Pradesh,20,Dhanusha,3,910,18,22,FALSE,0.02,P.Hd.
339875,Amit Kumar Pathak,Male,32,10/1/2050,Independent,Bag,TRUE,2,Madhesh Pradesh,20,Dhanusha,3,911,12,23,FALSE,0.02,B.B.S
341504,Raj Kumari Sah,Woman,50,7/15/2032,Independent,Cup and plate,TRUE,2,Madhesh Pradesh,20,Dhanusha,3,912,12,24,FALSE,0.02,SLC
341877,Sita Devi,Woman,40,1/4/2042,Independent,Squirrel,TRUE,2,Madhesh Pradesh,20,Dhanusha,3,913,12,25,FALSE,0.02,SLC
342153,Ganga Lakshmi Vaidya,Woman,42,9/24/2040,Nepal Labor Farmers Party,Model,FALSE,2,Madhesh Pradesh,20,Dhanusha,3,914,10,26,FALSE,0.01,Master in sociology
342499,Ananda Das Tatma,Male,25,3/28/2057,Independent,Jeep,TRUE,2,Madhesh Pradesh,20,Dhanusha,3,915,10,27,FALSE,0.01,Diploma in Civil Engineer
340667,Nabonath Thakur,Male,53,5/10/2029,Independent,Petrol pump,TRUE,2,Madhesh Pradesh,20,Dhanusha,3,916,9,28,FALSE,0.01,Bachelor
342720,Krishna Kumar Sultania,Male,35,12/9/2046,Independent,Sofa,TRUE,2,Madhesh Pradesh,20,Dhanusha,3,917,8,29,FALSE,0.01,Bachelor
341809,Ajay Kumar Yadav,Male,39,7/11/2043,Independent,Pressure cooker,TRUE,2,Madhesh Pradesh,20,Dhanusha,3,918,7,30,FALSE,0.01,MCA
342346,Mukesh Yadav,Male,49,1/1/2033,Independent,Syringe,TRUE,2,Madhesh Pradesh,20,Dhanusha,3,919,7,31,FALSE,0.01,Unknown
342676,Bikram Sah,Male,38,11/23/2043,Independent,Calculator,TRUE,2,Madhesh Pradesh,20,Dhanusha,3,920,6,32,FALSE,0.01,MBA
341365,Bharat Kumar Sah,Male,31,5/23/2051,Independent,Goat's head,TRUE,2,Madhesh Pradesh,20,Dhanusha,3,921,6,33,FALSE,0.01,Plus 2 / Higher Secondary
341733,Raj Kumar Bhandari,Male,66,12/21/2015,Independent,Fan,TRUE,2,Madhesh Pradesh,20,Dhanusha,3,922,6,34,FALSE,0.01,I sc
342524,Sunil Sah,Male,34,10/18/2048,Independent,Scissors,TRUE,2,Madhesh Pradesh,20,Dhanusha,3,923,6,35,FALSE,0.01,B.Tech
342073,Hari Narayan Yadav,Male,46,7/20/2036,Independent,Triangle,TRUE,2,Madhesh Pradesh,20,Dhanusha,3,924,6,36,FALSE,0.01,SLC
341426,Only Thakur,Male,56,12/2/2025,Independent,Saw,TRUE,2,Madhesh Pradesh,20,Dhanusha,3,925,5,37,FALSE,0.01,Plus 2 / Higher Secondary
341195,Raju Kumar Sah,Male,42,5/25/2040,Independent,Helmet,TRUE,2,Madhesh Pradesh,20,Dhanusha,3,926,4,38,FALSE,0.01,Masters
341344,Ramsaroj Sah,Male,34,8/15/2048,Independent,Wandering around,TRUE,2,Madhesh Pradesh,20,Dhanusha,3,927,4,39,FALSE,0.01,Plus 2 / Higher Secondary
342264,Subdar Yadav,Male,75,6/1/2007,Independent,Ink,TRUE,2,Madhesh Pradesh,20,Dhanusha,3,928,4,40,FALSE,0.01,?????? ?????
341452,Manoj Kumar Sah,Male,47,7/12/2035,Independent,Telescope,TRUE,2,Madhesh Pradesh,20,Dhanusha,3,929,2,41,FALSE,0,Plus 2 / Higher Secondary
342109,Vinod Karna,Male,56,5/7/2026,Independent,Box,TRUE,2,Madhesh Pradesh,20,Dhanusha,3,930,2,42,FALSE,0,Bcom
341619,Krishna Kumar Sah,Male,38,1/19/2044,Independent,Tea table,TRUE,2,Madhesh Pradesh,20,Dhanusha,3,931,0,43,FALSE,0,Plus 2 / Higher Secondary
342296,Matrika Prasad Das,Male,28,2054-02-29,Independent,Stapler,TRUE,2,Madhesh Pradesh,20,Dhanusha,3,932,0,44,FALSE,0,Plus 2 / Higher Secondary
341848,Sita Devi Sah,Woman,52,4/11/2030,Independent,Rickshaw,TRUE,2,Madhesh Pradesh,20,Dhanusha,3,933,0,45,FALSE,0,SLC
341797,Raj Kishore Mahato,Male,51,1/14/2031,National Independence Party,Bell,FALSE,2,Madhesh Pradesh,20,Dhanusha,4,934,48270,1,TRUE,60.98,Unknown
341109,Mahendra Yadav,Male,63,5/2/2019,Nepali Congress,Tree,FALSE,2,Madhesh Pradesh,20,Dhanusha,4,935,15809,2,FALSE,19.97,Bachelor
340467,Raghubir Mahaseth,Male,64,4/22/2018,Communist Party of Nepal (Unified Marxist-Leninist),Sun,FALSE,2,Madhesh Pradesh,20,Dhanusha,4,936,11529,3,FALSE,14.56,B.E.
340571,Sanjay Kumar Mahato,Male,32,1/16/2050,Nepali Communist Party,five-pointed star,FALSE,2,Madhesh Pradesh,20,Dhanusha,4,937,1336,4,FALSE,1.69,?????? ??
341453,Indrajit Kumar Yadav,Male,47,9/15/2035,Public opinion party,Loudspeaker,FALSE,2,Madhesh Pradesh,20,Dhanusha,4,938,568,5,FALSE,0.72,SLC
341223,Krishna Chandra Prasad Sah,Male,63,5/1/2019,"Janata Samajwadi Party, Nepal",A tilted umbrella,FALSE,2,Madhesh Pradesh,20,Dhanusha,4,939,516,6,FALSE,0.65,??.??.??.
340854,Ram Wavu Sah Haluvai,Male,48,9/10/2034,National Democratic Party,Plow,FALSE,2,Madhesh Pradesh,20,Dhanusha,4,940,299,7,FALSE,0.38,???????? ??????????
342022,Jitendra Das,Male,31,1/15/2051,National Unity Party,"Tulsi, monastery",FALSE,2,Madhesh Pradesh,20,Dhanusha,4,941,172,8,FALSE,0.22,SLC
340413,Surya Prasad Lama,Male,62,8/18/2020,Mongol National Organization,Rooster,FALSE,2,Madhesh Pradesh,20,Dhanusha,4,942,119,9,FALSE,0.15,?????? ??
341586,Ram Hridaya Mahato,Male,43,4/1/2039,Independent,Badminton Cork,TRUE,2,Madhesh Pradesh,20,Dhanusha,4,943,104,10,FALSE,0.13,SLC
339962,Dev Narayan Shah,Male,59,6/8/2023,Communist Party of Nepal (Maoist),A rose with two petals inside a circle.,FALSE,2,Madhesh Pradesh,20,Dhanusha,4,944,85,11,FALSE,0.11,Plus 2 / Higher Secondary
342213,Rakesh Kumar Roy,Male,39,5/11/2043,Progressive Democratic Party,Single open eye,FALSE,2,Madhesh Pradesh,20,Dhanusha,4,945,35,12,FALSE,0.04,Plus 2 / Higher Secondary
341494,Vinod Kumar Yadav,Male,34,3/23/2048,Independent,Nut bolt,TRUE,2,Madhesh Pradesh,20,Dhanusha,4,946,27,13,FALSE,0.03,SLC
341716,Birendra Kumar Yadav,Male,44,1/25/2038,Independent,Spray,TRUE,2,Madhesh Pradesh,20,Dhanusha,4,947,25,14,FALSE,0.03,SLC
341267,Ram Kumar Mahato Koiri,Male,49,3/10/2033,Independent,Hazari,TRUE,2,Madhesh Pradesh,20,Dhanusha,4,948,22,15,FALSE,0.03,???????? ??????????
342584,Sampat Mahato Koiri,Male,61,8/11/2021,Aam Janata Party (Single Election Symbol),Mobile,FALSE,2,Madhesh Pradesh,20,Dhanusha,4,949,20,16,FALSE,0.03,??.?.
341861,Pramod Kumar Yadav,Male,53,2/17/2029,Independent,Forged,TRUE,2,Madhesh Pradesh,20,Dhanusha,4,950,20,17,FALSE,0.03,Plus 2 / Higher Secondary
341950,Jung Bahadur Yadav,Male,45,10/22/2037,Independent,Helmet,TRUE,2,Madhesh Pradesh,20,Dhanusha,4,951,19,18,FALSE,0.02,???????? ??????????
340601,Anil Kumar Chaudhary,Male,29,1/3/2053,Independent,Jewel,TRUE,2,Madhesh Pradesh,20,Dhanusha,4,952,17,19,FALSE,0.02,???????? ??????????
341622,Dipesh Kumar Yadav,Male,28,5/11/2054,Independent,Safety pin,TRUE,2,Madhesh Pradesh,20,Dhanusha,4,953,16,20,FALSE,0.02,???????? ??????????
342446,Rajkishore Mahara,Male,54,5/8/2028,Independent,Round,TRUE,2,Madhesh Pradesh,20,Dhanusha,4,954,14,21,FALSE,0.02,???????? ??????????
342609,Rajendra Kumar Yadav,Male,32,11/1/2050,Independent,Water filter,TRUE,2,Madhesh Pradesh,20,Dhanusha,4,955,14,22,FALSE,0.02,??.?.?.
342391,Mahavir Yadav,Male,38,2/10/2044,National Liberation Party Nepal (single election symbol),Millstone,FALSE,2,Madhesh Pradesh,20,Dhanusha,4,956,13,23,FALSE,0.02,SLC
342312,Mukesh Kumar Yadav,Male,35,7/9/2047,Independent,Triangle,TRUE,2,Madhesh Pradesh,20,Dhanusha,4,957,12,24,FALSE,0.02,Plus 2 / Higher Secondary
342137,Vauvelal Yadav,Male,32,3/10/2050,Independent,Cauliflower,TRUE,2,Madhesh Pradesh,20,Dhanusha,4,958,12,25,FALSE,0.02,SLC
342241,Deepak Yadav,Male,31,7/21/2051,Independent,Cap,TRUE,2,Madhesh Pradesh,20,Dhanusha,4,959,11,26,FALSE,0.01,?????????????
340677,Satish Kumar Sah,Male,37,12/17/2044,Independent,Penchis,TRUE,2,Madhesh Pradesh,20,Dhanusha,4,960,10,27,FALSE,0.01,??????????
340909,Jageshwar Mahato Koiri,Male,59,1/8/2023,Independent,Coconut,TRUE,2,Madhesh Pradesh,20,Dhanusha,4,961,9,28,FALSE,0.01,SLC
340969,Narayan Vastola,Male,40,6/16/2042,Independent,Eyeglass,TRUE,2,Madhesh Pradesh,20,Dhanusha,4,962,8,29,FALSE,0.01,??.??.
342408,Mr. Raj Kumar,Male,42,7/5/2040,Independent,Scissors,TRUE,2,Madhesh Pradesh,20,Dhanusha,4,963,8,30,FALSE,0.01,Bachelor
341396,Hari Shankar Prasad Yadav,Male,43,4/24/2039,Independent,Calculator,TRUE,2,Madhesh Pradesh,20,Dhanusha,4,964,7,31,FALSE,0.01,SLC
342063,Mithilesh Kumar Yadav,Male,45,2/16/2037,Independent,Punching machine,TRUE,2,Madhesh Pradesh,20,Dhanusha,4,965,6,32,FALSE,0.01,SLC
342278,Rajesh Kumar Yadav,Male,36,4/18/2046,Independent,Bag,TRUE,2,Madhesh Pradesh,20,Dhanusha,4,966,6,33,FALSE,0.01,?????????????
341915,Rakesh Chaudhary,Male,36,5/12/2046,Independent,Ascot,TRUE,2,Madhesh Pradesh,20,Dhanusha,4,967,5,34,FALSE,0.01,SLC
340530,Vavi Kumari Mahato,Woman,38,6/18/2044,Independent,Camera,TRUE,2,Madhesh Pradesh,20,Dhanusha,4,968,5,35,FALSE,0.01,SLC
341834,Hari Prasad Poudel,Male,54,6/22/2028,Independent,Panda,TRUE,2,Madhesh Pradesh,20,Dhanusha,4,969,5,36,FALSE,0.01,SLC
342098,Ram Hriday Yadav,Male,37,6/18/2045,Independent,Envelope,TRUE,2,Madhesh Pradesh,20,Dhanusha,4,970,3,37,FALSE,0,??.?.
341312,Pramod Kumar Mahato,Male,40,4/15/2042,National Independence Party,Bell,FALSE,2,Madhesh Pradesh,21,Mahottari,1,971,34636,1,TRUE,54.77,SLC
340587,Giriraj Mani Pokharel,Male,68,5/9/2014,Nepali Communist Party,five-pointed star,FALSE,2,Madhesh Pradesh,21,Mahottari,1,972,12624,2,FALSE,19.96,??????????? ?? ????????? ? ??????? ??????
339924,Lakshmi Mahate Koiri,Male,61,2/16/2021,Communist Party of Nepal (Unified Marxist-Leninist),Sun,FALSE,2,Madhesh Pradesh,21,Mahottari,1,973,6591,3,FALSE,10.42,SLC
340794,Mukesh Raj Kafle,Male,51,5/12/2031,Nepali Congress,Tree,FALSE,2,Madhesh Pradesh,21,Mahottari,1,974,6213,4,FALSE,9.82,PhD
340031,Leela Diyali,Woman,45,3/9/2037,Labor Culture Party,The soil in Anjuli,FALSE,2,Madhesh Pradesh,21,Mahottari,1,975,867,5,FALSE,1.37,????????????
341615,Virendra Mahato,Male,27,2/10/2055,Public opinion party,Loudspeaker,FALSE,2,Madhesh Pradesh,21,Mahottari,1,976,560,6,FALSE,0.89,+2 ???
342588,Home Prasad Pokharel,Male,45,5/20/2037,National Democratic Party,Plow,FALSE,2,Madhesh Pradesh,21,Mahottari,1,977,475,7,FALSE,0.75,+2 ???
339993,Yoga Narayan Mahato,Male,45,11/5/2037,"Janata Samajwadi Party, Nepal",A tilted umbrella,FALSE,2,Madhesh Pradesh,21,Mahottari,1,978,319,8,FALSE,0.5,Bachelor
342340,Sunaina Devi Koiri,Woman,40,1/9/2042,Independent,Badminton Cork,TRUE,2,Madhesh Pradesh,21,Mahottari,1,979,190,9,FALSE,0.3,n
342270,Shiv Narayan Mahato,Male,26,1/5/2056,Independent,Trophy,TRUE,2,Madhesh Pradesh,21,Mahottari,1,980,185,10,FALSE,0.29,SLC
342724,Manoj Kumar Gupta,Male,28,7/27/2054,Ujjaya Nepal Party,A burning electric lamp,FALSE,2,Madhesh Pradesh,21,Mahottari,1,981,176,11,FALSE,0.28,+2 ???
339469,Ramesh Kumar Singh Danuwar,Male,70,8/7/2012,Mongol National Organization,Rooster,FALSE,2,Madhesh Pradesh,21,Mahottari,1,982,94,12,FALSE,0.15,??????? ??????
339353,Maniraj Niraula,Male,52,4/2/2030,Communist Party of Nepal (United),Sickle,FALSE,2,Madhesh Pradesh,21,Mahottari,1,983,54,13,FALSE,0.09,slc pass
341515,Prem Bahadur Rana Magar,Male,81,7/4/2001,Independent,Sparrow,TRUE,2,Madhesh Pradesh,21,Mahottari,1,984,47,14,FALSE,0.07,Literate
341387,Mukesh Sah,Male,38,1/10/2044,Aam Janata Party (Single Election Symbol),Mobile,FALSE,2,Madhesh Pradesh,21,Mahottari,1,985,36,15,FALSE,0.06,????? 10
342536,Jeevan Kumar Magar,Male,38,3/14/2044,Independent,Envelope,TRUE,2,Madhesh Pradesh,21,Mahottari,1,986,36,16,FALSE,0.06,?? ?? ??
339938,Surendra Mahato,Male,48,1/4/2034,Independent,Cauliflower,TRUE,2,Madhesh Pradesh,21,Mahottari,1,987,34,17,FALSE,0.05,Literate
340318,Sunil Kumar Singh,Male,36,6/24/2046,Independent,Jeep,TRUE,2,Madhesh Pradesh,21,Mahottari,1,988,22,18,FALSE,0.03,SLC
342684,Niru Kumari,Woman,55,8/20/2027,Independent,Cup and plate,TRUE,2,Madhesh Pradesh,21,Mahottari,1,989,18,19,FALSE,0.03,?? ?? ?? ???
339367,Krishna Shwari Manandhar (Duwal),Woman,41,3/3/2041,Nepal Labor Farmers Party,Model,FALSE,2,Madhesh Pradesh,21,Mahottari,1,990,16,20,FALSE,0.03,Unknown
342239,Lord Paswan Dusadh,Male,70,5/6/2012,Independent,Gambling,TRUE,2,Madhesh Pradesh,21,Mahottari,1,991,14,21,FALSE,0.02,Literate
341201,Somindra Sarki,Male,32,1/1/2050,Independent,Pumpkin,TRUE,2,Madhesh Pradesh,21,Mahottari,1,992,13,22,FALSE,0.02,Bachelor
341831,Bouve Lal Mahato,Male,38,11/22/2043,Independent,Helmet,TRUE,2,Madhesh Pradesh,21,Mahottari,1,993,11,23,FALSE,0.02,Plus 2 / Higher Secondary
339879,Sachin Mahato,Male,26,1/27/2056,Independent,Mango,TRUE,2,Madhesh Pradesh,21,Mahottari,1,994,9,24,FALSE,0.01,SLC
340828,Savita Kumari Devi,Woman,36,1/21/2046,Independent,Tea table,TRUE,2,Madhesh Pradesh,21,Mahottari,1,995,3,25,FALSE,0,Bachelor
341190,Deepak Kumar Sah,Male,34,12/10/2047,National Independence Party,Bell,FALSE,2,Madhesh Pradesh,21,Mahottari,2,996,32722,1,TRUE,55.32,????????
341460,Sharat Singh Bhandari,Male,71,6/22/2011,"Janata Samajwadi Party, Nepal",A tilted umbrella,FALSE,2,Madhesh Pradesh,21,Mahottari,2,997,10198,2,FALSE,17.24,Bachelor
340662,Kiran Yadav,Woman,58,5/5/2024,Nepali Congress,Tree,FALSE,2,Madhesh Pradesh,21,Mahottari,2,998,9745,3,FALSE,16.48,??.?.(??????)
342118,Qasim Nadaf,Male,58,1/3/2024,Communist Party of Nepal (Unified Marxist-Leninist),Sun,FALSE,2,Madhesh Pradesh,21,Mahottari,2,999,3524,4,FALSE,5.96,Unknown
341828,Laxman Kumar Yadav,Male,44,5/10/2038,Nepali Communist Party,five-pointed star,FALSE,2,Madhesh Pradesh,21,Mahottari,2,1000,737,5,FALSE,1.25,????????????????
342212,Jai Kumar Pandey,Male,31,7/5/2051,Public opinion party,Loudspeaker,FALSE,2,Madhesh Pradesh,21,Mahottari,2,1001,463,6,FALSE,0.78,Plus 2 / Higher Secondary
342297,Sakindar Mahara,Male,35,10/5/2047,Independent,Chessgoti,TRUE,2,Madhesh Pradesh,21,Mahottari,2,1002,331,7,FALSE,0.56,Plus 2 / Higher Secondary
342258,Hurricane Nut,Male,48,2/15/2034,Nation Building Party Nepal,Water bottle inside a circle,FALSE,2,Madhesh Pradesh,21,Mahottari,2,1003,246,8,FALSE,0.42,8 ?????
340192,Rakesh Mandal,Male,42,6/23/2040,Ujjaya Nepal Party,A burning electric lamp,FALSE,2,Madhesh Pradesh,21,Mahottari,2,1004,222,9,FALSE,0.38,Masters
342359,Raj Narayan Jha,Male,37,4/10/2045,Progressive Democratic Party,Single open eye,FALSE,2,Madhesh Pradesh,21,Mahottari,2,1005,174,10,FALSE,0.29,MBBS
341112,Ramlakhan Sah Kanu,Male,58,8/5/2024,National Democratic Party,Plow,FALSE,2,Madhesh Pradesh,21,Mahottari,2,1006,157,11,FALSE,0.27,?????
341315,Alam Kawari,Male,39,5/15/2043,Labor Culture Party,The soil in Anjuli,FALSE,2,Madhesh Pradesh,21,Mahottari,2,1007,105,12,FALSE,0.18,SLC
341386,Raman Kumar Karna,Male,50,10/12/2032,Janadesh Party Nepal (single election symbol),Mobile,FALSE,2,Madhesh Pradesh,21,Mahottari,2,1008,99,13,FALSE,0.17,BALLB
341032,Rajesh Prasad Sah,Male,43,8/16/2039,Independent,Badminton Cork,TRUE,2,Madhesh Pradesh,21,Mahottari,2,1009,75,14,FALSE,0.13,8 ????? ???
340967,Idris Momin,Male,58,2/19/2024,Communist Party of Nepal (United),Sickle,FALSE,2,Madhesh Pradesh,21,Mahottari,2,1010,32,15,FALSE,0.05,Unknown
342664,Dhanjay Kumar Hathi,Male,33,10/28/2049,Independent,Jeep,TRUE,2,Madhesh Pradesh,21,Mahottari,2,1011,31,16,FALSE,0.05,MBBS
341895,Basant Kumar Yadav,Male,36,5/15/2046,Independent,Sofa,TRUE,2,Madhesh Pradesh,21,Mahottari,2,1012,31,17,FALSE,0.05,SLC
342631,Dulari Devi Tharu,Woman,63,11/18/2019,Independent,Round,TRUE,2,Madhesh Pradesh,21,Mahottari,2,1013,30,18,FALSE,0.05,Literate
342423,Bharat Yadav,Male,36,2/26/2046,Independent,Cable car,TRUE,2,Madhesh Pradesh,21,Mahottari,2,1014,25,19,FALSE,0.04,SLC
341724,Indresh Sahni Malah,Male,31,7/10/2051,Independent,Syringe,TRUE,2,Madhesh Pradesh,21,Mahottari,2,1015,22,20,FALSE,0.04,SLC
341507,Shri Ram Singh Danuwar,Male,41,1/1/2041,Independent,Telescope,TRUE,2,Madhesh Pradesh,21,Mahottari,2,1016,22,21,FALSE,0.04,SLC
340113,Jai Kishore Sah,Male,70,1/1/2012,Independent,Camera,TRUE,2,Madhesh Pradesh,21,Mahottari,2,1017,19,22,FALSE,0.03,SLC
340521,Raji Mandal,Male,63,4/14/2019,Nepal Labor Farmers Party,Model,FALSE,2,Madhesh Pradesh,21,Mahottari,2,1018,18,23,FALSE,0.03,Unknown
340447,Raj Guru Yadav,Male,26,1/15/2056,Independent,Nail cutter,TRUE,2,Madhesh Pradesh,21,Mahottari,2,1019,16,24,FALSE,0.03,SLC
342535,VK Azad Das,Male,46,9/14/2036,Independent,Ink,TRUE,2,Madhesh Pradesh,21,Mahottari,2,1020,16,25,FALSE,0.03,SLC
339554,Kamal Gurung,Male,47,6/24/2035,Mongol National Organization,Rooster,FALSE,2,Madhesh Pradesh,21,Mahottari,2,1021,14,26,FALSE,0.02,Plus 2 / Higher Secondary
340145,Satish Sah Teli,Male,59,3/25/2023,Independent,Helmet,TRUE,2,Madhesh Pradesh,21,Mahottari,2,1022,11,27,FALSE,0.02,Plus 2 / Higher Secondary
342513,Binita Devi Chaudhary,Woman,47,8/2/2035,Independent,Bag,TRUE,2,Madhesh Pradesh,21,Mahottari,2,1023,10,28,FALSE,0.02,Literate
342393,Jivendra Yadav,Male,39,7/19/2043,Independent,Scissors,TRUE,2,Madhesh Pradesh,21,Mahottari,2,1024,8,29,FALSE,0.01,Literate
340879,Mahesh Kumar Yadav,Male,32,10/12/2050,Independent,Triangle,TRUE,2,Madhesh Pradesh,21,Mahottari,2,1025,8,30,FALSE,0.01,SLC
341865,Dilip Kumar Yadav,Male,30,4/7/2052,Independent,Mango,TRUE,2,Madhesh Pradesh,21,Mahottari,2,1026,7,31,FALSE,0.01,SLC
340285,Praveen Kumar Yadav,Male,34,4/26/2048,Independent,Gas stove,TRUE,2,Madhesh Pradesh,21,Mahottari,2,1027,7,32,FALSE,0.01,SLC
341553,Mahant Sadha,Male,44,10/14/2038,Independent,Stool,TRUE,2,Madhesh Pradesh,21,Mahottari,2,1028,7,33,FALSE,0.01,8 ????? ????
342615,Lalita Kumari Musahar,Woman,37,10/5/2045,Independent,Saw,TRUE,2,Madhesh Pradesh,21,Mahottari,2,1029,5,34,FALSE,0.01,??????
340027,Satya Narayan Sah,Male,40,7/18/2042,Independent,Coconut,TRUE,2,Madhesh Pradesh,21,Mahottari,2,1030,5,35,FALSE,0.01,????? 8 ????
342173,Aghanu Passman,Male,74,8/28/2008,Independent,Pressure cooker,TRUE,2,Madhesh Pradesh,21,Mahottari,2,1031,4,36,FALSE,0.01,Unknown
342598,Reshma Devi,Woman,40,1/29/2042,Independent,Cup and plate,TRUE,2,Madhesh Pradesh,21,Mahottari,2,1032,1,37,FALSE,0,Literate
340549,Ujjwal Kumar Jha,Male,33,9/25/2049,National Independence Party,Bell,FALSE,2,Madhesh Pradesh,21,Mahottari,3,1033,32451,1,TRUE,54.56,?????????
341631,Muhammad Rizwan,Male,58,8/22/2024,Nepal Federal Socialist Party (single election symbol),Bus,FALSE,2,Madhesh Pradesh,21,Mahottari,3,1034,5969,2,FALSE,10.04,Bachelor
340816,Ram Aadhaar Copper,Male,55,3/15/2027,Independent,Mango,TRUE,2,Madhesh Pradesh,21,Mahottari,3,1035,4790,3,FALSE,8.05,Masters
341917,Bajrang Nepali,Male,59,11/22/2022,Nepali Congress,Tree,FALSE,2,Madhesh Pradesh,21,Mahottari,3,1036,4342,4,FALSE,7.3,Bachelor
342133,Meenakshi Thakur,Woman,41,12/1/2040,"Janata Samajwadi Party, Nepal",A tilted umbrella,FALSE,2,Madhesh Pradesh,21,Mahottari,3,1037,3946,5,FALSE,6.63,Unknown
340033,Hari Narayan Yadav,Male,63,2/10/2019,Independent,Badminton Cork,TRUE,2,Madhesh Pradesh,21,Mahottari,3,1038,3531,6,FALSE,5.94,Bachelor
340195,Manoj Kumar Singh,Male,54,11/15/2028,Communist Party of Nepal (Unified Marxist-Leninist),Sun,FALSE,2,Madhesh Pradesh,21,Mahottari,3,1039,1516,7,FALSE,2.55,??.?.??.
342559,Shambhu Copper,Male,47,2/19/2035,Independent,Chessgoti,TRUE,2,Madhesh Pradesh,21,Mahottari,3,1040,510,8,FALSE,0.86,Unknown
342587,Arvind Thakur,Male,48,8/29/2034,Public opinion party,Loudspeaker,FALSE,2,Madhesh Pradesh,21,Mahottari,3,1041,421,9,FALSE,0.71,Unknown
340334,Ranjit Kumar Sah,Male,30,7/3/2052,Ujjaya Nepal Party,A burning electric lamp,FALSE,2,Madhesh Pradesh,21,Mahottari,3,1042,261,10,FALSE,0.44,??.??.?.
340948,Rajkishore Sah Mehttari Sudy,Male,69,9/8/2013,Nepali Communist Party,five-pointed star,FALSE,2,Madhesh Pradesh,21,Mahottari,3,1043,243,11,FALSE,0.41,SLC
342671,Rajeshwar Ray,Male,58,4/8/2024,National Democratic Party,Plow,FALSE,2,Madhesh Pradesh,21,Mahottari,3,1044,223,12,FALSE,0.37,Bachelor
342215,Raj Nandan Rai Yadav,Male,64,9/19/2018,Independent,Jeep,TRUE,2,Madhesh Pradesh,21,Mahottari,3,1045,211,13,FALSE,0.35,Unknown
342011,Mushtaq Ahmed Ansari,Male,46,6/12/2036,Nation Building Party Nepal,Water bottle inside a circle,FALSE,2,Madhesh Pradesh,21,Mahottari,3,1046,142,14,FALSE,0.24,Unknown
342520,Kailash Mahato,Male,53,6/24/2029,Aam Janata Party (Single Election Symbol),Mobile,FALSE,2,Madhesh Pradesh,21,Mahottari,3,1047,136,15,FALSE,0.23,Unknown
341232,Ranjan Kumar Jha,Male,33,7/9/2049,Independent,Trophy,TRUE,2,Madhesh Pradesh,21,Mahottari,3,1048,97,16,FALSE,0.16,Unknown
340279,Vinay Kumar Mishra,Male,73,1/6/2009,Nepal Janata Party,Lotus flower,FALSE,2,Madhesh Pradesh,21,Mahottari,3,1049,83,17,FALSE,0.14,??.??.
342470,Dhirendra Kumar Sharma,Male,54,11/15/2028,Communist Party of Nepal (United),Sickle,FALSE,2,Madhesh Pradesh,21,Mahottari,3,1050,75,18,FALSE,0.13,Unknown
339999,Rajnish Raj Pandey,Male,25,9/25/2057,Nepali Party for Nepal,Conch inside a sphere,FALSE,2,Madhesh Pradesh,21,Mahottari,3,1051,64,19,FALSE,0.11,???.??.??.??.
340631,Md. Sawir Noori,Male,39,12/4/2042,Labor Culture Party,The soil in Anjuli,FALSE,2,Madhesh Pradesh,21,Mahottari,3,1052,57,20,FALSE,0.1,Bachelor
341110,Sales team,Male,63,5/30/2019,Independent,Scissors,TRUE,2,Madhesh Pradesh,21,Mahottari,3,1053,57,21,FALSE,0.1,Unknown
342537,Bechan Prasad Mehtari,Male,67,11/16/2015,Independent,Gas stove,TRUE,2,Madhesh Pradesh,21,Mahottari,3,1054,44,22,FALSE,0.07,Unknown
342577,Naeem Rain,Male,63,7/9/2019,Independent,Round,TRUE,2,Madhesh Pradesh,21,Mahottari,3,1055,37,23,FALSE,0.06,Unknown
340784,Shyam Kishore Singh,Male,56,3/14/2026,Independent,Pomegranate,TRUE,2,Madhesh Pradesh,21,Mahottari,3,1056,34,24,FALSE,0.06,SLC
342527,Ghanshyam Jha,Male,64,12/5/2017,Independent,Ink,TRUE,2,Madhesh Pradesh,21,Mahottari,3,1057,30,25,FALSE,0.05,Unknown
342551,Rakesh Kumar Sah,Male,48,7/8/2034,Independent,Cap,TRUE,2,Madhesh Pradesh,21,Mahottari,3,1058,28,26,FALSE,0.05,Unknown
340698,Mohan Chaudhary,Male,50,7/4/2032,Independent,Coconut,TRUE,2,Madhesh Pradesh,21,Mahottari,3,1059,26,27,FALSE,0.04,SLC
342614,Mohammad Feroze Asari,Male,25,12/22/2056,Independent,Cauliflower,TRUE,2,Madhesh Pradesh,21,Mahottari,3,1060,22,28,FALSE,0.04,Unknown
340891,Mukesh Rai,Male,46,5/2/2036,Independent,Pumpkin,TRUE,2,Madhesh Pradesh,21,Mahottari,3,1061,20,29,FALSE,0.03,Plus 2 / Higher Secondary
341810,Raj Kishore Yadav,Male,48,9/16/2034,Independent,Rickshaw,TRUE,2,Madhesh Pradesh,21,Mahottari,3,1062,19,30,FALSE,0.03,Unknown
341175,Bavi Kumari,Woman,37,9/20/2045,Independent,Calculator,TRUE,2,Madhesh Pradesh,21,Mahottari,3,1063,16,31,FALSE,0.03,Unknown
342602,Satish Kumar Sharma,Male,38,3/28/2044,Independent,Petrol pump,TRUE,2,Madhesh Pradesh,21,Mahottari,3,1064,14,32,FALSE,0.02,Unknown
342101,Nagendra Thakur,Male,53,3/12/2029,Independent,Stool,TRUE,2,Madhesh Pradesh,21,Mahottari,3,1065,11,33,FALSE,0.02,Unknown
342395,Raman Kumar Thakur,Male,45,10/15/2037,Independent,Fan,TRUE,2,Madhesh Pradesh,21,Mahottari,3,1066,10,34,FALSE,0.02,Unknown
342693,Ramchandra Pasman,Male,55,8/10/2027,Independent,Penchis,TRUE,2,Madhesh Pradesh,21,Mahottari,3,1067,9,35,FALSE,0.02,Unknown
342325,Ajay Kumar Mahato,Male,54,5/6/2028,Independent,Banana peel,TRUE,2,Madhesh Pradesh,21,Mahottari,3,1068,7,36,FALSE,0.01,Unknown
342176,Pawan Kumar Yadav,Male,55,1/9/2027,Independent,Pressure cooker,TRUE,2,Madhesh Pradesh,21,Mahottari,3,1069,7,37,FALSE,0.01,Unknown
342634,BIJAY KUMAR MANDAL,Male,44,4/5/2038,Independent,Slingshot,TRUE,2,Madhesh Pradesh,21,Mahottari,3,1070,6,38,FALSE,0.01,Unknown
342662,Pankaj Kumar Pandey,Male,33,8/21/2049,Independent,Triangle,TRUE,2,Madhesh Pradesh,21,Mahottari,3,1071,5,39,FALSE,0.01,Unknown
341956,Suresh Kumar Sah,Male,48,5/25/2034,Independent,Syringe,TRUE,2,Madhesh Pradesh,21,Mahottari,3,1072,5,40,FALSE,0.01,Unknown
341058,Ranjay Kumar Mishra,Male,54,3/15/2028,Independent,Cup and plate,TRUE,2,Madhesh Pradesh,21,Mahottari,3,1073,3,41,FALSE,0.01,Bachelor
341656,Gauri Kumari,Woman,54,10/5/2028,National Independence Party,Bell,FALSE,2,Madhesh Pradesh,21,Mahottari,4,1074,30132,1,TRUE,50.61,Plus 2 / Higher Secondary
339497,Surendra Kumar Yadav,Male,54,12/10/2027,"Janata Samajwadi Party, Nepal",A tilted umbrella,FALSE,2,Madhesh Pradesh,21,Mahottari,4,1075,8742,2,FALSE,14.68,M.D. Medicine
342218,Mahendra Kumar Roy,Male,66,12/18/2015,Nepali Congress,Tree,FALSE,2,Madhesh Pradesh,21,Mahottari,4,1076,6944,3,FALSE,11.66,Bachelor
341913,Nilam Adhikari,Woman,43,12/16/2038,Communist Party of Nepal (Unified Marxist-Leninist),Sun,FALSE,2,Madhesh Pradesh,21,Mahottari,4,1077,6192,4,FALSE,10.4,Plus 2 / Higher Secondary
339702,Bharat Prasad Shah,Male,53,10/5/2029,Nepali Communist Party,five-pointed star,FALSE,2,Madhesh Pradesh,21,Mahottari,4,1078,5336,5,FALSE,8.96,Unknown
342574,Manoj Kumar Sah,Male,50,5/3/2032,Public opinion party,Loudspeaker,FALSE,2,Madhesh Pradesh,21,Mahottari,4,1079,806,6,FALSE,1.35,?? ???
342749,Vinod Kumar Mandal,Male,27,1/3/2055,Independent,Chessgoti,TRUE,2,Madhesh Pradesh,21,Mahottari,4,1080,469,7,FALSE,0.79,Bachelor
342368,Amit Kumar Singh,Male,36,9/20/2046,Ujjaya Nepal Party,A burning electric lamp,FALSE,2,Madhesh Pradesh,21,Mahottari,4,1081,172,8,FALSE,0.29,Bachelor
342731,Sunil Kumar Singh,Male,56,1/26/2026,National Democratic Party,Plow,FALSE,2,Madhesh Pradesh,21,Mahottari,4,1082,119,9,FALSE,0.2,?? ???
342737,Vijay Kumar Sah,Male,41,6/16/2041,Independent,Trophy,TRUE,2,Madhesh Pradesh,21,Mahottari,4,1083,110,10,FALSE,0.18,Bachelor
340837,Ras Behari Mandal,Male,57,11/9/2025,Communist Party of Nepal (United),Sickle,FALSE,2,Madhesh Pradesh,21,Mahottari,4,1084,108,11,FALSE,0.18,10
342700,Seelam Devi Yadav,Woman,38,10/2/2044,Aam Janata Party (Single Election Symbol),Mobile,FALSE,2,Madhesh Pradesh,21,Mahottari,4,1085,94,12,FALSE,0.16,SEE
341397,Sanjay Yadav,Male,38,3/19/2044,Independent,Jeep,TRUE,2,Madhesh Pradesh,21,Mahottari,4,1086,45,13,FALSE,0.08,Unknown
341478,Sell ??it.,Male,51,6/21/2031,Independent,Round,TRUE,2,Madhesh Pradesh,21,Mahottari,4,1087,42,14,FALSE,0.07,?? ?? ??
340331,Rajan Paswan,Male,30,9/3/2052,Independent,Headphones,TRUE,2,Madhesh Pradesh,21,Mahottari,4,1088,23,15,FALSE,0.04,+2 ???????? ?????
342747,Ram Vinod Yadav,Male,48,1/2/2034,Independent,Telescope,TRUE,2,Madhesh Pradesh,21,Mahottari,4,1089,20,16,FALSE,0.03,SLC
339650,Raj Narayan Yadav,Male,62,6/13/2020,Independent,Triangle,TRUE,2,Madhesh Pradesh,21,Mahottari,4,1090,17,17,FALSE,0.03,??+2 Science
339622,Ajay Kumar Yadav,Male,37,2/13/2045,Independent,Kangaroo,TRUE,2,Madhesh Pradesh,21,Mahottari,4,1091,15,18,FALSE,0.03,SLC
342765,Ganesh Thakur Lohar,Male,52,7/16/2030,Independent,Ink,TRUE,2,Madhesh Pradesh,21,Mahottari,4,1092,15,19,FALSE,0.03,SLC
342783,Indra Jeet Das,Male,42,6/15/2040,Independent,Syringe,TRUE,2,Madhesh Pradesh,21,Mahottari,4,1093,14,20,FALSE,0.02,Literate
340746,Kamlesh Kumar Bhandari,Male,31,9/14/2051,Rastriya Janata Party Nepal,Spice held in the right hand,FALSE,2,Madhesh Pradesh,21,Mahottari,4,1094,13,21,FALSE,0.02,Bachelor
341806,Dipendra Kumar Yadav,Male,50,3/10/2032,Independent,Rickshaw,TRUE,2,Madhesh Pradesh,21,Mahottari,4,1095,13,22,FALSE,0.02,Plus 2 / Higher Secondary
342775,Ramina Khatun,Woman,38,10/10/2044,Independent,Bag,TRUE,2,Madhesh Pradesh,21,Mahottari,4,1096,13,23,FALSE,0.02,Literate
342645,Sukesh Kumar Yadav,Male,26,5/1/2056,Independent,Petrol pump,TRUE,2,Madhesh Pradesh,21,Mahottari,4,1097,10,24,FALSE,0.02,10??+2
342485,Sumitra Kumari,Woman,43,10/7/2039,Mongol National Organization,Rooster,FALSE,2,Madhesh Pradesh,21,Mahottari,4,1098,9,25,FALSE,0.02,??????
342334,Ganga Prasad Yadav,Male,27,10/12/2055,Independent,Helmet,TRUE,2,Madhesh Pradesh,21,Mahottari,4,1099,8,26,FALSE,0.01,Plus 2 / Higher Secondary
342780,Rizbana Khatun,Woman,30,9/22/2052,Independent,Camera,TRUE,2,Madhesh Pradesh,21,Mahottari,4,1100,8,27,FALSE,0.01,Literate
342785,Satyanarayan Mahara,Male,58,1/24/2024,Independent,Stapler,TRUE,2,Madhesh Pradesh,21,Mahottari,4,1101,8,28,FALSE,0.01,Literate
342714,Rajendra Mandal Khatbe,Male,55,2/1/2027,Independent,Mango,TRUE,2,Madhesh Pradesh,21,Mahottari,4,1102,7,29,FALSE,0.01,SLC
342744,Singheshwar Khatbe,Male,68,3/18/2014,Independent,Box,TRUE,2,Madhesh Pradesh,21,Mahottari,4,1103,7,30,FALSE,0.01,Unknown
342400,Mahinder Pasman,Male,51,1/1/2031,Independent,Coconut,TRUE,2,Madhesh Pradesh,21,Mahottari,4,1104,6,31,FALSE,0.01,???????
342787,Shanti Devi,Woman,37,3/5/2045,Independent,Squirrel,TRUE,2,Madhesh Pradesh,21,Mahottari,4,1105,6,32,FALSE,0.01,????? ? ??????
342761,Hardeb Mahara Chamar,Male,61,2021-02-31,Independent,Fan,TRUE,2,Madhesh Pradesh,21,Mahottari,4,1106,6,33,FALSE,0.01,Unknown
342285,Shiv Shankar Kumar Sharma,Male,26,7/6/2056,"People's Democratic Party, Nepal",Buffalo,FALSE,2,Madhesh Pradesh,21,Mahottari,4,1107,5,34,FALSE,0.01,Plus 2 / Higher Secondary
340013,Manoj Kumar Yadav,Male,41,1/15/2041,Independent,Cap,TRUE,2,Madhesh Pradesh,21,Mahottari,4,1108,5,35,FALSE,0.01,??????? ??
340919,Harishchandra Thakur,Male,54,4/14/2028,Independent,Sparrow,TRUE,2,Madhesh Pradesh,21,Mahottari,4,1109,4,36,FALSE,0.01,SLC
342793,Nitima Bhandari (Karki),Woman,43,4/2/2039,National Independence Party,Bell,FALSE,2,Madhesh Pradesh,22,Sarlahi,1,1110,44181,1,TRUE,59.83,?????? ??
342571,Shambhu Lal Shrestha,Male,64,9/12/2018,Nepali Congress,Tree,FALSE,2,Madhesh Pradesh,22,Sarlahi,1,1111,7871,2,FALSE,10.66,Bachelor
340933,Manoj Kumar Debkota,Male,54,3/29/2028,Communist Party of Nepal (Unified Marxist-Leninist),Sun,FALSE,2,Madhesh Pradesh,22,Sarlahi,1,1112,6101,3,FALSE,8.26,??.?.
342751,Pramod Sah,Male,47,9/8/2035,Nepali Communist Party,five-pointed star,FALSE,2,Madhesh Pradesh,22,Sarlahi,1,1113,5498,4,FALSE,7.45,??.?.
340395,Ram Prakash Chaudhary,Male,61,2/4/2021,"Janata Samajwadi Party, Nepal",A tilted umbrella,FALSE,2,Madhesh Pradesh,22,Sarlahi,1,1114,3991,5,FALSE,5.4,-
342723,Chhatra Bahadur Dumjan,Male,59,8/12/2023,Ujjaya Nepal Party,A burning electric lamp,FALSE,2,Madhesh Pradesh,22,Sarlahi,1,1115,1913,6,FALSE,2.59,SLC
342786,Srinjay Mahato,Male,34,7/10/2048,Public opinion party,Loudspeaker,FALSE,2,Madhesh Pradesh,22,Sarlahi,1,1116,848,7,FALSE,1.15,??+2
342179,Raja Ram Paswan,Male,50,3/4/2032,Bahujan Ekta Party Nepal (single election symbol),Bus,FALSE,2,Madhesh Pradesh,22,Sarlahi,1,1117,624,8,FALSE,0.85,????????
342350,Surya Narayan Rai Yadav,Male,68,10/17/2014,National Democratic Party,Plow,FALSE,2,Madhesh Pradesh,22,Sarlahi,1,1118,601,9,FALSE,0.81,I.SC.
340838,Suman Hari Adhikari,Male,33,10/3/2049,Labor Culture Party,The soil in Anjuli,FALSE,2,Madhesh Pradesh,22,Sarlahi,1,1119,580,10,FALSE,0.79,??.??.
342753,Revat Kumar Adhikari,Male,44,5/15/2038,Independent,Chessgoti,TRUE,2,Madhesh Pradesh,22,Sarlahi,1,1120,359,11,FALSE,0.49,?+2
342528,Tayyab Mansur,Male,43,5/8/2039,Nation Building Party Nepal,Water bottle inside a circle,FALSE,2,Madhesh Pradesh,22,Sarlahi,1,1121,312,12,FALSE,0.42,?????
342692,Jitendra Prasad Sah Rauniyar,Male,62,12/5/2019,Nepal People's Protection Party,Head,FALSE,2,Madhesh Pradesh,22,Sarlahi,1,1122,299,13,FALSE,0.4,?????
342764,Lumdi Prasad Dhimal,Male,57,12/16/2024,Progressive Democratic Party,Single open eye,FALSE,2,Madhesh Pradesh,22,Sarlahi,1,1123,215,14,FALSE,0.29,??.??.
342790,Tech Bahadur Shrestha,Male,30,8/29/2052,"National Liberation Movement, Nepal",Hexagon,FALSE,2,Madhesh Pradesh,22,Sarlahi,1,1124,163,15,FALSE,0.22,??????
342466,Vikash Kumar Thakur,Male,34,3/29/2048,National Liberation Party Nepal (single election symbol),Millstone,FALSE,2,Madhesh Pradesh,22,Sarlahi,1,1125,48,16,FALSE,0.07,SLC
342068,Md. Ashfaq,Male,61,7/15/2021,Aam Janata Party (Single Election Symbol),Mobile,FALSE,2,Madhesh Pradesh,22,Sarlahi,1,1126,39,17,FALSE,0.05,i.com.
342788,Inerjit Shah Teli,Male,44,2038.10.15,Nepal Janata Party,Lotus flower,FALSE,2,Madhesh Pradesh,22,Sarlahi,1,1127,37,18,FALSE,0.05,SLC
342771,Amrit Lal Womjan,Male,53,12/23/2028,Mongol National Organization,Rooster,FALSE,2,Madhesh Pradesh,22,Sarlahi,1,1128,36,19,FALSE,0.05,-
340004,Ramakant Kapar,Male,54,1/20/2028,Nepal Labor Farmers Party,Model,FALSE,2,Madhesh Pradesh,22,Sarlahi,1,1129,34,20,FALSE,0.05,????? ??
342784,Mohan Paswan,Male,33,2/2/2049,Independent,Jeep,TRUE,2,Madhesh Pradesh,22,Sarlahi,1,1130,23,21,FALSE,0.03,Plus 2 / Higher Secondary
342627,Arun Kumar Mahatto Sudi,Male,59,8/7/2023,Independent,Scissors,TRUE,2,Madhesh Pradesh,22,Sarlahi,1,1131,21,22,FALSE,0.03,+12 Science
342673,serious green officer,Male,35,3/28/2047,Independent,Round,TRUE,2,Madhesh Pradesh,22,Sarlahi,1,1132,14,23,FALSE,0.02,SLC
342794,Ram Dular Mahato,Male,34,11/15/2048,Independent,Mango,TRUE,2,Madhesh Pradesh,22,Sarlahi,1,1133,10,24,FALSE,0.01,11
341876,Ramparikshan Yadav,Male,44,6/12/2038,Independent,Sparrow,TRUE,2,Madhesh Pradesh,22,Sarlahi,1,1134,8,25,FALSE,0.01,SLC
342777,Madho Paswan Dusadh,Male,39,12/14/2042,Independent,Camera,TRUE,2,Madhesh Pradesh,22,Sarlahi,1,1135,7,26,FALSE,0.01,-
341119,Bharat Chaudhary,Male,48,2/25/2034,Independent,Cup and plate,TRUE,2,Madhesh Pradesh,22,Sarlahi,1,1136,6,27,FALSE,0.01,Literate
342792,Ram Kalas,Male,54,12/30/2027,Independent,Stool,TRUE,2,Madhesh Pradesh,22,Sarlahi,1,1137,3,28,FALSE,0,??????
341252,Robin Mahato,Male,38,10/20/2044,National Independence Party,Bell,FALSE,2,Madhesh Pradesh,22,Sarlahi,2,1138,42512,1,TRUE,58.73,??+? ???
341177,Mahindra Rai Yadav,Male,88,1/24/1994,Nepali Communist Party,five-pointed star,FALSE,2,Madhesh Pradesh,22,Sarlahi,2,1139,8523,2,FALSE,11.78,??.??.??. ??????
342345,Dr. Saroj Kumar,Male,44,7/25/2038,Nepali Congress,Tree,FALSE,2,Madhesh Pradesh,22,Sarlahi,2,1140,7039,3,FALSE,9.72,??.??.??.??
339711,Rajendra Mahato,Male,67,8/4/2015,National Liberation Party Nepal (single election symbol),Millstone,FALSE,2,Madhesh Pradesh,22,Sarlahi,2,1141,5992,4,FALSE,8.28,Bachelor
342567,Razi Ahmed,Male,34,10/26/2048,Nepal Federal Socialist Party (single election symbol),Bus,FALSE,2,Madhesh Pradesh,22,Sarlahi,2,1142,2283,5,FALSE,3.15,+?
342430,Krishna Yadav,Male,27,4/10/2055,Nepali Party for Nepal,Conch inside a sphere,FALSE,2,Madhesh Pradesh,22,Sarlahi,2,1143,2227,6,FALSE,3.08,Unknown
342240,Nageshwar Sah,Male,46,2/28/2036,Communist Party of Nepal (Unified Marxist-Leninist),Sun,FALSE,2,Madhesh Pradesh,22,Sarlahi,2,1144,1463,7,FALSE,2.02,Plus 2 / Higher Secondary
340966,Vipin Kapar,Male,60,9/25/2022,Public opinion party,Loudspeaker,FALSE,2,Madhesh Pradesh,22,Sarlahi,2,1145,756,8,FALSE,1.04,??????? (??.?)
342291,Bharat Chaudhary,Male,41,3/5/2041,"Janata Samajwadi Party, Nepal",A tilted umbrella,FALSE,2,Madhesh Pradesh,22,Sarlahi,2,1146,518,9,FALSE,0.72,??. ??.??. ?????
342388,Manoj Kumar Rai,Male,40,10/1/2042,Independent,Trophy,TRUE,2,Madhesh Pradesh,22,Sarlahi,2,1147,190,10,FALSE,0.26,Plus 2 / Higher Secondary
341361,Raj Kishore Rai Yadav,Male,57,2/15/2025,National Democratic Party,Plow,FALSE,2,Madhesh Pradesh,22,Sarlahi,2,1148,143,11,FALSE,0.2,SLC
342689,Umesh Kumar Singh,Male,61,12/5/2020,Dynamic Democratic Party,Battery,FALSE,2,Madhesh Pradesh,22,Sarlahi,2,1149,104,12,FALSE,0.14,???????? ????? ?????????
340393,Abdul Qudus Mansuri,Male,31,6/11/2051,Independent,Sofa,TRUE,2,Madhesh Pradesh,22,Sarlahi,2,1150,103,13,FALSE,0.14,Literate
340525,Ram only opinion,Male,44,5/4/2038,Independent,Badminton Cork,TRUE,2,Madhesh Pradesh,22,Sarlahi,2,1151,93,14,FALSE,0.13,??. ??.??.
342712,Chandra Bhushan Shah,Male,33,9/13/2049,Aam Janata Party (Single Election Symbol),Mobile,FALSE,2,Madhesh Pradesh,22,Sarlahi,2,1152,92,15,FALSE,0.13,???????? ?????????  ?????????? (??.??.??.)
342674,Ram Naresh Ram,Male,47,1/5/2035,Progressive Democratic Party,Single open eye,FALSE,2,Madhesh Pradesh,22,Sarlahi,2,1153,49,16,FALSE,0.07,SLC
342533,Tej Narayan Mushar,Male,56,2/26/2026,Independent,Round,TRUE,2,Madhesh Pradesh,22,Sarlahi,2,1154,48,17,FALSE,0.07,Literate
342682,Rambavu Rai,Male,47,11/15/2035,Independent,Sparrow,TRUE,2,Madhesh Pradesh,22,Sarlahi,2,1155,39,18,FALSE,0.05,SLC
341118,Gunjeshwar Prasad Shah,Male,58,10/26/2024,Independent,Pressure cooker,TRUE,2,Madhesh Pradesh,22,Sarlahi,2,1156,32,19,FALSE,0.04,???????? ?????? ???? ??
342719,Chaneshwar Sah,Male,37,1/10/2045,United Nepal Democratic Party,Male,FALSE,2,Madhesh Pradesh,22,Sarlahi,2,1157,25,20,FALSE,0.03,Unknown
342660,Ram Narayan Roy,Male,54,1/1/2028,Independent,Jeep,TRUE,2,Madhesh Pradesh,22,Sarlahi,2,1158,21,21,FALSE,0.03,5
342486,Dipesh Kumar Yadav,Male,25,8/20/2057,Independent,Syringe,TRUE,2,Madhesh Pradesh,22,Sarlahi,2,1159,20,22,FALSE,0.03,Diploma in Pharmachy
342643,Nagendra Chaudhary,Male,27,1/1/2055,Independent,Telescope,TRUE,2,Madhesh Pradesh,22,Sarlahi,2,1160,17,23,FALSE,0.02,SLC
340435,Virendra Thakur Lohar,Male,46,12/15/2035,Independent,Camera,TRUE,2,Madhesh Pradesh,22,Sarlahi,2,1161,17,24,FALSE,0.02,Literate
341035,Kanchan Chaudhary,Woman,34,2/5/2048,Independent,Triangle,TRUE,2,Madhesh Pradesh,22,Sarlahi,2,1162,15,25,FALSE,0.02,Literate
342611,Ram Adhin Rai,Male,70,8/26/2012,Independent,Cup and plate,TRUE,2,Madhesh Pradesh,22,Sarlahi,2,1163,15,26,FALSE,0.02,??????
342586,Selling opinion,Male,48,10/5/2034,Independent,Harmonium,TRUE,2,Madhesh Pradesh,22,Sarlahi,2,1164,15,27,FALSE,0.02,Literate
340482,Manoj Kumar Yadav,Male,35,5/15/2047,Independent,Mango,TRUE,2,Madhesh Pradesh,22,Sarlahi,2,1165,14,28,FALSE,0.02,?? ????? ??? ?????
342626,Manoj Kumar Yadav,Male,35,9/7/2047,Independent,Fan,TRUE,2,Madhesh Pradesh,22,Sarlahi,2,1166,8,29,FALSE,0.01,Unknown
342156,Ram Nath Sah,Male,45,11/28/2036,Independent,Tea table,TRUE,2,Madhesh Pradesh,22,Sarlahi,2,1167,7,30,FALSE,0.01,? ???
342703,Satya Narayan Chaudhary Kalwar,Male,62,3/28/2020,Independent,Calculator,TRUE,2,Madhesh Pradesh,22,Sarlahi,2,1168,1,31,FALSE,0,??????
339904,Narendra Shah Kalwar,Male,53,5/25/2029,National Independence Party,Bell,FALSE,2,Madhesh Pradesh,22,Sarlahi,3,1169,46890,1,TRUE,60.24,?? ?
340441,Narayan Kazi Shrestha,Male,66,6/20/2016,Nepali Communist Party,five-pointed star,FALSE,2,Madhesh Pradesh,22,Sarlahi,3,1170,13338,2,FALSE,17.14,??????????
341765,Vinod Kumar Khanal,Male,60,4/10/2022,Nepali Congress,Tree,FALSE,2,Madhesh Pradesh,22,Sarlahi,3,1171,6624,3,FALSE,8.51,Bachelor
341134,Hari Prasad Upreti,Male,58,1/15/2024,Communist Party of Nepal (Unified Marxist-Leninist),Sun,FALSE,2,Madhesh Pradesh,22,Sarlahi,3,1172,5776,4,FALSE,7.42,Bachelor
340618,Tribhuvan Kumar Singh,Male,52,5/9/2030,Ujjaya Nepal Party,A burning electric lamp,FALSE,2,Madhesh Pradesh,22,Sarlahi,3,1173,2622,5,FALSE,3.37,B.E. / M.A.
341268,Jai Prakash Rai,Male,44,7/15/2038,"Janata Samajwadi Party, Nepal",A tilted umbrella,FALSE,2,Madhesh Pradesh,22,Sarlahi,3,1174,766,6,FALSE,0.98,PhD
340692,Dholram Barkoti,Male,45,2/20/2037,National Democratic Party,Plow,FALSE,2,Madhesh Pradesh,22,Sarlahi,3,1175,478,7,FALSE,0.61,?? ?? ??
340289,Veer Bahadur Rumba,Male,36,7/19/2046,Mongol National Organization,Rooster,FALSE,2,Madhesh Pradesh,22,Sarlahi,3,1176,267,8,FALSE,0.34,+?
340834,Sunil Prasad Gupta,Male,44,1/10/2038,Public opinion party,Loudspeaker,FALSE,2,Madhesh Pradesh,22,Sarlahi,3,1177,260,9,FALSE,0.33,?????
341462,Krishna Nandan Roy,Male,60,10/22/2022,Independent,Mango,TRUE,2,Madhesh Pradesh,22,Sarlahi,3,1178,154,10,FALSE,0.2,?? ?? ??
341973,Shivdayal Mahara,Male,40,7/5/2042,Bahujan Ekta Party Nepal (single election symbol),Bus,FALSE,2,Madhesh Pradesh,22,Sarlahi,3,1179,151,11,FALSE,0.19,??????? ??????
342679,Sabiul Shesh,Male,30,10/15/2052,Progressive Democratic Party,Single open eye,FALSE,2,Madhesh Pradesh,22,Sarlahi,3,1180,144,12,FALSE,0.18,Unknown
342411,Pawan Kumar Mahato,Male,37,11/20/2045,Communist Party of Nepal (Maoist),A rose with two petals inside a circle.,FALSE,2,Madhesh Pradesh,22,Sarlahi,3,1181,88,13,FALSE,0.11,?? ?? ??
342695,Prince Pakhrin,Male,51,4/1/2031,Independent,Badminton Cork,TRUE,2,Madhesh Pradesh,22,Sarlahi,3,1182,84,14,FALSE,0.11,Unknown
342734,Prince Luitel,Male,54,1/20/2028,Independent,Syringe,TRUE,2,Madhesh Pradesh,22,Sarlahi,3,1183,33,15,FALSE,0.04,Unknown
342538,Krishna Kumar Shah,Male,25,4/27/2057,Independent,Cap,TRUE,2,Madhesh Pradesh,22,Sarlahi,3,1184,18,16,FALSE,0.02,?? ???
342722,Mukesh Kumar Roy,Male,39,3/5/2043,Independent,Slingshot,TRUE,2,Madhesh Pradesh,22,Sarlahi,3,1185,17,17,FALSE,0.02,Unknown
342740,Tajwiz Bhandari,Male,27,3/30/2055,Independent,Bag,TRUE,2,Madhesh Pradesh,22,Sarlahi,3,1186,15,18,FALSE,0.02,Unknown
342448,Rama Koirala,Woman,39,9/5/2043,Nepal Labor Farmers Party,Model,FALSE,2,Madhesh Pradesh,22,Sarlahi,3,1187,13,19,FALSE,0.02,?? ?? ??
340925,Ram Bahadur Mahato Koiri,Male,53,9/10/2029,Democratic Party Nepal,Chariot,FALSE,2,Madhesh Pradesh,22,Sarlahi,3,1188,13,20,FALSE,0.02,SLC
342489,Anil Kumar Yadav,Male,30,11/11/2052,Independent,Camera,TRUE,2,Madhesh Pradesh,22,Sarlahi,3,1189,12,21,FALSE,0.02,Plus 2 / Higher Secondary
340177,Mahesh Raj Dahal,Male,53,12/7/2028,National Liberation Party Nepal (single election symbol),Millstone,FALSE,2,Madhesh Pradesh,22,Sarlahi,3,1190,10,22,FALSE,0.01,?? ??? / ?????? ????????
342512,Jai Lal Sahni,Male,63,1/1/2019,Independent,Telescope,TRUE,2,Madhesh Pradesh,22,Sarlahi,3,1191,10,23,FALSE,0.01,??????
340757,Baiju Sah,Male,45,7/3/2037,Independent,Squirrel,TRUE,2,Madhesh Pradesh,22,Sarlahi,3,1192,9,24,FALSE,0.01,?? ?? ??
342625,Ram Prit Mahara,Male,58,2/5/2024,Independent,Envelope,TRUE,2,Madhesh Pradesh,22,Sarlahi,3,1193,9,25,FALSE,0.01,Unknown
341856,Sandeep Thapa,Male,28,7/27/2054,Independent,Jeep,TRUE,2,Madhesh Pradesh,22,Sarlahi,3,1194,7,26,FALSE,0.01,??????
342653,Pramod Kumar Sah,Male,36,3/24/2046,Independent,Fan,TRUE,2,Madhesh Pradesh,22,Sarlahi,3,1195,6,27,FALSE,0.01,Unknown
340527,Lakshmi Kumari Adhikari,Woman,44,12/13/2037,Independent,Contract,TRUE,2,Madhesh Pradesh,22,Sarlahi,3,1196,6,28,FALSE,0.01,?? ?? ??
342607,Ram Chandra Chamar,Male,65,11/4/2017,Independent,Sparrow,TRUE,2,Madhesh Pradesh,22,Sarlahi,3,1197,5,29,FALSE,0.01,Literate
342729,Umesh Kumar Roy,Male,32,10/1/2050,Independent,Tea table,TRUE,2,Madhesh Pradesh,22,Sarlahi,3,1198,4,30,FALSE,0.01,Unknown
342102,Dambar Bahadur Khadka,Male,27,2055-02-29,Independent,Badel,TRUE,2,Madhesh Pradesh,22,Sarlahi,3,1199,3,31,FALSE,0,+?
342256,Pramod Bhattarai,Male,50,6/8/2032,Independent,Rickshaw,TRUE,2,Madhesh Pradesh,22,Sarlahi,3,1200,3,32,FALSE,0,?? ?? ??
342161,Sandalwood dynasty,Male,25,5/10/2057,Independent,Pressure cooker,TRUE,2,Madhesh Pradesh,22,Sarlahi,3,1201,2,33,FALSE,0,?????
342738,Lok Bahadur Darlami,Male,60,1/1/2022,Independent,Cat,TRUE,2,Madhesh Pradesh,22,Sarlahi,3,1202,1,34,FALSE,0,Unknown
340974,Amresh Kumar Singh,Male,55,5/20/2027,National Independence Party,Bell,FALSE,2,Madhesh Pradesh,22,Sarlahi,4,1203,35688,1,TRUE,48.65,p.hd.
341549,Gagan Kumar Thapa,Male,49,4/4/2033,Nepali Congress,Tree,FALSE,2,Madhesh Pradesh,22,Sarlahi,4,1204,22831,2,FALSE,31.13,??.?.
339944,Amanish Kumar Yadav,Male,27,1/5/2055,Communist Party of Nepal (Unified Marxist-Leninist),Sun,FALSE,2,Madhesh Pradesh,22,Sarlahi,4,1205,9343,3,FALSE,12.74,?B.B.S.
340494,Rakesh Kumar Mishra,Male,52,11/3/2030,Public opinion party,Loudspeaker,FALSE,2,Madhesh Pradesh,22,Sarlahi,4,1206,1572,4,FALSE,2.14,??.? ??????????????
341761,Rajnis Roy,Male,32,1/15/2050,Nepali Communist Party,five-pointed star,FALSE,2,Madhesh Pradesh,22,Sarlahi,4,1207,1401,5,FALSE,1.91,MBBS
340651,Pitamwar Singh Kushwaha,Male,58,7/10/2024,Ujjaya Nepal Party,A burning electric lamp,FALSE,2,Madhesh Pradesh,22,Sarlahi,4,1208,455,6,FALSE,0.62,?????? ??????
340873,Harinandan Kumar Ranjan,Male,36,5/20/2046,Bahujan Ekta Party Nepal (single election symbol),Bus,FALSE,2,Madhesh Pradesh,22,Sarlahi,4,1209,452,7,FALSE,0.62,????
341496,Sachitra Sahni,Male,29,7/7/2053,Independent,Chessgoti,TRUE,2,Madhesh Pradesh,22,Sarlahi,4,1210,410,8,FALSE,0.56,Unknown
341132,Ram Charitra Sahni,Male,61,10/25/2021,Progressive Democratic Party,Single open eye,FALSE,2,Madhesh Pradesh,22,Sarlahi,4,1211,299,9,FALSE,0.41,??.??
341221,Rameshwar Rai Yadav,Male,70,4/15/2012,"Janata Samajwadi Party, Nepal",A tilted umbrella,FALSE,2,Madhesh Pradesh,22,Sarlahi,4,1212,184,10,FALSE,0.25,Bachelor
341162,Gyanendra Prasad Kushwaha,Male,29,2/6/2053,Independent,Trophy,TRUE,2,Madhesh Pradesh,22,Sarlahi,4,1213,113,11,FALSE,0.15,+?
341949,Ramnath Prasad Sah,Male,42,4/6/2040,Communist Party of Nepal (United),Sickle,FALSE,2,Madhesh Pradesh,22,Sarlahi,4,1214,98,12,FALSE,0.13,s.L.C.
340740,Mukesh Prasad Kushwaha,Male,34,7/10/2048,Independent,Badminton Cork,TRUE,2,Madhesh Pradesh,22,Sarlahi,4,1215,88,13,FALSE,0.12,Unknown
342639,Rinki Kumari Sah,Woman,40,4/14/2042,Aam Janata Party (Single Election Symbol),Mobile,FALSE,2,Madhesh Pradesh,22,Sarlahi,4,1216,72,14,FALSE,0.1,Unknown
341088,Pradeep Kumar Jha,Male,46,8/2/2036,National Democratic Party,Plow,FALSE,2,Madhesh Pradesh,22,Sarlahi,4,1217,70,15,FALSE,0.1,Unknown
342271,Uday Kant Mishra,Male,55,1/3/2027,National Liberation Party Nepal (single election symbol),Millstone,FALSE,2,Madhesh Pradesh,22,Sarlahi,4,1218,45,16,FALSE,0.06,Unknown
342194,Ajay Ojha,Male,53,3/28/2029,Independent,Camera,TRUE,2,Madhesh Pradesh,22,Sarlahi,4,1219,22,17,FALSE,0.03,Unknown
341687,Narendra Prasad Singh,Male,51,1/5/2031,Independent,Jeep,TRUE,2,Madhesh Pradesh,22,Sarlahi,4,1220,19,18,FALSE,0.03,Unknown
341709,Nilesh Kumar Yadav,Male,34,7/2/2048,Independent,Pumpkin,TRUE,2,Madhesh Pradesh,22,Sarlahi,4,1221,17,19,FALSE,0.02,Unknown
342696,Jai Shankar Singh Kushwaha,Male,33,4/26/2049,Independent,Telescope,TRUE,2,Madhesh Pradesh,22,Sarlahi,4,1222,16,20,FALSE,0.02,Unknown
342590,Mahesh Mandal Dhanuk,Male,38,6/12/2044,Independent,Round,TRUE,2,Madhesh Pradesh,22,Sarlahi,4,1223,16,21,FALSE,0.02,Unknown
342686,Shulpani Jha,Male,31,1/1/2051,Independent,Water jar,TRUE,2,Madhesh Pradesh,22,Sarlahi,4,1224,15,22,FALSE,0.02,Unknown
341826,Raman Mishra,Male,38,11/1/2044,Independent,Triangle,TRUE,2,Madhesh Pradesh,22,Sarlahi,4,1225,13,23,FALSE,0.02,Unknown
342677,Dhiraj Thakur,Male,33,10/5/2049,Independent,Syringe,TRUE,2,Madhesh Pradesh,22,Sarlahi,4,1226,12,24,FALSE,0.02,Unknown
341801,Ram Pravesh Yadav,Male,47,3/4/2035,Independent,Petrol pump,TRUE,2,Madhesh Pradesh,22,Sarlahi,4,1227,12,25,FALSE,0.02,Unknown
342541,Ganesh Prasad Singh,Male,70,9/22/2012,Independent,Chulesi,TRUE,2,Madhesh Pradesh,22,Sarlahi,4,1228,11,26,FALSE,0.01,Unknown
342163,Chhotelal Kumar Yadav,Male,27,4/11/2055,Independent,Helmet,TRUE,2,Madhesh Pradesh,22,Sarlahi,4,1229,10,27,FALSE,0.01,Unknown
342015,Kamlesh Mandal,Male,38,8/1/2044,Independent,Cat,TRUE,2,Madhesh Pradesh,22,Sarlahi,4,1230,9,28,FALSE,0.01,Unknown
341464,Santosh Kumar Nishad,Male,29,11/27/2052,Independent,Cauliflower,TRUE,2,Madhesh Pradesh,22,Sarlahi,4,1231,8,29,FALSE,0.01,Unknown
340787,Amit Ranjan Singh,Male,37,11/20/2045,Independent,Fan,TRUE,2,Madhesh Pradesh,22,Sarlahi,4,1232,7,30,FALSE,0.01,Unknown
341985,Chun Chun Bhandari,Male,48,2/20/2034,Independent,Bag,TRUE,2,Madhesh Pradesh,22,Sarlahi,4,1233,7,31,FALSE,0.01,Unknown
341585,Madhumala Kumari Yadav,Woman,30,8/24/2052,Independent,Cap,TRUE,2,Madhesh Pradesh,22,Sarlahi,4,1234,7,32,FALSE,0.01,Unknown
340999,Shiv Prasad Sah,Male,58,11/11/2024,Independent,Scissors,TRUE,2,Madhesh Pradesh,22,Sarlahi,4,1235,7,33,FALSE,0.01,Unknown
342356,Ambuj Prasad Sah,Male,41,8/8/2041,Independent,Stool,TRUE,2,Madhesh Pradesh,22,Sarlahi,4,1236,5,34,FALSE,0.01,Unknown
342506,Vikram Yadav,Male,41,9/10/2041,Independent,Calculator,TRUE,2,Madhesh Pradesh,22,Sarlahi,4,1237,5,35,FALSE,0.01,Unknown
342134,Lakhendra Mahato,Male,40,1/11/2042,Independent,Dust bin,TRUE,2,Madhesh Pradesh,22,Sarlahi,4,1238,4,36,FALSE,0.01,Unknown
342386,Sanjiv Kumar Paswan,Male,31,1/16/2051,Independent,Pressure cooker,TRUE,2,Madhesh Pradesh,22,Sarlahi,4,1239,4,37,FALSE,0.01,Unknown
340399,Arvind Kumar Thakur,Male,48,10/20/2034,Independent,Rickshaw,TRUE,2,Madhesh Pradesh,22,Sarlahi,4,1240,3,38,FALSE,0,SLC
340518,Mohan Acharya,Male,48,12/29/2033,Nepali Congress,Tree,FALSE,3,Bagmati Province,23,Rasuwa,1,1241,10656,1,TRUE,44.51,Unknown
339492,Basant Bhatt,Male,31,12/8/2050,National Independence Party,Bell,FALSE,3,Bagmati Province,23,Rasuwa,1,1242,5571,2,FALSE,23.27,Bachelor
341095,Prem Bahadur Tamang,Male,47,3/7/2035,Communist Party of Nepal (Unified Marxist-Leninist),Sun,FALSE,3,Bagmati Province,23,Rasuwa,1,1243,4688,3,FALSE,19.58,Unknown
341930,Man Bahadur Tamang,Male,44,10/27/2038,Ujjaya Nepal Party,A burning electric lamp,FALSE,3,Bagmati Province,23,Rasuwa,1,1244,1453,4,FALSE,6.07,Unknown
341237,Madhav Prasad Lamichhane,Male,48,7/29/2034,Nepali Communist Party,five-pointed star,FALSE,3,Bagmati Province,23,Rasuwa,1,1245,953,5,FALSE,3.98,Unknown
339928,Vinod Thing,Male,26,8/9/2056,Mongol National Organization,Rooster,FALSE,3,Bagmati Province,23,Rasuwa,1,1246,474,6,FALSE,1.98,Plus 2 / Higher Secondary
340206,Hari Prasad Ghimire,Male,68,8/13/2014,National Democratic Party,Plow,FALSE,3,Bagmati Province,23,Rasuwa,1,1247,57,7,FALSE,0.24,Unknown
340442,Hom Prasad Acharya,Male,40,8/5/2042,Communist Party of Nepal (Maoist),A rose with two petals inside a circle.,FALSE,3,Bagmati Province,23,Rasuwa,1,1248,50,8,FALSE,0.21,Unknown
341319,Sagar Lama,Male,32,8/10/2050,Independent,Helmet,TRUE,3,Bagmati Province,23,Rasuwa,1,1249,14,9,FALSE,0.06,Unknown
340755,Picture of Kumari Devkota,Woman,39,8/26/2043,Independent,Scissors,TRUE,3,Bagmati Province,23,Rasuwa,1,1250,12,10,FALSE,0.05,Unknown
341492,Dawa Sangwo Tamang,Male,38,12/5/2043,Progressive Democratic Party,Single open eye,FALSE,3,Bagmati Province,23,Rasuwa,1,1251,10,11,FALSE,0.04,Unknown
341569,Dawa Mingmar Tamang,Male,35,5/15/2047,Independent,Panda,TRUE,3,Bagmati Province,23,Rasuwa,1,1252,3,12,FALSE,0.01,Unknown
342066,Asika Tamang,Woman,37,7/1/2045,National Independence Party,Bell,FALSE,3,Bagmati Province,24,Dhading,1,1253,39128,1,TRUE,48.4,??????
340810,Bhumi Prasad Tripathi,Male,60,3/18/2022,Communist Party of Nepal (Unified Marxist-Leninist),Sun,FALSE,3,Bagmati Province,24,Dhading,1,1254,15032,2,FALSE,18.59,MA/BL
340320,Rajendra Prasad Pandey,Male,69,2013-02-29,Nepali Communist Party,five-pointed star,FALSE,3,Bagmati Province,24,Dhading,1,1255,14709,3,FALSE,18.19,????????????
341441,Krishna Rijal,Male,43,4/28/2039,Nepali Congress,Tree,FALSE,3,Bagmati Province,24,Dhading,1,1256,10080,4,FALSE,12.47,????????????
339404,Suman Tamang,Male,32,12/13/2049,Mongol National Organization,Rooster,FALSE,3,Bagmati Province,24,Dhading,1,1257,468,5,FALSE,0.58,HSEB
341318,Gita Prasad Acharya,Male,69,2/2/2013,National Democratic Party,Plow,FALSE,3,Bagmati Province,24,Dhading,1,1258,425,6,FALSE,0.53,SLC
341172,Shyamaraja Pandey,Male,56,2/4/2026,Ujjaya Nepal Party,A burning electric lamp,FALSE,3,Bagmati Province,24,Dhading,1,1259,274,7,FALSE,0.34,Bachelor
341628,Niranjan Sanjeel,Male,44,4/23/2038,Independent,Trophy,TRUE,3,Bagmati Province,24,Dhading,1,1260,176,8,FALSE,0.22,10
341675,Pralad Silwal,Male,30,1/9/2052,Labor Culture Party,The soil in Anjuli,FALSE,3,Bagmati Province,24,Dhading,1,1261,147,9,FALSE,0.18,HSEB
340204,Kumar Bahadur Tamang,Male,53,5/12/2029,Communist Party of Nepal (Maoist),A rose with two petals inside a circle.,FALSE,3,Bagmati Province,24,Dhading,1,1262,116,10,FALSE,0.14,SLC
341028,Dumber Bahadur Limbu,Male,61,1/5/2021,United Citizens Party,Guitar,FALSE,3,Bagmati Province,24,Dhading,1,1263,60,11,FALSE,0.07,10 ?????
342618,Jalapa Devi Regmi,Woman,42,4/12/2040,Aam Janata Party (Single Election Symbol),Mobile,FALSE,3,Bagmati Province,24,Dhading,1,1264,58,12,FALSE,0.07,HSEB
340892,Rajan Prasad Regmi,Male,50,1/5/2032,Progressive Democratic Party,Single open eye,FALSE,3,Bagmati Province,24,Dhading,1,1265,49,13,FALSE,0.06,SLC
342403,Rajesh Bhattarai,Male,25,7/21/2057,Independent,Round,TRUE,3,Bagmati Province,24,Dhading,1,1266,38,14,FALSE,0.05,Masters
342493,Tapan Upreti,Male,49,12/12/2032,Independent,Mana Pathi,TRUE,3,Bagmati Province,24,Dhading,1,1267,23,15,FALSE,0.03,master
339377,Chandra Devi Basukala (Lasiva),Woman,54,9/17/2028,Nepal Labor Farmers Party,Model,FALSE,3,Bagmati Province,24,Dhading,1,1268,17,16,FALSE,0.02,Unknown
342357,Keshav Prasad Rupakheti,Male,44,12/14/2037,Independent,Cauliflower,TRUE,3,Bagmati Province,24,Dhading,1,1269,17,17,FALSE,0.02,HSEB
342306,Hari Bhandari,Male,36,4/10/2046,Independent,Nut bolt,TRUE,3,Bagmati Province,24,Dhading,1,1270,10,18,FALSE,0.01,HSEB
341573,Deepak Tamang,Male,46,5/10/2036,Independent,Camera,TRUE,3,Bagmati Province,24,Dhading,1,1271,4,19,FALSE,0,SLC
342678,Dharmaraj Nepal,Male,54,6/7/2028,Independent,Scissors,TRUE,3,Bagmati Province,24,Dhading,1,1272,4,20,FALSE,0,SLC
340960,Dhurva Prasad Pandey,Male,40,12/4/2041,Independent,Eyeglass,TRUE,3,Bagmati Province,24,Dhading,1,1273,4,21,FALSE,0,Bachelor
341234,Arjun Prasad Aryal,Male,53,11/12/2029,Independent,Mango,TRUE,3,Bagmati Province,24,Dhading,1,1274,2,22,FALSE,0,HSEB
342443,Krishna Prasad Adhikari,Male,35,10/27/2047,Independent,Calculator,TRUE,3,Bagmati Province,24,Dhading,1,1275,0,23,FALSE,0,Masters
340512,Bodh Narayan Shrestha,Male,56,5/3/2026,National Independence Party,Bell,FALSE,3,Bagmati Province,24,Dhading,2,1276,26145,1,TRUE,37.48,MS
340121,Ramesh Prasad Dhamla,Male,59,6/15/2023,Nepali Congress,Tree,FALSE,3,Bagmati Province,24,Dhading,2,1277,20279,2,FALSE,29.07,Bachelor
340205,Dhan Bahadur Ghale,Male,51,7/22/2031,Communist Party of Nepal (Unified Marxist-Leninist),Sun,FALSE,3,Bagmati Province,24,Dhading,2,1278,10084,3,FALSE,14.46,Unknown
341179,Ram Bahadur Bhandari,Male,66,11/20/2016,Nepali Communist Party,five-pointed star,FALSE,3,Bagmati Province,24,Dhading,2,1279,9036,4,FALSE,12.95,????? ?? ???
341345,Suresh Rizal,Male,49,5/14/2033,National Democratic Party,Plow,FALSE,3,Bagmati Province,24,Dhading,2,1280,1504,5,FALSE,2.16,Plus 2 / Higher Secondary
341575,Amir Tamang,Male,39,10/3/2043,Ujjaya Nepal Party,A burning electric lamp,FALSE,3,Bagmati Province,24,Dhading,2,1281,886,6,FALSE,1.27,Plus 2 / Higher Secondary
341142,Deepak Adhikari,Male,40,9/29/2042,Independent,Chessgoti,TRUE,3,Bagmati Province,24,Dhading,2,1282,502,7,FALSE,0.72,10
339685,Santosh Kumar Tamang,Male,34,2/5/2048,Mongol National Organization,Rooster,FALSE,3,Bagmati Province,24,Dhading,2,1283,462,8,FALSE,0.66,Unknown
339437,Tasi Lama Tamang,Male,52,1/5/2030,Labor Culture Party,The soil in Anjuli,FALSE,3,Bagmati Province,24,Dhading,2,1284,269,9,FALSE,0.39,Plus 2 / Higher Secondary
340437,Bir Bahadur Tamang,Male,46,1/15/2036,Progressive Democratic Party,Single open eye,FALSE,3,Bagmati Province,24,Dhading,2,1285,142,10,FALSE,0.2,???????? ??
340931,Krishna Bahadur Ghatani,Male,36,1/26/2046,Communist Party of Nepal (Maoist),A rose with two petals inside a circle.,FALSE,3,Bagmati Province,24,Dhading,2,1286,121,11,FALSE,0.17,Plus 2 / Higher Secondary
340761,Devendra Gaire,Male,43,8/12/2039,United Citizens Party,Guitar,FALSE,3,Bagmati Province,24,Dhading,2,1287,116,12,FALSE,0.17,???????
339618,Susan Tamang,Male,40,1/14/2042,Friendship Party Nepal,Horse,FALSE,3,Bagmati Province,24,Dhading,2,1288,39,13,FALSE,0.06,Unknown
340373,Priya Bhatt,Woman,29,10/22/2053,Nepal Labor Farmers Party,Model,FALSE,3,Bagmati Province,24,Dhading,2,1289,35,14,FALSE,0.05,Plus 2 / Higher Secondary
340827,Rudra Bahadur Gelang Magar,Male,52,1/23/2030,Independent,Round,TRUE,3,Bagmati Province,24,Dhading,2,1290,27,15,FALSE,0.04,??????(??????????)
341872,Norman Tamang,Male,49,8/15/2033,"Janata Samajwadi Party, Nepal",A tilted umbrella,FALSE,3,Bagmati Province,24,Dhading,2,1291,18,16,FALSE,0.03,SLC
341411,Damodar Rizal,Male,36,2/21/2046,Independent,Ascot,TRUE,3,Bagmati Province,24,Dhading,2,1292,17,17,FALSE,0.02,Bachelor
340685,Nanda Prasad Kapri,Male,49,12/28/2032,Aam Janata Party (Single Election Symbol),Mobile,FALSE,3,Bagmati Province,24,Dhading,2,1293,15,18,FALSE,0.02,ISC/AHM
341911,Crocodile,Male,36,5/13/2046,National Republic of Nepal,Flying bee,FALSE,3,Bagmati Province,24,Dhading,2,1294,14,19,FALSE,0.02,Unknown
341270,Shivraj Sapkota,Male,56,5/12/2026,Independent,Telescope,TRUE,3,Bagmati Province,24,Dhading,2,1295,13,20,FALSE,0.02,Bachelor
342001,Bharat Dhungana,Male,48,4/3/2034,Independent,Camera,TRUE,3,Bagmati Province,24,Dhading,2,1296,11,21,FALSE,0.02,SLC
340593,Krishna Prasad Koirala,Male,52,8/15/2030,Independent,Mango,TRUE,3,Bagmati Province,24,Dhading,2,1297,8,22,FALSE,0.01,T.S.L.C
341014,Ujwal Shrestha,Male,29,2/2/2053,Independent,Bag,TRUE,3,Bagmati Province,24,Dhading,2,1298,7,23,FALSE,0.01,Plus 2 / Higher Secondary
341298,Shiv Nidhi Khanal,Male,56,6/8/2026,Independent,Box,TRUE,3,Bagmati Province,24,Dhading,2,1299,1,24,FALSE,0,SLC
340093,Vikram Timilsina,Male,43,7/7/2039,National Independence Party,Bell,FALSE,3,Bagmati Province,25,Nuwakot,1,1300,22609,1,TRUE,33.6,????????????
341419,Prakash Sharan Mahat,Male,66,7/19/2016,Nepali Congress,Tree,FALSE,3,Bagmati Province,25,Nuwakot,1,1301,18597,2,FALSE,27.64,????????????
340293,Hit Bahadur Tamang,Male,62,2/15/2020,Nepali Communist Party,five-pointed star,FALSE,3,Bagmati Province,25,Nuwakot,1,1302,13377,3,FALSE,19.88,SLC
340914,Badri Mainali,Male,49,2/2/2033,Communist Party of Nepal (Unified Marxist-Leninist),Sun,FALSE,3,Bagmati Province,25,Nuwakot,1,1303,8932,4,FALSE,13.28,Bachelor
341903,Amit Tamang,Male,39,5/6/2043,Ujjaya Nepal Party,A burning electric lamp,FALSE,3,Bagmati Province,25,Nuwakot,1,1304,2063,5,FALSE,3.07,?? ?????
340371,Bimal Thapa,Male,60,5/12/2022,National Democratic Party,Plow,FALSE,3,Bagmati Province,25,Nuwakot,1,1305,756,6,FALSE,1.12,Plus 2 / Higher Secondary
340790,Dawa Fenju Lama / Tamang,Male,35,5/20/2047,Labor Culture Party,The soil in Anjuli,FALSE,3,Bagmati Province,25,Nuwakot,1,1306,288,7,FALSE,0.43,?? ?? ??
340490,Kumar Rana Magar,Male,32,2/18/2050,Mongol National Organization,Rooster,FALSE,3,Bagmati Province,25,Nuwakot,1,1307,159,8,FALSE,0.24,Plus 2 / Higher Secondary
340245,Mahendra Tamang,Male,36,10/6/2046,Communist Party of Nepal (Maoist),A rose with two petals inside a circle.,FALSE,3,Bagmati Province,25,Nuwakot,1,1308,156,9,FALSE,0.23,???? ?? ???
339980,Rajan Gautam,Male,44,3/19/2038,Progressive Democratic Party,Single open eye,FALSE,3,Bagmati Province,25,Nuwakot,1,1309,88,10,FALSE,0.13,Literate
340578,Sanjeev Gurung,Male,43,2039-02-30,Independent,Ink,TRUE,3,Bagmati Province,25,Nuwakot,1,1310,63,11,FALSE,0.09,Literate
339796,Ravindra Dangol,Male,39,10/28/2043,Nepal Labor Farmers Party,Model,FALSE,3,Bagmati Province,25,Nuwakot,1,1311,50,12,FALSE,0.07,??????????
342253,Raju Thapa,Male,36,11/15/2046,Independent,Badminton Cork,TRUE,3,Bagmati Province,25,Nuwakot,1,1312,49,13,FALSE,0.07,Plus 2 / Higher Secondary
339559,Rameshwar Bhandari,Male,50,9/3/2032,Independent,Cap,TRUE,3,Bagmati Province,25,Nuwakot,1,1313,29,14,FALSE,0.04,??????????
342426,Home Bahadur Rai,Male,50,8/12/2032,"Janata Samajwadi Party, Nepal",A tilted umbrella,FALSE,3,Bagmati Province,25,Nuwakot,1,1314,24,15,FALSE,0.04,Literate
342162,Madhav Thapa,Male,36,9/17/2046,Independent,Round,TRUE,3,Bagmati Province,25,Nuwakot,1,1315,20,16,FALSE,0.03,SLC
340439,Chepe Tamang,Woman,48,4/4/2034,Independent,Camera,TRUE,3,Bagmati Province,25,Nuwakot,1,1316,14,17,FALSE,0.02,Literate
339432,Vivek Silwal,Male,41,12/26/2040,Friendship Party Nepal,Horse,FALSE,3,Bagmati Province,25,Nuwakot,1,1317,6,18,FALSE,0.01,slc ???
341708,Achuttam Lamichhane,Male,48,7/27/2034,National Independence Party,Bell,FALSE,3,Bagmati Province,25,Nuwakot,2,1318,32054,1,TRUE,47.78,PhD
340902,Jagadishwar Narasimha K.C.,Male,59,11/20/2023,Nepali Congress,Tree,FALSE,3,Bagmati Province,25,Nuwakot,2,1319,15503,2,FALSE,23.11,Bachelor
340613,Keshav Raj Pandey,Male,61,4/21/2021,Communist Party of Nepal (Unified Marxist-Leninist),Sun,FALSE,3,Bagmati Province,25,Nuwakot,2,1320,8285,3,FALSE,12.35,??????????
340386,Hiranath Khatiwada,Male,58,8/6/2024,Nepali Communist Party,five-pointed star,FALSE,3,Bagmati Province,25,Nuwakot,2,1321,6720,4,FALSE,10.02,???????? ??
341160,Gyanendra Ghale,Male,57,3/9/2025,Ujjaya Nepal Party,A burning electric lamp,FALSE,3,Bagmati Province,25,Nuwakot,2,1322,2750,5,FALSE,4.1,?????????? ??
340196,Jhanak Pyakurel,Male,57,1/13/2025,National Democratic Party,Plow,FALSE,3,Bagmati Province,25,Nuwakot,2,1323,775,6,FALSE,1.16,Bachelor
339331,Renchen Tamang,Male,34,6/3/2048,Mongol National Organization,Rooster,FALSE,3,Bagmati Province,25,Nuwakot,2,1324,426,7,FALSE,0.63,???? ??.??.
340474,Vinod Kumar Tamang,Male,30,8/2/2052,Labor Culture Party,The soil in Anjuli,FALSE,3,Bagmati Province,25,Nuwakot,2,1325,396,8,FALSE,0.59,Plus 2 / Higher Secondary
339900,Nawaraj Dhungana,Male,48,6/17/2034,Communist Party of Nepal (Maoist),A rose with two petals inside a circle.,FALSE,3,Bagmati Province,25,Nuwakot,2,1326,90,9,FALSE,0.13,???????? ??
339407,Kiran Timsena,Male,30,8/20/2052,Communist Party of Nepal (United),Sickle,FALSE,3,Bagmati Province,25,Nuwakot,2,1327,52,10,FALSE,0.08,???????? ??
341211,Subash Bhatt,Male,29,2/6/2053,Nepal Labor Farmers Party,Model,FALSE,3,Bagmati Province,25,Nuwakot,2,1328,28,11,FALSE,0.04,Plus 2 / Higher Secondary
342300,Maan Singh Gadaili,Male,54,2/5/2028,Aam Janata Party (Single Election Symbol),Mobile,FALSE,3,Bagmati Province,25,Nuwakot,2,1329,11,12,FALSE,0.02,Literate
340716,Ranju Nyupane,Woman,30,11/20/2052,National Independence Party,Bell,FALSE,3,Bagmati Province,26,Kathmandu,1,1330,15455,1,TRUE,53.14,Masters
342172,Prabal Thapa Chhetri,Male,42,5/12/2040,Nepali Congress,Tree,FALSE,3,Bagmati Province,26,Kathmandu,1,1331,6364,2,FALSE,21.88,Masters
339576,Rabindra Mishra,Male,60,3/19/2022,National Democratic Party,Plow,FALSE,3,Bagmati Province,26,Kathmandu,1,1332,3972,3,FALSE,13.66,Masters
339901,Mohan Raj Regmi,Male,56,6/6/2026,Communist Party of Nepal (Unified Marxist-Leninist),Sun,FALSE,3,Bagmati Province,26,Kathmandu,1,1333,1618,4,FALSE,5.56,Bachelor
340777,Mang Lal Shrestha,Male,55,10/1/2027,Ujjaya Nepal Party,A burning electric lamp,FALSE,3,Bagmati Province,26,Kathmandu,1,1334,466,5,FALSE,1.6,MSC/BE Civil
341063,Samir Lama Tamang,Male,39,3/3/2043,Labor Culture Party,The soil in Anjuli,FALSE,3,Bagmati Province,26,Kathmandu,1,1335,426,6,FALSE,1.46,Bachelor
340466,Menuka Bhandari,Woman,38,9/13/2044,Nepali Communist Party,five-pointed star,FALSE,3,Bagmati Province,26,Kathmandu,1,1336,345,7,FALSE,1.19,Bachelor
341274,Kushal Khatri,Male,39,4/3/2043,Independent,Pressure cooker,TRUE,3,Bagmati Province,26,Kathmandu,1,1337,84,8,FALSE,0.29,Bachelor
340337,Sagar Joshi,Male,40,10/21/2042,Independent,Trophy,TRUE,3,Bagmati Province,26,Kathmandu,1,1338,60,9,FALSE,0.21,M Pharmacy
339780,Surendra Prasad Dhakal,Male,67,7/16/2015,Independent,Saw,TRUE,3,Bagmati Province,26,Kathmandu,1,1339,52,10,FALSE,0.18,DR. MA
340900,Asim Man Singh Wasnayat,Male,41,4/25/2041,Independent,Triangle,TRUE,3,Bagmati Province,26,Kathmandu,1,1340,50,11,FALSE,0.17,Bachelor
341135,Ramila Jyakhv (Question),Woman,41,5/18/2041,Nepal Labor Farmers Party,Model,FALSE,3,Bagmati Province,26,Kathmandu,1,1341,45,12,FALSE,0.15,Bachelor
341316,Sabine Sigdel,Male,33,3/21/2049,Progressive Democratic Party,Single open eye,FALSE,3,Bagmati Province,26,Kathmandu,1,1342,31,13,FALSE,0.11,???????????
340830,Prakash Naiju,Male,47,6/18/2035,"Janata Samajwadi Party, Nepal",A tilted umbrella,FALSE,3,Bagmati Province,26,Kathmandu,1,1343,27,14,FALSE,0.09,???????? ?????????? ??
341395,Dhanraj Shahi,Male,38,1/1/2044,Communist Party of Nepal (Maoist),A rose with two petals inside a circle.,FALSE,3,Bagmati Province,26,Kathmandu,1,1344,20,15,FALSE,0.07,????
342081,Indra Prasad Shrestha,Male,65,2/13/2017,National Liberation Party Nepal (single election symbol),Millstone,FALSE,3,Bagmati Province,26,Kathmandu,1,1345,15,16,FALSE,0.05,????????
342502,Kumar Shahi,Male,34,12/10/2047,Independent,Violin,TRUE,3,Bagmati Province,26,Kathmandu,1,1346,15,17,FALSE,0.05,Plus 2 / Higher Secondary
339489,Kamal Koirala,Male,39,10/28/2043,Independent,Cap,TRUE,3,Bagmati Province,26,Kathmandu,1,1347,11,18,FALSE,0.04,Masters
340248,Shambhu Pokharel,Male,42,4/13/2040,Independent,Cable car,TRUE,3,Bagmati Province,26,Kathmandu,1,1348,7,19,FALSE,0.02,PHD
341530,Surendra Pandey,Male,28,9/27/2054,Inclusive Socialist Party,Srivatsa is a symbol of prosperity.,FALSE,3,Bagmati Province,26,Kathmandu,1,1349,5,20,FALSE,0.02,SLC
340065,Raj Kumar Bajgai,Male,36,3/22/2046,Independent,Calculator,TRUE,3,Bagmati Province,26,Kathmandu,1,1350,3,21,FALSE,0.01,???????? ?????????? ??
341987,Raj Kumar Limbu,Male,45,9/14/2037,Friendship Party Nepal,Horse,FALSE,3,Bagmati Province,26,Kathmandu,1,1351,2,22,FALSE,0.01,Literate
341472,Kamal Subedi,Male,34,6/25/2048,Janadesh Party Nepal (single election symbol),Mobile,FALSE,3,Bagmati Province,26,Kathmandu,1,1352,2,23,FALSE,0.01,??????? ?????
342419,Kiran Shah,Male,54,5/10/2028,Independent,Badminton Cork,TRUE,3,Bagmati Province,26,Kathmandu,1,1353,2,24,FALSE,0.01,Bachelor
342337,Ramesh Prasad Joshi,Male,49,8/10/2033,Independent,Scissors,TRUE,3,Bagmati Province,26,Kathmandu,1,1354,2,25,FALSE,0.01,????????????
340007,Raju Bhujel,Male,40,12/29/2041,Independent,Tire,TRUE,3,Bagmati Province,26,Kathmandu,1,1355,1,26,FALSE,0,Literate
339825,Shanti Shrestha,Woman,52,3/10/2030,Independent,Camera,TRUE,3,Bagmati Province,26,Kathmandu,1,1356,1,27,FALSE,0,Literate
342385,Music boom,Male,29,12/19/2052,Independent,Goat's head,TRUE,3,Bagmati Province,26,Kathmandu,1,1357,1,28,FALSE,0,Plus 2 / Higher Secondary
340585,Arjun Bahadur Shahi,Male,27,8/8/2055,Nepal Janasewa Party,White and black shoes,FALSE,3,Bagmati Province,26,Kathmandu,1,1358,0,29,FALSE,0,Masters
341881,Sunil K.C.,Male,43,8/17/2039,National Independence Party,Bell,FALSE,3,Bagmati Province,26,Kathmandu,2,1359,34238,1,TRUE,60.05,Plus 2 / Higher Secondary
341940,Kabir Sharma,Male,37,11/26/2044,Nepali Congress,Tree,FALSE,3,Bagmati Province,26,Kathmandu,2,1360,8874,2,FALSE,15.56,????????????
339804,Kunti Devi Pokharel (Teacher),Woman,38,12/20/2043,National Democratic Party,Plow,FALSE,3,Bagmati Province,26,Kathmandu,2,1361,5210,3,FALSE,9.14,????????????
339642,Maniram Phuyal,Male,60,10/29/2022,Communist Party of Nepal (Unified Marxist-Leninist),Sun,FALSE,3,Bagmati Province,26,Kathmandu,2,1362,4759,4,FALSE,8.35,??.??. (??.??.)
339990,Nitesh Poudel,Male,38,10/15/2044,Nepali Communist Party,five-pointed star,FALSE,3,Bagmati Province,26,Kathmandu,2,1363,1912,5,FALSE,3.35,Bachelor
340674,Pawan Pokharel,Male,45,7/7/2037,Ujjaya Nepal Party,A burning electric lamp,FALSE,3,Bagmati Province,26,Kathmandu,2,1364,895,6,FALSE,1.57,????????????
342035,Mukunda Karki,Male,45,1/20/2037,Labor Culture Party,The soil in Anjuli,FALSE,3,Bagmati Province,26,Kathmandu,2,1365,588,7,FALSE,1.03,??.??.??.+ ???????? ?????????? ???? ??????
341304,Anup Bohra,Male,34,10/10/2048,National Change Party,Flute,FALSE,3,Bagmati Province,26,Kathmandu,2,1366,226,8,FALSE,0.4,??.??.?.
339422,Sharmila Mali,Woman,45,8/4/2037,Nepal Labor Farmers Party,Model,FALSE,3,Bagmati Province,26,Kathmandu,2,1367,68,9,FALSE,0.12,????? ??
339836,Bal Chandra Shrestha,Male,56,7/1/2026,Progressive Democratic Party,Single open eye,FALSE,3,Bagmati Province,26,Kathmandu,2,1368,53,10,FALSE,0.09,"LLM, CA, MBA, MA (ECO)"
340406,Prakash Budhathoki,Male,45,5/23/2037,Communist Party of Nepal (Maoist),A rose with two petals inside a circle.,FALSE,3,Bagmati Province,26,Kathmandu,2,1369,35,11,FALSE,0.06,?? ???
340078,Anand Singhada,Male,71,1/18/2011,Jai Matrubhoomi Party,Mother holding baby in arms,FALSE,3,Bagmati Province,26,Kathmandu,2,1370,29,12,FALSE,0.05,SLC
342358,Raj Kumar Shrestha,Male,36,3/19/2046,Independent,Badminton Cork,TRUE,3,Bagmati Province,26,Kathmandu,2,1371,20,13,FALSE,0.04,????????????
339378,Upendra Karki,Male,62,1/13/2020,Communist Party of Nepal (United),Sickle,FALSE,3,Bagmati Province,26,Kathmandu,2,1372,18,14,FALSE,0.03,??.?.
341382,Trilok Bahadur Chand,Male,50,9/11/2032,Independent,Triangle,TRUE,3,Bagmati Province,26,Kathmandu,2,1373,17,15,FALSE,0.03,??.?./??.??.
340461,Tilak Bahadur Magar,Male,55,1/8/2027,Aam Janata Party (Single Election Symbol),Mobile,FALSE,3,Bagmati Province,26,Kathmandu,2,1374,14,16,FALSE,0.02,??.?.
342255,Narvada Kumari Bhattarai,Woman,53,4/7/2029,National Liberation Party Nepal (single election symbol),Millstone,FALSE,3,Bagmati Province,26,Kathmandu,2,1375,8,17,FALSE,0.01,?? ?????
341830,Biswas Basnet,Male,26,5/12/2056,Independent,Syringe,TRUE,3,Bagmati Province,26,Kathmandu,2,1376,8,18,FALSE,0.01,??.??.??.??
341149,Virendra Kumar Sah,Male,47,10/29/2035,Independent,Cup and plate,TRUE,3,Bagmati Province,26,Kathmandu,2,1377,8,19,FALSE,0.01,Plus 2 / Higher Secondary
339543,Metaphorical coin,Male,46,7/24/2036,Independent,Cap,TRUE,3,Bagmati Province,26,Kathmandu,2,1378,7,20,FALSE,0.01,Literate
340742,Tirtha Raj Poudel,Male,45,9/11/2037,Independent,Mango,TRUE,3,Bagmati Province,26,Kathmandu,2,1379,6,21,FALSE,0.01,???? ??????? /????????
341601,Manju Lama,Woman,41,7/7/2041,Independent,Saw,TRUE,3,Bagmati Province,26,Kathmandu,2,1380,5,22,FALSE,0.01,Plus 2 / Higher Secondary
339764,Arjun Dhungana,Male,51,7/15/2031,Independent,Scissors,TRUE,3,Bagmati Province,26,Kathmandu,2,1381,4,23,FALSE,0.01,SLC
342321,Metaphorical Bastakoti,Male,36,10/15/2046,Independent,Jeep,TRUE,3,Bagmati Province,26,Kathmandu,2,1382,4,24,FALSE,0.01,Bachelor
342303,Krishna Bahadur Khatri,Male,42,4/26/2040,Trimul Nepal,Odan,FALSE,3,Bagmati Province,26,Kathmandu,2,1383,3,25,FALSE,0.01,??????
341036,Top Wahadur Thapa,Male,71,7/10/2011,Independent,Sparrow,TRUE,3,Bagmati Province,26,Kathmandu,2,1384,3,26,FALSE,0.01,???????
341228,Sita Tiwari,Woman,47,10/10/2035,Independent,Dust bin,TRUE,3,Bagmati Province,26,Kathmandu,2,1385,2,27,FALSE,0,Plus 2 / Higher Secondary
342180,Ira the best,Woman,48,11/18/2034,Independent,Stool,TRUE,3,Bagmati Province,26,Kathmandu,2,1386,1,28,FALSE,0,Literate
339690,Raju Nath Pandey,Male,55,5/26/2027,National Independence Party,Bell,FALSE,3,Bagmati Province,26,Kathmandu,3,1387,18757,1,TRUE,44.75,Masters
340200,Kulman Ghising,Male,55,8/10/2027,Ujjaya Nepal Party,A burning electric lamp,FALSE,3,Bagmati Province,26,Kathmandu,3,1388,11171,2,FALSE,26.65,"MBA, ME"
341618,Ramesh Aryal,Male,59,5/22/2023,Nepali Congress,Tree,FALSE,3,Bagmati Province,26,Kathmandu,3,1389,6000,3,FALSE,14.31,Bachelor
340062,Rameshwar Phuyal,Male,63,7/12/2019,Communist Party of Nepal (Unified Marxist-Leninist),Sun,FALSE,3,Bagmati Province,26,Kathmandu,3,1390,3816,4,FALSE,9.1,Masters
340737,Sundar Ram Bohra,Male,53,5/1/2029,National Democratic Party,Plow,FALSE,3,Bagmati Province,26,Kathmandu,3,1391,841,5,FALSE,2.01,????????????
339813,Neeraj Lama,Male,45,4/7/2037,Nepali Communist Party,five-pointed star,FALSE,3,Bagmati Province,26,Kathmandu,3,1392,518,6,FALSE,1.24,?????
339941,Subash Ghising,Male,30,8/25/2052,Labor Culture Party,The soil in Anjuli,FALSE,3,Bagmati Province,26,Kathmandu,3,1393,347,7,FALSE,0.83,+? ????????
340288,Keshav Nepal,Male,47,1/6/2035,Independent,Chessgoti,TRUE,3,Bagmati Province,26,Kathmandu,3,1394,265,8,FALSE,0.63,SLC
340491,Shekhar Nath Acharya,Male,60,2/9/2022,Communist Party of Nepal (Maoist),A rose with two petals inside a circle.,FALSE,3,Bagmati Province,26,Kathmandu,3,1395,55,9,FALSE,0.13,SLC
339394,Suresh Kumar Dhungana,Male,63,8/4/2019,Independent,Coconut,TRUE,3,Bagmati Province,26,Kathmandu,3,1396,27,10,FALSE,0.06,????????????
339765,Madan Shrestha,Male,56,2/2/2026,Nepal Labor Farmers Party,Model,FALSE,3,Bagmati Province,26,Kathmandu,3,1397,26,11,FALSE,0.06,Certificate Level
339374,Kul Bahadur Lama,Male,57,1/15/2025,Mongol National Organization,Rooster,FALSE,3,Bagmati Province,26,Kathmandu,3,1398,20,12,FALSE,0.05,?? ????? ???
339459,Shri Krishna Varal,Male,47,2/4/2035,Independent,Sparrow,TRUE,3,Bagmati Province,26,Kathmandu,3,1399,15,13,FALSE,0.04,?? ???
341778,Babu Kazi Karki,Male,43,3/9/2039,Communist Party of Nepal (United),Sickle,FALSE,3,Bagmati Province,26,Kathmandu,3,1400,13,14,FALSE,0.03,SLC
340144,Sajjan Acharya,Male,39,3/3/2043,Independent,Badel,TRUE,3,Bagmati Province,26,Kathmandu,3,1401,13,15,FALSE,0.03,??????????????? ??????
339723,Pranil Dhwaj Karki,Male,62,6/14/2020,"Janata Samajwadi Party, Nepal",A tilted umbrella,FALSE,3,Bagmati Province,26,Kathmandu,3,1402,11,16,FALSE,0.03,Certificate Level
339505,Shekhar Aryal,Male,47,8/11/2035,Progressive Democratic Party,Single open eye,FALSE,3,Bagmati Province,26,Kathmandu,3,1403,10,17,FALSE,0.02,????????????
340684,Rama Krishna Pujari,Male,49,12/14/2032,Independent,Cap,TRUE,3,Bagmati Province,26,Kathmandu,3,1404,7,18,FALSE,0.02,? ???
340971,Prem Chiri Sherpa,Male,43,1/1/2039,National Republic of Nepal,Flying bee,FALSE,3,Bagmati Province,26,Kathmandu,3,1405,2,19,FALSE,0,Plus 2 / Higher Secondary
340824,Rup Sagar Devi,Woman,50,5/15/2032,Aam Janata Party (Single Election Symbol),Mobile,FALSE,3,Bagmati Province,26,Kathmandu,3,1406,2,20,FALSE,0,SLC
342431,Pradeep Kafle,Male,35,1/7/2047,Independent,Eyeglass,TRUE,3,Bagmati Province,26,Kathmandu,3,1407,2,21,FALSE,0,SLC
342480,Jeet Bahadur Tamang,Male,68,6/6/2014,Friendship Party Nepal,Horse,FALSE,3,Bagmati Province,26,Kathmandu,3,1408,1,22,FALSE,0,? ???
340660,Call Bomb,Male,38,3/10/2044,National Independence Party,Bell,FALSE,3,Bagmati Province,26,Kathmandu,4,1409,29142,1,TRUE,59.85,Unknown
341929,Sachin Timalsena,Male,33,12/3/2048,Nepali Congress,Tree,FALSE,3,Bagmati Province,26,Kathmandu,4,1410,8824,2,FALSE,18.12,Unknown
341885,Rajan Bhattarai,Male,57,3/29/2025,Communist Party of Nepal (Unified Marxist-Leninist),Sun,FALSE,3,Bagmati Province,26,Kathmandu,4,1411,5733,3,FALSE,11.77,Unknown
340380,Surendra Raj Bhandari,Male,63,12/10/2018,National Democratic Party,Plow,FALSE,3,Bagmati Province,26,Kathmandu,4,1412,2025,4,FALSE,4.16,Unknown
339619,Jhanak Bahadur Adhikari,Male,45,7/9/2037,Ujjaya Nepal Party,A burning electric lamp,FALSE,3,Bagmati Province,26,Kathmandu,4,1413,1034,5,FALSE,2.12,Unknown
339948,Barun Amatya,Male,39,7/4/2043,Labor Culture Party,The soil in Anjuli,FALSE,3,Bagmati Province,26,Kathmandu,4,1414,756,6,FALSE,1.55,Unknown
340590,Indra Kumar Bhusal,Male,40,4/1/2042,Nepali Communist Party,five-pointed star,FALSE,3,Bagmati Province,26,Kathmandu,4,1415,657,7,FALSE,1.35,Unknown
341139,Vinod Babu Pradhan,Male,57,1/1/2025,Independent,Cap,TRUE,3,Bagmati Province,26,Kathmandu,4,1416,102,8,FALSE,0.21,Unknown
340985,Archan Shamsher Rana,Male,43,7/11/2039,Independent,Syringe,TRUE,3,Bagmati Province,26,Kathmandu,4,1417,83,9,FALSE,0.17,Unknown
339342,Asha Lal Shrestha,Male,58,3/19/2024,Nepal Labor Farmers Party,Model,FALSE,3,Bagmati Province,26,Kathmandu,4,1418,56,10,FALSE,0.12,Unknown
340821,Pujan Gajurel,Male,29,11/16/2053,Independent,Violin,TRUE,3,Bagmati Province,26,Kathmandu,4,1419,40,11,FALSE,0.08,Unknown
342405,Karisma Kharel,Woman,42,8/24/2040,Communist Party of Nepal (Maoist),A rose with two petals inside a circle.,FALSE,3,Bagmati Province,26,Kathmandu,4,1420,31,12,FALSE,0.06,Unknown
342460,Sanjeev Darji,Male,58,4/4/2024,Independent,Squirrel,TRUE,3,Bagmati Province,26,Kathmandu,4,1421,29,13,FALSE,0.06,Unknown
339736,Kemsh Singh,Male,25,2057-04-31,Janadesh Party Nepal (single election symbol),Mobile,FALSE,3,Bagmati Province,26,Kathmandu,4,1422,22,14,FALSE,0.05,Y
339590,Chhabi Bahadur Khanal,Male,56,10/17/2026,National People's Front,Glass,FALSE,3,Bagmati Province,26,Kathmandu,4,1423,20,15,FALSE,0.04,Unknown
339318,Shyam Kumar Bhatrarai Khatri,Male,70,3/26/2012,Nepali Party for Nepal,Conch inside a sphere,FALSE,3,Bagmati Province,26,Kathmandu,4,1424,18,16,FALSE,0.04,Unknown
341712,Deependra Kumar Kafle,Male,54,2/5/2028,Independent,Pressure cooker,TRUE,3,Bagmati Province,26,Kathmandu,4,1425,18,17,FALSE,0.04,Unknown
342589,Datta Budha,Male,34,2/13/2048,Progressive Democratic Party,Single open eye,FALSE,3,Bagmati Province,26,Kathmandu,4,1426,16,18,FALSE,0.03,Unknown
341490,Sita Tamang,Woman,58,8/18/2024,Mongol National Organization,Rooster,FALSE,3,Bagmati Province,26,Kathmandu,4,1427,16,19,FALSE,0.03,Unknown
341296,Rajan Puri,Male,31,6/12/2051,Jai Matrubhoomi Party,Mother holding baby in arms,FALSE,3,Bagmati Province,26,Kathmandu,4,1428,11,20,FALSE,0.02,Unknown
339826,Prem Kumar Rai,Male,48,7/15/2034,Friendship Party Nepal,Horse,FALSE,3,Bagmati Province,26,Kathmandu,4,1429,9,21,FALSE,0.02,Unknown
340460,Devraj Poudel,Male,34,6/5/2048,Independent,Sparrow,TRUE,3,Bagmati Province,26,Kathmandu,4,1430,9,22,FALSE,0.02,Unknown
339792,Madan Dev Acharya,Male,87,9/24/1995,Independent,Telescope,TRUE,3,Bagmati Province,26,Kathmandu,4,1431,9,23,FALSE,0.02,Unknown
342613,Manoj Adhikari,Male,39,7/10/2043,Independent,Water jar,TRUE,3,Bagmati Province,26,Kathmandu,4,1432,8,24,FALSE,0.02,Unknown
339908,Muskan Poudel,Male,57,1/22/2025,United Nepal Democratic Party,Male,FALSE,3,Bagmati Province,26,Kathmandu,4,1433,7,25,FALSE,0.01,Unknown
339409,Chet Bahadur Ale,Male,51,9/25/2031,National People's Liberation Party,Shaking hands,FALSE,3,Bagmati Province,26,Kathmandu,4,1434,7,26,FALSE,0.01,Unknown
341789,Kedar Bahadur Karki,Male,58,6/9/2024,Independent,Scissors,TRUE,3,Bagmati Province,26,Kathmandu,4,1435,5,27,FALSE,0.01,Unknown
342188,Ashish Shrestha,Male,40,8/11/2042,Independent,Coconut,TRUE,3,Bagmati Province,26,Kathmandu,4,1436,2,28,FALSE,0,Unknown
340670,Sasmit Pokharel,Male,29,12/1/2052,National Independence Party,Bell,FALSE,3,Bagmati Province,26,Kathmandu,5,1437,30737,1,TRUE,61.23,Bachelor
340646,Pradeep Poudel,Male,50,12/14/2031,Nepali Congress,Tree,FALSE,3,Bagmati Province,26,Kathmandu,5,1438,9159,2,FALSE,18.24,??????????
340085,Ishwar Pokharel,Male,72,10/20/2010,Communist Party of Nepal (Unified Marxist-Leninist),Sun,FALSE,3,Bagmati Province,26,Kathmandu,5,1439,4701,3,FALSE,9.36,Bachelor
339359,Kamal Thapa,Male,70,4/20/2012,National Democratic Party,Plow,FALSE,3,Bagmati Province,26,Kathmandu,5,1440,1922,4,FALSE,3.83,??????????
339536,Shriram Gurung,Male,43,7/28/2039,Ujjaya Nepal Party,A burning electric lamp,FALSE,3,Bagmati Province,26,Kathmandu,5,1441,1228,5,FALSE,2.45,??????????
340227,Amit Thapa,Male,38,6/3/2044,Labor Culture Party,The soil in Anjuli,FALSE,3,Bagmati Province,26,Kathmandu,5,1442,769,6,FALSE,1.53,Plus 2 / Higher Secondary
339912,Kalpana Sharma,Woman,48,3/4/2034,Nepali Communist Party,five-pointed star,FALSE,3,Bagmati Province,26,Kathmandu,5,1443,574,7,FALSE,1.14,"?????????? (LL.M., MPA)"
339845,Sheva Lal Shrestha,Male,54,3/15/2028,Nepal Labor Farmers Party,Model,FALSE,3,Bagmati Province,26,Kathmandu,5,1444,574,8,FALSE,1.14,SLC
340866,Nisha Adhikari,Woman,39,6/18/2043,Dynamic Democratic Party,Battery,FALSE,3,Bagmati Province,26,Kathmandu,5,1445,91,9,FALSE,0.18,??????????
339569,Religion Dangol,Male,49,4/29/2033,Independent,Cap,TRUE,3,Bagmati Province,26,Kathmandu,5,1446,77,10,FALSE,0.15,??????????
340986,Gyanendra Prajapati,Male,42,12/23/2039,Communist Party of Nepal (Maoist),A rose with two petals inside a circle.,FALSE,3,Bagmati Province,26,Kathmandu,5,1447,71,11,FALSE,0.14,SLC
339743,Vishnu is the best,Male,48,10/14/2034,Progressive Democratic Party,Single open eye,FALSE,3,Bagmati Province,26,Kathmandu,5,1448,50,12,FALSE,0.1,??.??.
340397,Ashok Vikram G.C,Male,54,6/30/2028,National People's Front,Glass,FALSE,3,Bagmati Province,26,Kathmandu,5,1449,49,13,FALSE,0.1,"MA., M.Sc."
340448,Shyam Kazi Sunuwar,Male,36,6/22/2046,United Citizens Party,Guitar,FALSE,3,Bagmati Province,26,Kathmandu,5,1450,45,14,FALSE,0.09,???????? ??
340315,Basant Raj Kunwar,Male,66,12/12/2015,Jai Matrubhoomi Party,Mother holding baby in arms,FALSE,3,Bagmati Province,26,Kathmandu,5,1451,33,15,FALSE,0.07,Bachelor
341246,Camuna Mizar,Woman,38,4/10/2044,Independent,Triangle,TRUE,3,Bagmati Province,26,Kathmandu,5,1452,29,16,FALSE,0.06,SLC
340368,Nimesh Khanal,Male,53,3/28/2029,Communist Party of Nepal (United),Sickle,FALSE,3,Bagmati Province,26,Kathmandu,5,1453,27,17,FALSE,0.05,Bachelor
341557,Yuvraj Kafle,Male,54,5/8/2028,Communist Party of Nepal (Marxist) (single election symbol),Spade,FALSE,3,Bagmati Province,26,Kathmandu,5,1454,16,18,FALSE,0.03,?????? (????????)
341089,Danindra Joshi,Male,49,1/15/2033,"Janata Samajwadi Party, Nepal",A tilted umbrella,FALSE,3,Bagmati Province,26,Kathmandu,5,1455,15,19,FALSE,0.03,Bachelor
339777,Komal Poudel,Woman,64,5/18/2018,Aam Janata Party (Single Election Symbol),Mobile,FALSE,3,Bagmati Province,26,Kathmandu,5,1456,10,20,FALSE,0.02,???.???. (??????????????? ???????)
341031,Mira Gurung,Woman,46,9/2/2036,Mongol National Organization,Rooster,FALSE,3,Bagmati Province,26,Kathmandu,5,1457,6,21,FALSE,0.01,Plus 2 / Higher Secondary
339818,Ramesh Tamang,Male,47,11/1/2035,Trimul Nepal,Odan,FALSE,3,Bagmati Province,26,Kathmandu,5,1458,6,22,FALSE,0.01,Unknown
340949,Dhak Bahadur Karki,Male,55,6/18/2027,Independent,Scissors,TRUE,3,Bagmati Province,26,Kathmandu,5,1459,6,23,FALSE,0.01,??????????
341341,Ramita Sapkota,Woman,37,1/30/2045,Independent,Celery bread,TRUE,3,Bagmati Province,26,Kathmandu,5,1460,5,24,FALSE,0.01,??????????
341293,Prabha Shrestha,Woman,46,12/12/2035,Independent,Camera,TRUE,3,Bagmati Province,26,Kathmandu,5,1461,3,25,FALSE,0.01,???????? ??
342290,Shishir Khanal,Male,47,9/16/2035,National Independence Party,Bell,FALSE,3,Bagmati Province,26,Kathmandu,6,1462,27916,1,TRUE,64.39,Masters
341403,Krishna Vaniya Kshetri,Male,61,3/4/2021,Nepali Congress,Tree,FALSE,3,Bagmati Province,26,Kathmandu,6,1463,6667,2,FALSE,15.38,???????? ???? ??
341299,Aman Kumar Maskey,Male,53,7/1/2029,Communist Party of Nepal (Unified Marxist-Leninist),Sun,FALSE,3,Bagmati Province,26,Kathmandu,6,1464,4518,3,FALSE,10.42,Masters
341133,Uddhav Raj Vetuwal,Male,36,8/7/2046,National Democratic Party,Plow,FALSE,3,Bagmati Province,26,Kathmandu,6,1465,1321,4,FALSE,3.05,Masters
339889,Hem Lal Sharma,Male,56,1/12/2026,Nepali Communist Party,five-pointed star,FALSE,3,Bagmati Province,26,Kathmandu,6,1466,1260,5,FALSE,2.91,Master
341804,Will inherit,Male,36,6/7/2046,Ujjaya Nepal Party,A burning electric lamp,FALSE,3,Bagmati Province,26,Kathmandu,6,1467,857,6,FALSE,1.98,Bachelor
341579,Lovely Thapa,Woman,42,8/28/2040,Labor Culture Party,The soil in Anjuli,FALSE,3,Bagmati Province,26,Kathmandu,6,1468,448,7,FALSE,1.03,"MBBS, Master"
339593,Indra Kumari Bajracharya,Woman,47,5/15/2035,Nepal Labor Farmers Party,Model,FALSE,3,Bagmati Province,26,Kathmandu,6,1469,230,8,FALSE,0.53,SLC
341719,Sukra Bahadur Lama,Male,44,11/6/2038,Communist Party of Nepal (Maoist),A rose with two petals inside a circle.,FALSE,3,Bagmati Province,26,Kathmandu,6,1470,24,9,FALSE,0.06,SLC
339450,Jagat Prasad Regmi,Male,50,7/20/2032,National People's Front,Glass,FALSE,3,Bagmati Province,26,Kathmandu,6,1471,20,10,FALSE,0.05,12 pass
341477,Giri Raj Aryal,Male,50,11/7/2032,Progressive Democratic Party,Single open eye,FALSE,3,Bagmati Province,26,Kathmandu,6,1472,19,11,FALSE,0.04,educated
340993,Rome Red Giri,Male,61,2/2/2021,Jai Matrubhoomi Party,Mother holding baby in arms,FALSE,3,Bagmati Province,26,Kathmandu,6,1473,18,12,FALSE,0.04,Bsc. Ag.
340481,Ambika Kumari Karki,Woman,47,3/10/2035,Independent,Violin,TRUE,3,Bagmati Province,26,Kathmandu,6,1474,17,13,FALSE,0.04,SLC
342500,Success bag,Woman,31,6/17/2051,Aam Janata Party (Single Election Symbol),Mobile,FALSE,3,Bagmati Province,26,Kathmandu,6,1475,8,14,FALSE,0.02,Masters
342085,Saroj Thaplia added,Male,37,4/25/2045,Independent,Syringe,TRUE,3,Bagmati Province,26,Kathmandu,6,1476,7,15,FALSE,0.02,Masters
341932,Uddhav Prasad Mishra,Male,49,6/20/2033,Democratic Party Nepal,Chariot,FALSE,3,Bagmati Province,26,Kathmandu,6,1477,6,16,FALSE,0.01,IA
342754,Bal Bahadur K.C,Male,68,9/2/2014,Independent,Camera,TRUE,3,Bagmati Province,26,Kathmandu,6,1478,6,17,FALSE,0.01,SLC
341081,Indira Thapa,Woman,61,1/19/2021,National Liberation Party Nepal (single election symbol),Millstone,FALSE,3,Bagmati Province,26,Kathmandu,6,1479,5,18,FALSE,0.01,SLC
342046,Sangam Aryal,Male,30,10/16/2052,Independent,Cap,TRUE,3,Bagmati Province,26,Kathmandu,6,1480,5,19,FALSE,0.01,Bachelor
340569,Ram Kumar Ghimire,Male,56,12/3/2025,Independent,Scissors,TRUE,3,Bagmati Province,26,Kathmandu,6,1481,3,20,FALSE,0.01,Master
340951,Ganesh Parajuli,Male,46,4/13/2036,National Independence Party,Bell,FALSE,3,Bagmati Province,26,Kathmandu,7,1482,27805,1,TRUE,65.12,Bachelor
341689,Pramod Hari Guragai,Male,51,9/27/2031,Nepali Congress,Tree,FALSE,3,Bagmati Province,26,Kathmandu,7,1483,3982,2,FALSE,9.33,???????????
341092,Basanta Prasad Manandhar,Male,54,8/13/2028,Nepali Communist Party,five-pointed star,FALSE,3,Bagmati Province,26,Kathmandu,7,1484,3667,3,FALSE,8.59,?????? (??.??)
341121,Prakash Shrestha,Male,47,8/15/2035,Communist Party of Nepal (Unified Marxist-Leninist),Sun,FALSE,3,Bagmati Province,26,Kathmandu,7,1485,3544,4,FALSE,8.3,?????? ????????
340878,Bimala Lama,Woman,37,12/16/2044,Ujjaya Nepal Party,A burning electric lamp,FALSE,3,Bagmati Province,26,Kathmandu,7,1486,1383,5,FALSE,3.24,bachelor running
341483,Lal Kumar Lama,Male,65,6/15/2017,National Democratic Party,Plow,FALSE,3,Bagmati Province,26,Kathmandu,7,1487,1381,6,FALSE,3.23,10
339370,Mani Ram Bahadur Pradhan,Male,59,10/30/2023,Labor Culture Party,The soil in Anjuli,FALSE,3,Bagmati Province,26,Kathmandu,7,1488,446,7,FALSE,1.04,?????? ??????? ???????
340190,Ganesh Maya Dangol,Woman,50,6/10/2032,Nepal Labor Farmers Party,Model,FALSE,3,Bagmati Province,26,Kathmandu,7,1489,97,8,FALSE,0.23,Below SLC
340444,Deepak Manandhar,Male,60,11/5/2022,Communist Party of Nepal (Maoist),A rose with two petals inside a circle.,FALSE,3,Bagmati Province,26,Kathmandu,7,1490,78,9,FALSE,0.18,????? ?? ???
341187,Amin Ratna Copper-shaped,Male,46,10/1/2036,Progressive Democratic Party,Single open eye,FALSE,3,Bagmati Province,26,Kathmandu,7,1491,75,10,FALSE,0.18,?? ?? ??
341527,Bharat Poudel,Male,48,2/10/2034,Independent,Telescope,TRUE,3,Bagmati Province,26,Kathmandu,7,1492,50,11,FALSE,0.12,SLC
340141,Sharmila Phuyal,Woman,39,7/9/2043,Independent,Triangle,TRUE,3,Bagmati Province,26,Kathmandu,7,1493,34,12,FALSE,0.08,"M. PHIL Economics, BBA LLB"
340923,Buddhi Prasad Regmi,Male,47,2/9/2035,Independent,Cable car,TRUE,3,Bagmati Province,26,Kathmandu,7,1494,32,13,FALSE,0.07,bachelor
342017,Vinod Kumar Gurung,Male,47,2/17/2035,National Unity Party,"Tulsi, monastery",FALSE,3,Bagmati Province,26,Kathmandu,7,1495,29,14,FALSE,0.07,Literate
340731,Gun Bahadur Banjara Chhetri,Male,68,2/18/2014,Communist Party of Nepal (United),Sickle,FALSE,3,Bagmati Province,26,Kathmandu,7,1496,13,15,FALSE,0.03,SLC
342495,Pradeep Bhattarai,Male,28,9/7/2054,Aam Janata Party (Single Election Symbol),Mobile,FALSE,3,Bagmati Province,26,Kathmandu,7,1497,13,16,FALSE,0.03,Bachelor
340068,Babu Ram Lama,Male,59,4/23/2023,"Janata Samajwadi Party, Nepal",A tilted umbrella,FALSE,3,Bagmati Province,26,Kathmandu,7,1498,9,17,FALSE,0.02,SLC
339762,Dirdha Kumar Shrestha,Male,51,4/3/2031,National People's Front,Glass,FALSE,3,Bagmati Province,26,Kathmandu,7,1499,9,18,FALSE,0.02,Unknown
341161,Baikuntha Phuyal,Male,54,10/15/2028,Jai Matrubhoomi Party,Mother holding baby in arms,FALSE,3,Bagmati Province,26,Kathmandu,7,1500,8,19,FALSE,0.02,+ ?
341657,Deepin Pant,Male,35,10/3/2047,National Liberation Party Nepal (single election symbol),Millstone,FALSE,3,Bagmati Province,26,Kathmandu,7,1501,8,20,FALSE,0.02,Bachelor
341942,Anjala Bajracharya,Woman,48,11/4/2034,Independent,Eyeglass,TRUE,3,Bagmati Province,26,Kathmandu,7,1502,7,21,FALSE,0.02,?? ?? ?? ???
341280,Prakash Kunwar,Male,52,1/2/2030,Independent,Mango,TRUE,3,Bagmati Province,26,Kathmandu,7,1503,7,22,FALSE,0.02,?? ?? ??
341727,Sujita Shrestha,Woman,45,3/24/2037,Independent,Ink,TRUE,3,Bagmati Province,26,Kathmandu,7,1504,5,23,FALSE,0.01,BA LLB
342050,Aman Shrestha,Male,26,1/20/2056,Independent,Panda,TRUE,3,Bagmati Province,26,Kathmandu,7,1505,4,24,FALSE,0.01,Bachelor
342221,Flower bouquet,Male,27,9/18/2055,Independent,Round,TRUE,3,Bagmati Province,26,Kathmandu,7,1506,4,25,FALSE,0.01,Plus 2 / Higher Secondary
341212,Sabita Gamal,Woman,45,8/6/2037,Independent,Harmonium,TRUE,3,Bagmati Province,26,Kathmandu,7,1507,3,26,FALSE,0.01,Bachelor
341890,Suman Putuwar / Maharjan,Male,35,3/29/2047,Independent,Helmet,TRUE,3,Bagmati Province,26,Kathmandu,7,1508,3,27,FALSE,0.01,Plus 2 / Higher Secondary
340972,Viraj Bhakta Shrestha,Male,44,1/26/2038,National Independence Party,Bell,FALSE,3,Bagmati Province,26,Kathmandu,8,1509,24592,1,TRUE,67.54,Bachelor
340369,Suman Sayami,Male,52,1/1/2030,Nepali Communist Party,five-pointed star,FALSE,3,Bagmati Province,26,Kathmandu,8,1510,3217,2,FALSE,8.83,Plus 2 / Higher Secondary
341100,Sapna Rajbhandari,Woman,59,11/3/2023,Nepali Congress,Tree,FALSE,3,Bagmati Province,26,Kathmandu,8,1511,2835,3,FALSE,7.79,????????????
339822,Rajesh Shakya,Male,58,3/8/2024,Communist Party of Nepal (Unified Marxist-Leninist),Sun,FALSE,3,Bagmati Province,26,Kathmandu,8,1512,1909,4,FALSE,5.24,Bachelor
340159,Nabin Shahi,Male,50,5/7/2032,National Democratic Party,Plow,FALSE,3,Bagmati Province,26,Kathmandu,8,1513,1909,5,FALSE,5.24,IA
340131,Rajan Khadgi,Male,32,2/21/2050,Ujjaya Nepal Party,A burning electric lamp,FALSE,3,Bagmati Province,26,Kathmandu,8,1514,1033,6,FALSE,2.84,Plus 2 / Higher Secondary
339329,Shiva Sundar Karmacharya,Male,41,5/5/2041,Labor Culture Party,The soil in Anjuli,FALSE,3,Bagmati Province,26,Kathmandu,8,1515,281,7,FALSE,0.77,Diploma in Electronics Engineering
342661,Chhatra Kumar Pakhrin,Male,43,1/3/2039,"National Liberation Movement, Nepal",Hexagon,FALSE,3,Bagmati Province,26,Kathmandu,8,1516,203,8,FALSE,0.56,Unknown
342136,Sunita Maharjan,Woman,38,2/10/2044,Independent,Chessgoti,TRUE,3,Bagmati Province,26,Kathmandu,8,1517,179,9,FALSE,0.49,Literate
340553,Bandana Shrestha,Woman,42,7/17/2040,Nepal Labor Farmers Party,Model,FALSE,3,Bagmati Province,26,Kathmandu,8,1518,90,10,FALSE,0.25,SLC
339587,Dinesh Shahi,Male,49,4/23/2033,Nepal People's Protection Party,Head,FALSE,3,Bagmati Province,26,Kathmandu,8,1519,71,11,FALSE,0.19,Plus 2 / Higher Secondary
339659,Salam Singh Lama,Male,54,10/22/2028,Communist Party of Nepal (Maoist),A rose with two petals inside a circle.,FALSE,3,Bagmati Province,26,Kathmandu,8,1520,19,12,FALSE,0.05,SLC
339883,Khagesh Ranjitkar,Male,56,3/15/2026,Aam Janata Party (Single Election Symbol),Mobile,FALSE,3,Bagmati Province,26,Kathmandu,8,1521,13,13,FALSE,0.04,IA
341742,Saroj Raj Baidham,Male,48,5/3/2034,"Janata Samajwadi Party, Nepal",A tilted umbrella,FALSE,3,Bagmati Province,26,Kathmandu,8,1522,9,14,FALSE,0.02,SLC
342157,Sushila Nepali,Woman,44,9/7/2038,Independent,Box,TRUE,3,Bagmati Province,26,Kathmandu,8,1523,9,15,FALSE,0.02,Plus 2 / Higher Secondary
342730,Resham Wahadur Sunar,Male,57,11/14/2025,United Citizens Party,Guitar,FALSE,3,Bagmati Province,26,Kathmandu,8,1524,8,16,FALSE,0.02,10
342459,Vijay Dangol,Male,50,2/24/2032,Nepal Federal Socialist Party (single election symbol),Bus,FALSE,3,Bagmati Province,26,Kathmandu,8,1525,8,17,FALSE,0.02,Plus 2 / Higher Secondary
339455,Mukti Nath Sharma,Male,57,9/20/2025,National Liberation Party Nepal (single election symbol),Millstone,FALSE,3,Bagmati Province,26,Kathmandu,8,1526,8,18,FALSE,0.02,SLC
340236,Vikash Khadgi,Male,54,2/16/2028,Independent,Eyeglass,TRUE,3,Bagmati Province,26,Kathmandu,8,1527,7,19,FALSE,0.02,SLC
342418,Rajendra Prasad Shah,Male,68,10/25/2014,Communist Party of Nepal (United),Sickle,FALSE,3,Bagmati Province,26,Kathmandu,8,1528,5,20,FALSE,0.01,??.??
342087,Tulsa Shrestha Maharjan,Woman,38,10/15/2044,Independent,Cap,TRUE,3,Bagmati Province,26,Kathmandu,8,1529,4,21,FALSE,0.01,Master Degree
342052,Muna Neupane (Pandey),Woman,36,4/28/2046,Independent,Ink,TRUE,3,Bagmati Province,26,Kathmandu,8,1530,4,22,FALSE,0.01,SLC
340686,Dol Prasad Aryal,Male,51,5/6/2031,National Independence Party,Bell,FALSE,3,Bagmati Province,26,Kathmandu,9,1531,35093,1,TRUE,69.26,Unknown
342487,Nanu Maiya Bastola,Woman,44,12/29/2037,Nepali Congress,Tree,FALSE,3,Bagmati Province,26,Kathmandu,9,1532,5460,2,FALSE,10.78,Unknown
339778,Ajay Kranti Shakya,Male,57,5/7/2025,Communist Party of Nepal (Unified Marxist-Leninist),Sun,FALSE,3,Bagmati Province,26,Kathmandu,9,1533,4580,3,FALSE,9.04,PhD
340531,Dil Kumar Karki,Male,40,8/12/2042,National Democratic Party,Plow,FALSE,3,Bagmati Province,26,Kathmandu,9,1534,1457,4,FALSE,2.88,??????? ??
341510,Rameshwar Shrestha,Male,55,6/29/2027,Ujjaya Nepal Party,A burning electric lamp,FALSE,3,Bagmati Province,26,Kathmandu,9,1535,1426,5,FALSE,2.81,Bachelor
340718,Radha Krishna Maharjan,Male,54,11/4/2028,Nepali Communist Party,five-pointed star,FALSE,3,Bagmati Province,26,Kathmandu,9,1536,1328,6,FALSE,2.62,Bachelor
339767,Shanta Maharjan,Male,43,7/27/2039,Nepal Labor Farmers Party,Model,FALSE,3,Bagmati Province,26,Kathmandu,9,1537,443,7,FALSE,0.87,Unknown
340231,Balram Shrestha,Male,49,8/5/2033,Labor Culture Party,The soil in Anjuli,FALSE,3,Bagmati Province,26,Kathmandu,9,1538,331,8,FALSE,0.65,Unknown
340485,Myla Lama,Male,53,11/7/2029,Communist Party of Nepal (Maoist),A rose with two petals inside a circle.,FALSE,3,Bagmati Province,26,Kathmandu,9,1539,183,9,FALSE,0.36,Literate
340930,Panch Kumari Manandhar,Woman,82,5/8/2000,Independent,Eyeglass,TRUE,3,Bagmati Province,26,Kathmandu,9,1540,69,10,FALSE,0.14,PHD
340382,Raju Rokka,Male,48,2/22/2034,Progressive Democratic Party,Single open eye,FALSE,3,Bagmati Province,26,Kathmandu,9,1541,64,11,FALSE,0.13,SLC
339565,Rosanna Dani,Male,34,4/13/2048,National People's Front,Glass,FALSE,3,Bagmati Province,26,Kathmandu,9,1542,62,12,FALSE,0.12,Unknown
339606,Anup Muni Bajracharya,Male,40,7/6/2042,Jai Matrubhoomi Party,Mother holding baby in arms,FALSE,3,Bagmati Province,26,Kathmandu,9,1543,62,13,FALSE,0.12,+?
340769,Anjis Raj Prasai,Male,30,2052-03-32,Communist Party of Nepal (United),Sickle,FALSE,3,Bagmati Province,26,Kathmandu,9,1544,29,14,FALSE,0.06,Bachelor
339979,Eros the best,Male,42,5/8/2040,Aam Janata Party (Single Election Symbol),Mobile,FALSE,3,Bagmati Province,26,Kathmandu,9,1545,23,15,FALSE,0.05,PCL
341704,Sumitra Shrestha,Woman,54,6/14/2028,Independent,Triangle,TRUE,3,Bagmati Province,26,Kathmandu,9,1546,17,16,FALSE,0.03,SLC
342299,Ranveer Chhetri Singh,Male,50,6/10/2032,"Janata Samajwadi Party, Nepal",A tilted umbrella,FALSE,3,Bagmati Province,26,Kathmandu,9,1547,8,17,FALSE,0.02,Plus 2 / Higher Secondary
340134,Dharmaraj Gurung,Male,51,9/16/2031,Mongol National Organization,Rooster,FALSE,3,Bagmati Province,26,Kathmandu,9,1548,6,18,FALSE,0.01,?? ???
340074,Madan Dangol,Male,27,12/8/2054,National Liberation Party Nepal (single election symbol),Millstone,FALSE,3,Bagmati Province,26,Kathmandu,9,1549,6,19,FALSE,0.01,Plus 2 / Higher Secondary
341473,Judh Bahadur Karki,Male,55,4/4/2027,Independent,Safety pin,TRUE,3,Bagmati Province,26,Kathmandu,9,1550,6,20,FALSE,0.01,SLC
341750,Hari Prasad Ghimire,Male,59,4/15/2023,Independent,Bag,TRUE,3,Bagmati Province,26,Kathmandu,9,1551,6,21,FALSE,0.01,Unknown
341542,Madan Pokharel,Male,35,7/15/2047,Friendship Party Nepal,Horse,FALSE,3,Bagmati Province,26,Kathmandu,9,1552,5,22,FALSE,0.01,+? ???
341786,Again Maya Maharjan,Woman,55,5/2/2027,Independent,Ascot,TRUE,3,Bagmati Province,26,Kathmandu,9,1553,4,23,FALSE,0.01,???????
341909,Madhu Sudan Sharma,Male,63,3/29/2019,Independent,Calculator,TRUE,3,Bagmati Province,26,Kathmandu,9,1554,2,24,FALSE,0,Bachelor
340506,Pradeep Bisht,Male,51,8/29/2031,National Independence Party,Bell,FALSE,3,Bagmati Province,26,Kathmandu,10,1555,37469,1,TRUE,64.54,Intermediate in commerce
341965,Himal Karki,Male,55,1/4/2027,Nepali Congress,Tree,FALSE,3,Bagmati Province,26,Kathmandu,10,1556,8100,2,FALSE,13.95,Plus 2 / Higher Secondary
340054,Vinod Shrestha,Male,61,2/1/2021,Communist Party of Nepal (Unified Marxist-Leninist),Sun,FALSE,3,Bagmati Province,26,Kathmandu,10,1557,4864,3,FALSE,8.38,I. Com
341002,Rupa Maharjan [Best],Woman,45,7/11/2037,Nepali Communist Party,five-pointed star,FALSE,3,Bagmati Province,26,Kathmandu,10,1558,2648,4,FALSE,4.56,Plus 2 / Higher Secondary
340851,Bal Ram Thapa,Male,50,5/21/2032,National Democratic Party,Plow,FALSE,3,Bagmati Province,26,Kathmandu,10,1559,2239,5,FALSE,3.86,Unknown
340842,Rakesh Neupane,Male,34,12/5/2047,Ujjaya Nepal Party,A burning electric lamp,FALSE,3,Bagmati Province,26,Kathmandu,10,1560,927,6,FALSE,1.6,Bachelor
339769,Dhan Bahadur Shrestha,Male,35,2/16/2047,Labor Culture Party,The soil in Anjuli,FALSE,3,Bagmati Province,26,Kathmandu,10,1561,528,7,FALSE,0.91,Phd Doctor
342198,Binod Budhathoki,Male,39,8/14/2043,Independent,Chessgoti,TRUE,3,Bagmati Province,26,Kathmandu,10,1562,482,8,FALSE,0.83,?+2
339503,Vindra Maharjan,Woman,51,11/10/2031,Nepal Labor Farmers Party,Model,FALSE,3,Bagmati Province,26,Kathmandu,10,1563,293,9,FALSE,0.5,SLC
341918,Dev Kumar Shrestha,Male,49,3/25/2033,Independent,Pressure cooker,TRUE,3,Bagmati Province,26,Kathmandu,10,1564,171,10,FALSE,0.29,SLC
339733,Keshavraj Aryal,Male,55,8/1/2027,Progressive Democratic Party,Single open eye,FALSE,3,Bagmati Province,26,Kathmandu,10,1565,75,11,FALSE,0.13,Masters
339886,Ram Kumar Bhomjan,Male,39,7/18/2043,Communist Party of Nepal (Maoist),A rose with two petals inside a circle.,FALSE,3,Bagmati Province,26,Kathmandu,10,1566,65,12,FALSE,0.11,SLC
339332,Amber Bahadur Poudel,Male,62,1/12/2020,National People's Front,Glass,FALSE,3,Bagmati Province,26,Kathmandu,10,1567,36,13,FALSE,0.06,10
340404,Kabita Pudasaini (Officer),Woman,45,7/28/2037,Independent,Violin,TRUE,3,Bagmati Province,26,Kathmandu,10,1568,29,14,FALSE,0.05,Plus 2 / Higher Secondary
341846,Vikram Pandey Chhetri,Male,58,2/1/2024,Jai Matrubhoomi Party,Mother holding baby in arms,FALSE,3,Bagmati Province,26,Kathmandu,10,1569,22,15,FALSE,0.04,10
342351,Raj Kumar Giri,Male,52,7/27/2030,Independent,Cable car,TRUE,3,Bagmati Province,26,Kathmandu,10,1570,21,16,FALSE,0.04,Bachelor
342167,Deepak Raj Pandey,Male,40,3/24/2042,Independent,Badminton Cork,TRUE,3,Bagmati Province,26,Kathmandu,10,1571,19,17,FALSE,0.03,Bachelor
339626,Ram Rumba,Male,40,7/7/2042,Mongol National Organization,Rooster,FALSE,3,Bagmati Province,26,Kathmandu,10,1572,18,18,FALSE,0.03,8
340804,Purna Chandra Poudel,Male,46,8/14/2036,Inclusive Socialist Party,Srivatsa is a symbol of prosperity.,FALSE,3,Bagmati Province,26,Kathmandu,10,1573,12,19,FALSE,0.02,Plus 2 / Higher Secondary
341220,Anuj Pradhan,Male,52,2/3/2030,Independent,Sparrow,TRUE,3,Bagmati Province,26,Kathmandu,10,1574,9,20,FALSE,0.02,Masters
341167,Bhagreet Sah,Male,46,8/5/2036,"Janata Samajwadi Party, Nepal",A tilted umbrella,FALSE,3,Bagmati Province,26,Kathmandu,10,1575,8,21,FALSE,0.01,BA LLB
340122,Krishna Kumari Nepali,Woman,63,8/10/2019,Independent,Round,TRUE,3,Bagmati Province,26,Kathmandu,10,1576,7,22,FALSE,0.01,Literate
342222,Kumar Khaki Shrestha,Male,54,7/12/2028,Independent,Telescope,TRUE,3,Bagmati Province,26,Kathmandu,10,1577,6,23,FALSE,0.01,B.com
340738,Sulochana Pariyar,Woman,51,2/16/2031,Independent,Mango,TRUE,3,Bagmati Province,26,Kathmandu,10,1578,6,24,FALSE,0.01,??????
339914,Min Bahadur Budhathoki,Male,49,7/3/2033,Independent,Camera,TRUE,3,Bagmati Province,26,Kathmandu,10,1579,4,25,FALSE,0.01,SLC
339461,Rukesh Ranjit,Male,46,4/4/2036,National Independence Party,Bell,FALSE,3,Bagmati Province,27,Bhaktapur,1,1580,33436,1,TRUE,44.6,??.??.?
339896,Prem Suwal,Male,65,3/5/2017,Nepal Labor Farmers Party,Model,FALSE,3,Bagmati Province,27,Bhaktapur,1,1581,28147,2,FALSE,37.55,??.??.??. ??????
340847,Kiran Neupane,Male,51,5/16/2031,Nepali Congress,Tree,FALSE,3,Bagmati Province,27,Bhaktapur,1,1582,4282,3,FALSE,5.71,??.??.??.
339693,Som Prasad Mishra,Male,62,8/9/2020,Communist Party of Nepal (Unified Marxist-Leninist),Sun,FALSE,3,Bagmati Province,27,Bhaktapur,1,1583,3721,4,FALSE,4.96,Masters
340128,Bharat Bahadur Khadka,Male,63,3/10/2019,National Democratic Party,Plow,FALSE,3,Bagmati Province,27,Bhaktapur,1,1584,2472,5,FALSE,3.3,???????????(??.??.?.)
340453,Hari Ram Loveju,Male,52,8/18/2030,Nepali Communist Party,five-pointed star,FALSE,3,Bagmati Province,27,Bhaktapur,1,1585,1177,6,FALSE,1.57,?? ?? ??/ ?? ?
339750,Ramesh Ball,Male,44,3/1/2038,Ujjaya Nepal Party,A burning electric lamp,FALSE,3,Bagmati Province,27,Bhaktapur,1,1586,558,7,FALSE,0.74,Plus 2 / Higher Secondary
340079,Ishwari Prasad Paiyani,Male,63,10/10/2019,National People's Front,Glass,FALSE,3,Bagmati Province,27,Bhaktapur,1,1587,334,8,FALSE,0.45,10 ????? ??????
341126,Vishnu Hari is not,Male,47,11/24/2034,Labor Culture Party,The soil in Anjuli,FALSE,3,Bagmati Province,27,Bhaktapur,1,1588,310,9,FALSE,0.41,SLC
340671,Shyam Sundar craftsman,Male,46,4/14/2036,"Janata Samajwadi Party, Nepal",A tilted umbrella,FALSE,3,Bagmati Province,27,Bhaktapur,1,1589,124,10,FALSE,0.17,SLC
342209,Rabi Khaiju,Male,47,4/14/2035,Progressive Democratic Party,Single open eye,FALSE,3,Bagmati Province,27,Bhaktapur,1,1590,95,11,FALSE,0.13,SLC
340780,Chandra Maan Koju,Male,47,10/10/2035,Communist Party of Nepal (Maoist),A rose with two petals inside a circle.,FALSE,3,Bagmati Province,27,Bhaktapur,1,1591,68,12,FALSE,0.09,??.??.??. ????????
340582,Suresh Koju,Male,35,3/12/2047,Independent,Badminton Cork,TRUE,3,Bagmati Province,27,Bhaktapur,1,1592,43,13,FALSE,0.06,Bachelor
339648,Devendra Thakur,Male,50,5/15/2032,Aam Janata Party (Single Election Symbol),Mobile,FALSE,3,Bagmati Province,27,Bhaktapur,1,1593,38,14,FALSE,0.05,SLC
341196,Damodar Kafle,Male,48,7/21/2034,Communist Party of Nepal (United),Sickle,FALSE,3,Bagmati Province,27,Bhaktapur,1,1594,26,15,FALSE,0.03,??.?. ????????
340381,Raju Shrestha,Male,33,7/3/2049,Independent,Round,TRUE,3,Bagmati Province,27,Bhaktapur,1,1595,25,16,FALSE,0.03,Bachelor
339608,Rajeshwari Prajapati,Woman,29,9/24/2053,Independent,Camera,TRUE,3,Bagmati Province,27,Bhaktapur,1,1596,23,17,FALSE,0.03,????????
340712,Bal Krishna Khaitu,Male,49,10/7/2033,Independent,Punching machine,TRUE,3,Bagmati Province,27,Bhaktapur,1,1597,21,18,FALSE,0.03,??.??.
340620,Deepak Kumar Pokharel,Male,49,8/4/2033,Nepali Party for Nepal,Conch inside a sphere,FALSE,3,Bagmati Province,27,Bhaktapur,1,1598,17,19,FALSE,0.02,??.??.??.
339484,Sujita Budhathoki,Woman,37,5/15/2045,Independent,Water jar,TRUE,3,Bagmati Province,27,Bhaktapur,1,1599,12,20,FALSE,0.02,bachelor
340558,Dasharath Thapa,Male,52,2/20/2030,Independent,Triangle,TRUE,3,Bagmati Province,27,Bhaktapur,1,1600,11,21,FALSE,0.01,??. ??.
339793,Sudip Neupane,Male,44,3/10/2038,Independent,Scissors,TRUE,3,Bagmati Province,27,Bhaktapur,1,1601,9,22,FALSE,0.01,??????
339585,Vishnu Rama Dumru,Male,55,5/15/2027,Independent,Mango,TRUE,3,Bagmati Province,27,Bhaktapur,1,1602,7,23,FALSE,0.01,????? 9
340295,Punya Ram Suwal,Male,32,6/7/2050,Independent,Eyeglass,TRUE,3,Bagmati Province,27,Bhaktapur,1,1603,6,24,FALSE,0.01,7 pass
340493,Savitri Neupane,Woman,44,6/21/2038,Friendship Party Nepal,Horse,FALSE,3,Bagmati Province,27,Bhaktapur,1,1604,5,25,FALSE,0.01,7 ?????
340060,Rajeev Khatri,Male,39,1/8/2043,National Independence Party,Bell,FALSE,3,Bagmati Province,27,Bhaktapur,2,1605,42334,1,TRUE,60.67,Unknown
339487,Mahesh Basnet,Male,51,10/3/2031,Communist Party of Nepal (Unified Marxist-Leninist),Sun,FALSE,3,Bagmati Province,27,Bhaktapur,2,1606,10996,2,FALSE,15.76,Unknown
341495,Kabir Rana,Male,58,12/21/2023,Nepali Congress,Tree,FALSE,3,Bagmati Province,27,Bhaktapur,2,1607,8401,3,FALSE,12.04,Unknown
340272,Ramesh Vaidya,Male,39,2/3/2043,Nepal Labor Farmers Party,Model,FALSE,3,Bagmati Province,27,Bhaktapur,2,1608,3753,4,FALSE,5.38,Unknown
339597,Ram Prasad Sapkota,Male,45,1/15/2037,Nepali Communist Party,five-pointed star,FALSE,3,Bagmati Province,27,Bhaktapur,2,1609,1323,5,FALSE,1.9,Unknown
341000,Bikram Thapa,Male,37,4/27/2045,National Democratic Party,Plow,FALSE,3,Bagmati Province,27,Bhaktapur,2,1610,1224,6,FALSE,1.75,Unknown
340166,Arjun Basu,Male,54,6/10/2028,Labor Culture Party,The soil in Anjuli,FALSE,3,Bagmati Province,27,Bhaktapur,2,1611,665,7,FALSE,0.95,Unknown
339871,Jeet Ram Lama,Male,51,8/23/2031,Ujjaya Nepal Party,A burning electric lamp,FALSE,3,Bagmati Province,27,Bhaktapur,2,1612,619,8,FALSE,0.89,Unknown
341524,Anand Karki,Male,41,1/26/2041,Independent,Trophy,TRUE,3,Bagmati Province,27,Bhaktapur,2,1613,175,9,FALSE,0.25,Unknown
341823,Prakash Raj Dhungel,Male,60,5/3/2022,Communist Party of Nepal (Maoist),A rose with two petals inside a circle.,FALSE,3,Bagmati Province,27,Bhaktapur,2,1614,46,10,FALSE,0.07,Unknown
340544,Sajan Dhakal,Male,32,12/20/2049,Independent,Badminton Cork,TRUE,3,Bagmati Province,27,Bhaktapur,2,1615,41,11,FALSE,0.06,Unknown
340944,Like Janmadev,Male,47,8/20/2035,Progressive Democratic Party,Single open eye,FALSE,3,Bagmati Province,27,Bhaktapur,2,1616,30,12,FALSE,0.04,Unknown
341271,Reader of Januka,Woman,33,5/19/2049,Nepal Janasewa Party,White and black shoes,FALSE,3,Bagmati Province,27,Bhaktapur,2,1617,23,13,FALSE,0.03,Unknown
339768,Rajesh Bade,Male,38,5/6/2044,Nepali Party for Nepal,Conch inside a sphere,FALSE,3,Bagmati Province,27,Bhaktapur,2,1618,20,14,FALSE,0.03,Unknown
339821,Wal Krishna Thapa,Male,54,1/18/2028,Independent,Telescope,TRUE,3,Bagmati Province,27,Bhaktapur,2,1619,18,15,FALSE,0.03,Unknown
341784,Archana Bhattarai,Woman,54,5/21/2028,Independent,Triangle,TRUE,3,Bagmati Province,27,Bhaktapur,2,1620,17,16,FALSE,0.02,Unknown
340036,Pemba Ghale,Male,27,10/25/2055,Mongol National Organization,Rooster,FALSE,3,Bagmati Province,27,Bhaktapur,2,1621,15,17,FALSE,0.02,Unknown
341427,Nabin Shrestha,Male,44,7/15/2038,"Janata Samajwadi Party, Nepal",A tilted umbrella,FALSE,3,Bagmati Province,27,Bhaktapur,2,1622,12,18,FALSE,0.02,Unknown
341471,Devkumari Sah,Woman,48,5/8/2034,Aam Janata Party (Single Election Symbol),Mobile,FALSE,3,Bagmati Province,27,Bhaktapur,2,1623,10,19,FALSE,0.01,Unknown
341955,Manoj Lama,Male,38,7/1/2044,Independent,Envelope,TRUE,3,Bagmati Province,27,Bhaktapur,2,1624,8,20,FALSE,0.01,Unknown
341578,Savin Mahat,Male,39,9/8/2043,Independent,Round,TRUE,3,Bagmati Province,27,Bhaktapur,2,1625,8,21,FALSE,0.01,Unknown
341977,Survan Thapa,Male,48,9/10/2034,Independent,Syringe,TRUE,3,Bagmati Province,27,Bhaktapur,2,1626,8,22,FALSE,0.01,Unknown
339935,Rakesh Shrestha,Male,47,9/8/2035,Trimul Nepal,Odan,FALSE,3,Bagmati Province,27,Bhaktapur,2,1627,7,23,FALSE,0.01,Unknown
341714,Lok Krishna Dahal,Male,34,1/3/2048,Communist Party of Nepal (United),Sickle,FALSE,3,Bagmati Province,27,Bhaktapur,2,1628,5,24,FALSE,0.01,Unknown
339987,Om Krishna Kutu,Male,36,8/8/2046,Independent,Bag,TRUE,3,Bagmati Province,27,Bhaktapur,2,1629,3,25,FALSE,0,Unknown
341543,Renu Shrestha,Woman,40,5/17/2042,Independent,Eyeglass,TRUE,3,Bagmati Province,27,Bhaktapur,2,1630,3,26,FALSE,0,Unknown
340897,Naveen Kumar Mahat,Male,39,2/1/2043,Independent,Camera,TRUE,3,Bagmati Province,27,Bhaktapur,2,1631,2,27,FALSE,0,Unknown
339691,Lakshmi Vastola Poudel,Woman,40,7/15/2042,Independent,Mango,TRUE,3,Bagmati Province,27,Bhaktapur,2,1632,2,28,FALSE,0,Unknown
342010,Anita Bhattarai,Woman,45,5/12/2037,Independent,Box,TRUE,3,Bagmati Province,27,Bhaktapur,2,1633,1,29,FALSE,0,Unknown
341659,Pradeep Kumar Rupakheti,Male,43,9/26/2039,Independent,Chulesi,TRUE,3,Bagmati Province,27,Bhaktapur,2,1634,1,30,FALSE,0,Unknown
339415,Madhu Prakash Sahukhal,Male,40,6/6/2042,Independent,Stool,TRUE,3,Bagmati Province,27,Bhaktapur,2,1635,1,31,FALSE,0,Unknown
339425,Shyam Krishna Dhukhwa,Male,54,5/14/2028,Independent,Scissors,TRUE,3,Bagmati Province,27,Bhaktapur,2,1636,1,32,FALSE,0,Unknown
341868,Buddha Ratna Maharjan,Male,47,2/3/2035,National Independence Party,Bell,FALSE,3,Bagmati Province,28,Lalitpur,1,1637,23373,1,TRUE,47.13,??.?.
341966,Uday Shansher J. B. Rana,Male,56,11/16/2026,Nepali Congress,Tree,FALSE,3,Bagmati Province,28,Lalitpur,1,1638,13520,2,FALSE,27.26,??.?.
340092,Chet Nath Sanjeel,Male,60,1/18/2022,Communist Party of Nepal (Unified Marxist-Leninist),Sun,FALSE,3,Bagmati Province,28,Lalitpur,1,1639,6546,3,FALSE,13.2,SLC
341623,Padam Kumar Lama,Male,41,5/14/2041,Ujjaya Nepal Party,A burning electric lamp,FALSE,3,Bagmati Province,28,Lalitpur,1,1640,2686,4,FALSE,5.42,SLC
341358,Sunil Maharjan,Male,50,10/13/2032,Nepali Communist Party,five-pointed star,FALSE,3,Bagmati Province,28,Lalitpur,1,1641,1964,5,FALSE,3.96,Bachelor
340863,Sajina Karki,Woman,35,8/12/2047,National Democratic Party,Plow,FALSE,3,Bagmati Province,28,Lalitpur,1,1642,652,6,FALSE,1.31,-
342642,Gautam Thapa,Male,44,10/4/2038,Labor Culture Party,The soil in Anjuli,FALSE,3,Bagmati Province,28,Lalitpur,1,1643,221,7,FALSE,0.45,??????
340904,Bhimsen Ghimire,Male,44,10/25/2038,Communist Party of Nepal (Maoist),A rose with two petals inside a circle.,FALSE,3,Bagmati Province,28,Lalitpur,1,1644,173,8,FALSE,0.35,??.?.
341787,Sanoj Mahat,Male,41,8/16/2041,People First Party,Hand shape with two fingers open and three fingers closed,FALSE,3,Bagmati Province,28,Lalitpur,1,1645,83,9,FALSE,0.17,Bachelor
340471,Suresh Marpa,Male,38,3/11/2044,Mongol National Organization,Rooster,FALSE,3,Bagmati Province,28,Lalitpur,1,1646,59,10,FALSE,0.12,8
339657,Sarita Gosai Desar,Woman,45,7/16/2037,Nepal Labor Farmers Party,Model,FALSE,3,Bagmati Province,28,Lalitpur,1,1647,52,11,FALSE,0.1,SLC
341525,Ganesh Bahadur Bal Tamang,Male,70,8/4/2012,Independent,Scissors,TRUE,3,Bagmati Province,28,Lalitpur,1,1648,39,12,FALSE,0.08,??.??
341309,Radha Krishna Basnet,Male,42,1/16/2040,Independent,Badminton Cork,TRUE,3,Bagmati Province,28,Lalitpur,1,1649,39,13,FALSE,0.08,12
340253,Ashok Thapa,Male,42,11/21/2039,Independent,Cable car,TRUE,3,Bagmati Province,28,Lalitpur,1,1650,35,14,FALSE,0.07,12
339390,Rohit Kumar Bastola,Male,37,11/25/2044,Progressive Democratic Party,Single open eye,FALSE,3,Bagmati Province,28,Lalitpur,1,1651,33,15,FALSE,0.07,Bachelor
342170,Sanjay Ghising Tamang,Male,38,12/23/2043,National Republic of Nepal,Flying bee,FALSE,3,Bagmati Province,28,Lalitpur,1,1652,33,16,FALSE,0.07,12
341458,Saroj Kumar Bista,Male,36,12/28/2045,Independent,Round,TRUE,3,Bagmati Province,28,Lalitpur,1,1653,17,17,FALSE,0.03,Bachelor
341148,Mahavir Syangtan Tamang,Male,48,5/1/2034,"Janata Samajwadi Party, Nepal",A tilted umbrella,FALSE,3,Bagmati Province,28,Lalitpur,1,1654,16,18,FALSE,0.03,??????
339888,Amrit Nath Bajgai,Male,47,11/14/2035,Communist Party of Nepal (United),Sickle,FALSE,3,Bagmati Province,28,Lalitpur,1,1655,11,19,FALSE,0.02,??.?.
341009,Dharmaraj Bohra,Male,34,9/5/2048,Independent,Cap,TRUE,3,Bagmati Province,28,Lalitpur,1,1656,11,20,FALSE,0.02,??.??.??.
341205,Vishal Tamang,Male,46,8/16/2036,Independent,Bag,TRUE,3,Bagmati Province,28,Lalitpur,1,1657,9,21,FALSE,0.02,??????
342281,Sarmila Budhathoki,Woman,34,11/5/2048,Independent,Squirrel,TRUE,3,Bagmati Province,28,Lalitpur,1,1658,9,22,FALSE,0.02,12
341264,Dal Nath Timalsina,Male,50,8/5/2032,Independent,Camera,TRUE,3,Bagmati Province,28,Lalitpur,1,1659,6,23,FALSE,0.01,??.??.??.
342458,Kiran Maharjan,Male,61,4/16/2021,Aam Janata Party (Single Election Symbol),Mobile,FALSE,3,Bagmati Province,28,Lalitpur,1,1660,3,24,FALSE,0.01,10
341406,Bharat Dulal,Male,47,4/9/2035,Independent,Goat's head,TRUE,3,Bagmati Province,28,Lalitpur,1,1661,3,25,FALSE,0.01,SLC
340547,Tilak Bahadur Bhelan,Male,39,1/1/2043,Independent,Gas stove,TRUE,3,Bagmati Province,28,Lalitpur,1,1662,2,26,FALSE,0,??.?.
340322,Ram Khadka,Male,30,1/29/2052,Independent,Celery bread,TRUE,3,Bagmati Province,28,Lalitpur,1,1663,1,27,FALSE,0,??????????
342477,Devendra Singh,Male,26,10/12/2056,Independent,Harmonium,TRUE,3,Bagmati Province,28,Lalitpur,1,1664,0,28,FALSE,0,? ?????
340217,Jagdish Kharel,Male,43,4/22/2039,National Independence Party,Bell,FALSE,3,Bagmati Province,28,Lalitpur,2,1665,39491,1,TRUE,64.41,masters
341171,Prem Krishna Maharjan,Male,59,7/11/2023,Nepali Congress,Tree,FALSE,3,Bagmati Province,28,Lalitpur,2,1666,7420,2,FALSE,12.1,SLC
340026,Raja Ram Tandukar,Male,52,1/1/2030,Ujjaya Nepal Party,A burning electric lamp,FALSE,3,Bagmati Province,28,Lalitpur,2,1667,5547,3,FALSE,9.05,masters
340388,Prem Bahadur Maharjan,Male,59,7/3/2023,Communist Party of Nepal (Unified Marxist-Leninist),Sun,FALSE,3,Bagmati Province,28,Lalitpur,2,1668,4536,4,FALSE,7.4,Masters
339911,Raghuvar Raj Thapa,Male,56,4/25/2026,National Democratic Party,Plow,FALSE,3,Bagmati Province,28,Lalitpur,2,1669,1760,5,FALSE,2.87,masters
340354,Rajendra Amatya,Male,53,12/12/2028,Nepali Communist Party,five-pointed star,FALSE,3,Bagmati Province,28,Lalitpur,2,1670,1217,6,FALSE,1.98,Plus 2 / Higher Secondary
342139,Saroj Rai,Male,38,1/14/2044,Labor Culture Party,The soil in Anjuli,FALSE,3,Bagmati Province,28,Lalitpur,2,1671,608,7,FALSE,0.99,Literate
339586,Chiri Maia Maharjan (Lakhaju),Woman,47,11/17/2035,Nepal Labor Farmers Party,Model,FALSE,3,Bagmati Province,28,Lalitpur,2,1672,207,8,FALSE,0.34,Bachelor
339805,Umang KC,Male,35,8/12/2047,Independent,Scissors,TRUE,3,Bagmati Province,28,Lalitpur,2,1673,99,9,FALSE,0.16,?+2
339458,Ashta Raj Bajracharya,Male,53,1/15/2029,Communist Party of Nepal (Maoist),A rose with two petals inside a circle.,FALSE,3,Bagmati Province,28,Lalitpur,2,1674,87,10,FALSE,0.14,Literate
339747,Krishna Maharjan,Male,32,3/25/2050,Progressive Democratic Party,Single open eye,FALSE,3,Bagmati Province,28,Lalitpur,2,1675,73,11,FALSE,0.12,bachelor in engineering
342324,Mangal Krishna Shrestha,Male,54,4/3/2028,Independent,Cable car,TRUE,3,Bagmati Province,28,Lalitpur,2,1676,55,12,FALSE,0.09,bachelor
340269,Babu Raj Bajracharya,Male,58,7/15/2024,Independent,Bag,TRUE,3,Bagmati Province,28,Lalitpur,2,1677,47,13,FALSE,0.08,Plus 2 / Higher Secondary
341923,Om Raj Bajracharya,Male,49,10/20/2033,Independent,Badminton Cork,TRUE,3,Bagmati Province,28,Lalitpur,2,1678,41,14,FALSE,0.07,SLC
341663,How old is Rihini?,Woman,54,8/10/2028,"Janata Samajwadi Party, Nepal",A tilted umbrella,FALSE,3,Bagmati Province,28,Lalitpur,2,1679,29,15,FALSE,0.05,Literate
339854,Ramesh Acharya,Male,37,5/30/2045,Communist Party of Nepal (United),Sickle,FALSE,3,Bagmati Province,28,Lalitpur,2,1680,24,16,FALSE,0.04,Mphil
340436,Krishna Maharjan,Male,44,3/7/2038,Mongol National Organization,Rooster,FALSE,3,Bagmati Province,28,Lalitpur,2,1681,20,17,FALSE,0.03,SLC
342203,Lakhindra Kumar Sah,Male,29,2/20/2053,Aam Janata Party (Single Election Symbol),Mobile,FALSE,3,Bagmati Province,28,Lalitpur,2,1682,14,18,FALSE,0.02,?+2
342093,Khem Prasad Shrestha,Male,64,1/25/2018,National Republic of Nepal,Flying bee,FALSE,3,Bagmati Province,28,Lalitpur,2,1683,10,19,FALSE,0.02,bachelor
340167,Dolendra Raj Bhattarai,Male,54,5/3/2028,National Liberation Party Nepal (single election symbol),Millstone,FALSE,3,Bagmati Province,28,Lalitpur,2,1684,9,20,FALSE,0.01,?+2
341986,Krishna Khadka,Male,40,5/25/2042,Independent,Camera,TRUE,3,Bagmati Province,28,Lalitpur,2,1685,9,21,FALSE,0.01,bachelor
341854,Rabindra Amatya,Male,47,6/11/2035,Independent,Eyeglass,TRUE,3,Bagmati Province,28,Lalitpur,2,1686,7,22,FALSE,0.01,SLC
340528,Rabiraj Poudel,Male,44,5/15/2038,Independent,Syringe,TRUE,3,Bagmati Province,28,Lalitpur,2,1687,3,23,FALSE,0,bachelor
341547,Tosima Karki,Woman,36,2/7/2046,National Independence Party,Bell,FALSE,3,Bagmati Province,28,Lalitpur,3,1688,43096,1,TRUE,64.31,?? ?? ?? ??
342051,Jitendra Kumar Shrestha,Male,58,10/16/2024,Nepali Congress,Tree,FALSE,3,Bagmati Province,28,Lalitpur,3,1689,9045,2,FALSE,13.5,?? ?? ??
341869,Raj Kazi Maharjan,Male,48,6/16/2034,Nepali Communist Party,five-pointed star,FALSE,3,Bagmati Province,28,Lalitpur,3,1690,6022,3,FALSE,8.99,??????????? ??
341646,Sandan Thapa Magar,Male,46,10/23/2036,Communist Party of Nepal (Unified Marxist-Leninist),Sun,FALSE,3,Bagmati Province,28,Lalitpur,3,1691,3297,4,FALSE,4.92,Bachelor
341442,Sabin Kumar Khadka,Male,52,8/17/2030,National Democratic Party,Plow,FALSE,3,Bagmati Province,28,Lalitpur,3,1692,2037,5,FALSE,3.04,SLC
342200,Seasonal rain,Male,46,3/25/2036,Labor Culture Party,The soil in Anjuli,FALSE,3,Bagmati Province,28,Lalitpur,3,1693,1472,6,FALSE,2.2,Literate
342028,Vijay Pant,Male,35,6/17/2047,Ujjaya Nepal Party,A burning electric lamp,FALSE,3,Bagmati Province,28,Lalitpur,3,1694,1320,7,FALSE,1.97,"B.sc MBBS, MBA"
340338,Ramila Maharjan,Woman,41,12/25/2040,Nepal Labor Farmers Party,Model,FALSE,3,Bagmati Province,28,Lalitpur,3,1695,191,8,FALSE,0.28,???????? ??????????
341070,Khagendra Maharjan,Male,44,4/7/2038,Communist Party of Nepal (Maoist),A rose with two petals inside a circle.,FALSE,3,Bagmati Province,28,Lalitpur,3,1696,127,9,FALSE,0.19,SLC
341924,Ashoj Kumar Maharjan,Male,42,7/28/2040,Independent,Eyeglass,TRUE,3,Bagmati Province,28,Lalitpur,3,1697,92,10,FALSE,0.14,M.A political science/PHD sclor
341747,Nil Govinda Maharjan,Male,74,2/15/2008,National People's Front,Glass,FALSE,3,Bagmati Province,28,Lalitpur,3,1698,70,11,FALSE,0.1,?? ?? ??
341951,Bishnu Raj Khadka,Male,47,12/22/2034,Progressive Democratic Party,Single open eye,FALSE,3,Bagmati Province,28,Lalitpur,3,1699,56,12,FALSE,0.08,????? ??
341772,Shyam Bahadur Rai,Male,45,10/5/2037,United Citizens Party,Guitar,FALSE,3,Bagmati Province,28,Lalitpur,3,1700,56,13,FALSE,0.08,Plus 2 / Higher Secondary
340941,Rupesh Shah,Male,36,10/3/2046,Independent,Sparrow,TRUE,3,Bagmati Province,28,Lalitpur,3,1701,39,14,FALSE,0.06,Bachelor
341725,Krishna Devi Maharjan,Woman,42,6/15/2040,"Janata Samajwadi Party, Nepal",A tilted umbrella,FALSE,3,Bagmati Province,28,Lalitpur,3,1702,31,15,FALSE,0.05,Plus 2 / Higher Secondary
341544,Anju Karanjit (Thapa),Woman,36,5/24/2046,Independent,Cymbal,TRUE,3,Bagmati Province,28,Lalitpur,3,1703,21,16,FALSE,0.03,Plus 2 / Higher Secondary
341645,Dil Kumar Maharjan,Male,44,5/15/2038,Mongol National Organization,Rooster,FALSE,3,Bagmati Province,28,Lalitpur,3,1704,20,17,FALSE,0.03,8 pass
340469,Yagya Prasad Pant,Male,42,9/3/2040,Communist Party of Nepal (United),Sickle,FALSE,3,Bagmati Province,28,Lalitpur,3,1705,15,18,FALSE,0.02,Bachelor
342115,Radhe Shyam Khadka,Male,49,3/7/2033,Independent,Scissors,TRUE,3,Bagmati Province,28,Lalitpur,3,1706,8,19,FALSE,0.01,Bachelor
341858,Bimarsh Mishra,Male,27,9/2/2055,Independent,Gumboot,TRUE,3,Bagmati Province,28,Lalitpur,3,1707,3,20,FALSE,0,?? ?
341324,Madhu Kumar Chaulagai,Male,56,11/6/2026,National Independence Party,Bell,FALSE,3,Bagmati Province,29,Kavrepalanchok,1,1708,29618,1,TRUE,34.39,Bachelor
340501,Gunaraj Muktan,Male,40,10/11/2042,Nepali Congress,Tree,FALSE,3,Bagmati Province,29,Kavrepalanchok,1,1709,19166,2,FALSE,22.25,M phill
341073,Din Nath Gautam,Male,62,8/19/2020,Nepali Communist Party,five-pointed star,FALSE,3,Bagmati Province,29,Kavrepalanchok,1,1710,14184,3,FALSE,16.47,+?
340414,Ami Tamang,Male,44,8/6/2038,Communist Party of Nepal (Unified Marxist-Leninist),Sun,FALSE,3,Bagmati Province,29,Kavrepalanchok,1,1711,13814,4,FALSE,16.04,Plus 2 / Higher Secondary
341589,Yogendra Lama,Male,38,4/15/2044,Ujjaya Nepal Party,A burning electric lamp,FALSE,3,Bagmati Province,29,Kavrepalanchok,1,1712,7403,5,FALSE,8.6,SLC
341513,Nawaraj Satyal,Male,44,5/24/2038,National Democratic Party,Plow,FALSE,3,Bagmati Province,29,Kavrepalanchok,1,1713,699,6,FALSE,0.81,Bachelor
341278,Dhiraj Lama,Male,45,1/14/2037,Labor Culture Party,The soil in Anjuli,FALSE,3,Bagmati Province,29,Kavrepalanchok,1,1714,287,7,FALSE,0.33,SLC
340906,Rajesh Kumar Shrestha,Male,60,7/15/2022,Independent,Eyeglass,TRUE,3,Bagmati Province,29,Kavrepalanchok,1,1715,169,8,FALSE,0.2,Plus 2 / Higher Secondary
339664,Kamal Bahadur Lama (Tamang),Male,41,5/25/2041,Mongol National Organization,Rooster,FALSE,3,Bagmati Province,29,Kavrepalanchok,1,1716,156,9,FALSE,0.18,SLC
341770,Kanchha Tamang,Male,47,1/27/2035,Communist Party of Nepal (Maoist),A rose with two petals inside a circle.,FALSE,3,Bagmati Province,29,Kavrepalanchok,1,1717,149,10,FALSE,0.17,Bachelor
341999,Ratan Lama,Male,41,12/28/2040,United Citizens Party,Guitar,FALSE,3,Bagmati Province,29,Kavrepalanchok,1,1718,114,11,FALSE,0.13,+?
342122,Life is long.,Male,37,2/19/2045,Independent,Cap,TRUE,3,Bagmati Province,29,Kavrepalanchok,1,1719,94,12,FALSE,0.11,+?
340172,Man Bahadur Tamad,Male,45,1/5/2037,"Janata Samajwadi Party, Nepal",A tilted umbrella,FALSE,3,Bagmati Province,29,Kavrepalanchok,1,1720,71,13,FALSE,0.08,simple
340574,Gyanendra Kumar Shrestha,Male,46,1/17/2036,Progressive Democratic Party,Single open eye,FALSE,3,Bagmati Province,29,Kavrepalanchok,1,1721,56,14,FALSE,0.07,Plus 2 / Higher Secondary
339343,Raju Tamang,Male,26,12/6/2055,Nepal Labor Farmers Party,Model,FALSE,3,Bagmati Province,29,Kavrepalanchok,1,1722,52,15,FALSE,0.06,Unknown
340312,Binod Lama,Male,43,1/1/2039,Inclusive Socialist Party,Srivatsa is a symbol of prosperity.,FALSE,3,Bagmati Province,29,Kavrepalanchok,1,1723,50,16,FALSE,0.06,bachlor
339902,Bharat Tamang,Male,34,1/23/2048,National Republic of Nepal,Flying bee,FALSE,3,Bagmati Province,29,Kavrepalanchok,1,1724,35,17,FALSE,0.04,SLC
341883,Yuvraj Chaulagain,Male,55,2/16/2027,Independent,Drum set,TRUE,3,Bagmati Province,29,Kavrepalanchok,1,1725,7,18,FALSE,0.01,I.Com
339525,Badan Kumar Bhandari,Male,33,5/6/2049,National Independence Party,Bell,FALSE,3,Bagmati Province,29,Kavrepalanchok,2,1726,53344,1,TRUE,53.57,Plus 2 / Higher Secondary
340524,Madhu Prasad Acharya,Male,61,1/29/2021,Nepali Congress,Tree,FALSE,3,Bagmati Province,29,Kavrepalanchok,2,1727,17868,2,FALSE,17.94,Masters
339988,Ashok Kumar Byanju Shrestha,Male,54,5/1/2028,Communist Party of Nepal (Unified Marxist-Leninist),Sun,FALSE,3,Bagmati Province,29,Kavrepalanchok,2,1728,13940,3,FALSE,14,Bachelor
341012,Basundhara Humagai,Male,55,8/19/2027,Nepali Communist Party,five-pointed star,FALSE,3,Bagmati Province,29,Kavrepalanchok,2,1729,8107,4,FALSE,8.14,I A
340306,Jyotsana Saiju,Woman,41,12/5/2040,Ujjaya Nepal Party,A burning electric lamp,FALSE,3,Bagmati Province,29,Kavrepalanchok,2,1730,3749,5,FALSE,3.76,BA ????????? ???????????
342166,Ranjeev Shrestha,Male,43,6/25/2039,National Democratic Party,Plow,FALSE,3,Bagmati Province,29,Kavrepalanchok,2,1731,1125,6,FALSE,1.13,Masters
339321,Muna Tamang,Woman,37,7/17/2045,Nepal Labor Farmers Party,Model,FALSE,3,Bagmati Province,29,Kavrepalanchok,2,1732,428,7,FALSE,0.43,Masters
342232,Tank Bahadur Lama,Male,45,7/22/2037,Labor Culture Party,The soil in Anjuli,FALSE,3,Bagmati Province,29,Kavrepalanchok,2,1733,400,8,FALSE,0.4,Masters
340432,Kanchha Ram Ghising,Male,37,3/24/2045,Communist Party of Nepal (Maoist),A rose with two petals inside a circle.,FALSE,3,Bagmati Province,29,Kavrepalanchok,2,1734,146,9,FALSE,0.15,Literate
342107,Ramesh Bahadur Gharti Chhetri,Male,35,3/28/2047,Progressive Democratic Party,Single open eye,FALSE,3,Bagmati Province,29,Kavrepalanchok,2,1735,144,10,FALSE,0.14,Literate
340908,Asa Tamang,Woman,29,3/7/2053,Independent,Sparrow,TRUE,3,Bagmati Province,29,Kavrepalanchok,2,1736,59,11,FALSE,0.06,Plus 2 / Higher Secondary
340675,Suvarna Vikram Thapa,Male,54,12/2/2027,National People's Front,Glass,FALSE,3,Bagmati Province,29,Kavrepalanchok,2,1737,39,12,FALSE,0.04,SLC
340247,Amount Lama (Tamang),Male,40,6/10/2042,"Janata Samajwadi Party, Nepal",A tilted umbrella,FALSE,3,Bagmati Province,29,Kavrepalanchok,2,1738,32,13,FALSE,0.03,SLC
340610,Rajan Thapa,Male,56,10/20/2026,Communist Party of Nepal (United),Sickle,FALSE,3,Bagmati Province,29,Kavrepalanchok,2,1739,32,14,FALSE,0.03,I L
339436,Dilli Prasad Neupane,Male,38,3/1/2044,Independent,Ink,TRUE,3,Bagmati Province,29,Kavrepalanchok,2,1740,31,15,FALSE,0.03,Masters
340826,Umesh Tamang,Male,28,9/23/2054,Mongol National Organization,Rooster,FALSE,3,Bagmati Province,29,Kavrepalanchok,2,1741,28,16,FALSE,0.03,? ?????
341614,Umesh Thapa,Male,30,10/26/2052,Independent,Contract,TRUE,3,Bagmati Province,29,Kavrepalanchok,2,1742,26,17,FALSE,0.03,Bachelor
341827,Sita Ram Mainali,Male,42,3/24/2040,Independent,Goat's head,TRUE,3,Bagmati Province,29,Kavrepalanchok,2,1743,21,18,FALSE,0.02,SLC
340088,Sukman Tamad,Male,54,3/28/2028,National Republic of Nepal,Flying bee,FALSE,3,Bagmati Province,29,Kavrepalanchok,2,1744,15,19,FALSE,0.02,Literate
342279,Vishnu Kumar Shrestha,Male,52,3/4/2030,Independent,Pressure cooker,TRUE,3,Bagmati Province,29,Kavrepalanchok,2,1745,13,20,FALSE,0.01,Literate
341536,Ganesh Prasad Adhikari,Male,36,10/7/2046,Independent,Eyeglass,TRUE,3,Bagmati Province,29,Kavrepalanchok,2,1746,11,21,FALSE,0.01,Bachelor
341213,Hari Bahadur Thapa,Male,41,12/2/2040,Friendship Party Nepal,Horse,FALSE,3,Bagmati Province,29,Kavrepalanchok,2,1747,10,22,FALSE,0.01,Literate
341904,Lenin Bisht,Male,38,8/21/2044,Independent,Cup and plate,TRUE,3,Bagmati Province,29,Kavrepalanchok,2,1748,8,23,FALSE,0.01,Masters
341738,Keshavraj Timalsina,Male,28,3/14/2054,Independent,Mango,TRUE,3,Bagmati Province,29,Kavrepalanchok,2,1749,4,24,FALSE,0,SLC
341908,Bharat Prasad Parajuli,Male,57,3/19/2025,National Independence Party,Bell,FALSE,3,Bagmati Province,30,Sindhupalchowk,1,1750,24412,1,TRUE,35.33,Unknown
340875,Madhav Sapkota,Male,44,12/20/2037,Nepali Communist Party,five-pointed star,FALSE,3,Bagmati Province,30,Sindhupalchowk,1,1751,17327,2,FALSE,25.08,Unknown
341791,Suresh Nepal,Male,65,10/1/2017,Communist Party of Nepal (Unified Marxist-Leninist),Sun,FALSE,3,Bagmati Province,30,Sindhupalchowk,1,1752,11961,3,FALSE,17.31,Unknown
341717,Jung Bahadur Lama,Male,48,2034.06.27,Nepali Congress,Tree,FALSE,3,Bagmati Province,30,Sindhupalchowk,1,1753,11293,4,FALSE,16.35,Unknown
340554,Pratap Lama,Male,59,9/13/2023,Ujjaya Nepal Party,A burning electric lamp,FALSE,3,Bagmati Province,30,Sindhupalchowk,1,1754,2421,5,FALSE,3.5,Unknown
339581,Ram Mani Neupane,Male,58,12/9/2023,National Democratic Party,Plow,FALSE,3,Bagmati Province,30,Sindhupalchowk,1,1755,490,6,FALSE,0.71,Unknown
339383,Dawa Lama,Male,37,5/10/2045,Mongol National Organization,Rooster,FALSE,3,Bagmati Province,30,Sindhupalchowk,1,1756,340,7,FALSE,0.49,Unknown
340256,Phurba Tamang,Male,32,10/21/2050,Labor Culture Party,The soil in Anjuli,FALSE,3,Bagmati Province,30,Sindhupalchowk,1,1757,282,8,FALSE,0.41,Unknown
340764,Sameer Shrestha,Male,33,10/20/2049,Communist Party of Nepal (Maoist),A rose with two petals inside a circle.,FALSE,3,Bagmati Province,30,Sindhupalchowk,1,1758,201,9,FALSE,0.29,Unknown
341164,Dawa Gyamcho Lama,Male,65,2/14/2017,National People's Front,Glass,FALSE,3,Bagmati Province,30,Sindhupalchowk,1,1759,92,10,FALSE,0.13,Unknown
339476,Geeta Devi Karmacharya,Woman,54,11/5/2028,Nepal Labor Farmers Party,Model,FALSE,3,Bagmati Province,30,Sindhupalchowk,1,1760,56,11,FALSE,0.08,Unknown
342739,Pasang Sherpa,Woman,34,10/17/2048,"Janata Samajwadi Party, Nepal",A tilted umbrella,FALSE,3,Bagmati Province,30,Sindhupalchowk,1,1761,55,12,FALSE,0.08,Unknown
342013,Sant Kumar Tamang,Male,52,4/7/2030,Independent,Envelope,TRUE,3,Bagmati Province,30,Sindhupalchowk,1,1762,39,13,FALSE,0.06,Unknown
339790,Pasang Tamang,Male,47,2035.10.23,Aam Janata Party (Single Election Symbol),Mobile,FALSE,3,Bagmati Province,30,Sindhupalchowk,1,1763,31,14,FALSE,0.04,Unknown
341326,Ashok Bahadur Shrestha,Male,46,2036.01.16,Citizen Supremacy Party Nepal (single election symbol),A lion with a jaguar,FALSE,3,Bagmati Province,30,Sindhupalchowk,1,1764,29,15,FALSE,0.04,Unknown
341521,Padam Bahadur Tamang,Male,58,10/15/2024,Independent,Round,TRUE,3,Bagmati Province,30,Sindhupalchowk,1,1765,22,16,FALSE,0.03,Unknown
342511,Rajan Sunchuri,Male,31,11/24/2050,Friendship Party Nepal,Horse,FALSE,3,Bagmati Province,30,Sindhupalchowk,1,1766,20,17,FALSE,0.03,Unknown
342280,Sanu Tamang,Male,48,4/16/2034,Independent,Kangaroo,TRUE,3,Bagmati Province,30,Sindhupalchowk,1,1767,17,18,FALSE,0.02,Unknown
340921,Yuvraj Dulal,Male,43,11/7/2039,Nepali Communist Party,five-pointed star,FALSE,3,Bagmati Province,30,Sindhupalchowk,2,1768,21699,1,TRUE,29.17,masters
342079,Vanshlal Tamang,Male,62,5/6/2020,Nepali Congress,Tree,FALSE,3,Bagmati Province,30,Sindhupalchowk,2,1769,19146,2,FALSE,25.74,Masters
341470,Sher Bahadur Tamang,Male,56,12/15/2025,Communist Party of Nepal (Unified Marxist-Leninist),Sun,FALSE,3,Bagmati Province,30,Sindhupalchowk,2,1770,15926,3,FALSE,21.41,Masters
342380,Jhalak Kumar is the best,Male,47,4/3/2035,National Independence Party,Bell,FALSE,3,Bagmati Province,30,Sindhupalchowk,2,1771,14019,4,FALSE,18.85,SLC
339975,Gopi Krishna Chaulagain,Male,35,7/4/2047,National Democratic Party,Plow,FALSE,3,Bagmati Province,30,Sindhupalchowk,2,1772,1681,5,FALSE,2.26,Engineer
340374,Ram Singh Tamang,Male,38,9/20/2044,Ujjaya Nepal Party,A burning electric lamp,FALSE,3,Bagmati Province,30,Sindhupalchowk,2,1773,1238,6,FALSE,1.66,SLC
339483,Karnavir Syambu Lama,Male,39,2/2/2043,Mongol National Organization,Rooster,FALSE,3,Bagmati Province,30,Sindhupalchowk,2,1774,159,7,FALSE,0.21,Literate
340176,Bhanu Shrestha,Male,36,4/25/2046,Labor Culture Party,The soil in Anjuli,FALSE,3,Bagmati Province,30,Sindhupalchowk,2,1775,129,8,FALSE,0.17,SLC
341935,Soman Lama,Male,42,6/10/2040,Communist Party of Nepal (Maoist),A rose with two petals inside a circle.,FALSE,3,Bagmati Province,30,Sindhupalchowk,2,1776,121,9,FALSE,0.16,SLC
341106,Mingmar Tamang,Male,52,7/17/2030,National Liberation Party Nepal (single election symbol),Millstone,FALSE,3,Bagmati Province,30,Sindhupalchowk,2,1777,99,10,FALSE,0.13,bachelor
341783,Sher Bahadur Tamang,Male,56,12/20/2025,Citizen Supremacy Party Nepal (single election symbol),A lion with a jaguar,FALSE,3,Bagmati Province,30,Sindhupalchowk,2,1778,47,11,FALSE,0.06,SLC
342595,Dawa Tshering Sherpa,Male,49,12/11/2032,Federal Democratic National Forum,Khukuri with a handle,FALSE,3,Bagmati Province,30,Sindhupalchowk,2,1779,29,12,FALSE,0.04,10 pass
342515,Viju Shrestha,Male,40,3/23/2042,Independent,Cap,TRUE,3,Bagmati Province,30,Sindhupalchowk,2,1780,25,13,FALSE,0.03,Phd. in Electrical Engineering
342557,Deepak Dhakal,Male,39,4/6/2043,Independent,Mango,TRUE,3,Bagmati Province,30,Sindhupalchowk,2,1781,24,14,FALSE,0.03,HSEB
339649,Mhendo Tamang,Woman,29,11/30/2052,Nepal Labor Farmers Party,Model,FALSE,3,Bagmati Province,30,Sindhupalchowk,2,1782,17,15,FALSE,0.02,Bachelor
339791,Ganesh Bahadur Shrestha,Male,60,11/8/2022,Aam Janata Party (Single Election Symbol),Mobile,FALSE,3,Bagmati Province,30,Sindhupalchowk,2,1783,11,16,FALSE,0.01,??????? ?????
341261,Beautiful officer,Male,35,8/15/2047,Independent,Cauliflower,TRUE,3,Bagmati Province,30,Sindhupalchowk,2,1784,11,17,FALSE,0.01,Unknown
342260,Mahesh Kunwar,Male,40,6/8/2042,Friendship Party Nepal,Horse,FALSE,3,Bagmati Province,30,Sindhupalchowk,2,1785,4,18,FALSE,0.01,10 pass
339633,Prakash Gautam,Male,37,7/4/2045,National Independence Party,Bell,FALSE,3,Bagmati Province,31,Makwanpur,1,1786,36033,1,TRUE,39.72,Bachelor
341087,Mahalakshmi Upadhyay (Dina),Woman,61,6/22/2021,Nepali Congress,Tree,FALSE,3,Bagmati Province,31,Makwanpur,1,1787,14038,2,FALSE,15.47,????????????
339717,Rameshwar Rana Magar,Male,63,3/23/2019,Communist Party of Nepal (Unified Marxist-Leninist),Sun,FALSE,3,Bagmati Province,31,Makwanpur,1,1788,12783,3,FALSE,14.09,???????? ?????????? ??
340438,Vijay Gautam,Male,40,6/28/2042,Nepali Communist Party,five-pointed star,FALSE,3,Bagmati Province,31,Makwanpur,1,1789,10788,4,FALSE,11.89,????????????
341292,Surendra Lama,Male,36,1/15/2046,Ujjaya Nepal Party,A burning electric lamp,FALSE,3,Bagmati Province,31,Makwanpur,1,1790,10205,5,FALSE,11.25,Computer Engineering
340025,Deepak Bahadur Singh,Male,64,4/11/2018,National Democratic Party,Plow,FALSE,3,Bagmati Province,31,Makwanpur,1,1791,4574,6,FALSE,5.04,Bachelor
339302,Vidya Shrestha (Maharjan),Woman,49,6/12/2033,Labor Culture Party,The soil in Anjuli,FALSE,3,Bagmati Province,31,Makwanpur,1,1792,1024,7,FALSE,1.13,?????????
340560,Tika Prasad Chaulagain,Male,64,10/18/2018,Independent,Chessgoti,TRUE,3,Bagmati Province,31,Makwanpur,1,1793,534,8,FALSE,0.59,SLC
339366,Crown Prince Lama,Male,43,1/16/2039,Mongol National Organization,Rooster,FALSE,3,Bagmati Province,31,Makwanpur,1,1794,359,9,FALSE,0.4,SLC
340803,Mahesh Nepali,Male,38,7/23/2044,Communist Party of Nepal (Maoist),A rose with two petals inside a circle.,FALSE,3,Bagmati Province,31,Makwanpur,1,1795,108,10,FALSE,0.12,????? ?????
339856,Ranjana Suwal Magju,Woman,54,1/5/2028,Nepal Labor Farmers Party,Model,FALSE,3,Bagmati Province,31,Makwanpur,1,1796,51,11,FALSE,0.06,Literate
339555,Tej Prasad Upreti,Male,41,6/12/2041,Progressive Democratic Party,Single open eye,FALSE,3,Bagmati Province,31,Makwanpur,1,1797,50,12,FALSE,0.06,Bachelor
339946,Mathu Pulami Magar,Male,51,12/26/2030,Independent,Wandering around,TRUE,3,Bagmati Province,31,Makwanpur,1,1798,30,13,FALSE,0.03,Literate
341165,Deepak Sintan,Male,34,7/7/2048,Janata Samajwadi Party (single election symbol),Millstone,FALSE,3,Bagmati Province,31,Makwanpur,1,1799,28,14,FALSE,0.03,Literate
341737,Rupak Lama,Male,47,1/5/2035,"Janata Samajwadi Party, Nepal",A tilted umbrella,FALSE,3,Bagmati Province,31,Makwanpur,1,1800,24,15,FALSE,0.03,12 ???
339598,Amik Pariyar,Male,46,9/16/2036,Independent,Cauliflower,TRUE,3,Bagmati Province,31,Makwanpur,1,1801,23,16,FALSE,0.03,Plus 2 / Higher Secondary
342266,Pramila Kumari Khatiwada,Woman,42,7/17/2040,Independent,Contract,TRUE,3,Bagmati Province,31,Makwanpur,1,1802,23,17,FALSE,0.03,+2 pass
341336,Gyan Sagar Lama,Male,55,4/5/2027,Independent,Scissors,TRUE,3,Bagmati Province,31,Makwanpur,1,1803,19,18,FALSE,0.02,SLC
339819,Rajaram Bogati,Male,38,5/28/2044,Independent,Jeep,TRUE,3,Bagmati Province,31,Makwanpur,1,1804,9,19,FALSE,0.01,10
340316,Amar Dangal,Male,41,9/10/2041,Independent,Goat's head,TRUE,3,Bagmati Province,31,Makwanpur,1,1805,8,20,FALSE,0.01,12
341219,Sushila Subedi,Woman,39,4/29/2043,Independent,Bag,TRUE,3,Bagmati Province,31,Makwanpur,1,1806,8,21,FALSE,0.01,Bachelor
339354,Rakesh Kumar Sharma,Male,55,6/9/2027,Independent,Mango,TRUE,3,Bagmati Province,31,Makwanpur,1,1807,5,22,FALSE,0.01,SLC
341351,Raj Kumar Khadka,Male,42,2/1/2040,Independent,Pressure cooker,TRUE,3,Bagmati Province,31,Makwanpur,1,1808,1,23,FALSE,0,Plus 2 / Higher Secondary
339629,Prashant Upreti,Male,25,2/10/2057,National Independence Party,Bell,FALSE,3,Bagmati Province,31,Makwanpur,2,1809,30050,1,TRUE,35.1,Bachelor
339753,Mahesh Kumar Wartaula,Male,43,5/22/2039,Communist Party of Nepal (Unified Marxist-Leninist),Sun,FALSE,3,Bagmati Province,31,Makwanpur,2,1810,18846,2,FALSE,22.01,"???????? ?????? (??.??.??., ??.?, LLB)"
341127,Buddhist Lama,Male,58,8/4/2024,Nepali Congress,Tree,FALSE,3,Bagmati Province,31,Makwanpur,2,1811,15056,3,FALSE,17.58,??.?.
340454,Love Sher Bisht,Male,54,2/15/2028,Nepali Communist Party,five-pointed star,FALSE,3,Bagmati Province,31,Makwanpur,2,1812,12492,4,FALSE,14.59,?? ?
341283,Pravin Kumar Syangtan,Male,30,5/20/2052,Ujjaya Nepal Party,A burning electric lamp,FALSE,3,Bagmati Province,31,Makwanpur,2,1813,6237,5,FALSE,7.28,??????? (??.??.??)
339338,Yunesh Lama Sintan,Male,34,12/10/2047,Labor Culture Party,The soil in Anjuli,FALSE,3,Bagmati Province,31,Makwanpur,2,1814,932,6,FALSE,1.09,Bachelor
340110,Ram Bahadur Thokar,Male,59,7/4/2023,National Democratic Party,Plow,FALSE,3,Bagmati Province,31,Makwanpur,2,1815,785,7,FALSE,0.92,Plus 2 / Higher Secondary
340922,Ram Ghalan,Male,36,8/16/2046,Communist Party of Nepal (Maoist),A rose with two petals inside a circle.,FALSE,3,Bagmati Province,31,Makwanpur,2,1816,361,8,FALSE,0.42,??.?.
339401,Diamond red syangtan,Male,55,1/1/2027,Mongol National Organization,Rooster,FALSE,3,Bagmati Province,31,Makwanpur,2,1817,260,9,FALSE,0.3,? ????? ??????
341910,Sitamaya Ball,Woman,38,4/15/2044,Independent,Trophy,TRUE,3,Bagmati Province,31,Makwanpur,2,1818,204,10,FALSE,0.24,SLC
339563,Nir Bahadur Sintan,Male,34,5/10/2048,National People's Front,Glass,FALSE,3,Bagmati Province,31,Makwanpur,2,1819,131,11,FALSE,0.15,??+?
339603,Santosh Bista,Male,40,1/14/2042,Progressive Democratic Party,Single open eye,FALSE,3,Bagmati Province,31,Makwanpur,2,1820,72,12,FALSE,0.08,????????????
339462,Happy Raj people,Male,36,1/3/2046,United Citizens Party,Guitar,FALSE,3,Bagmati Province,31,Makwanpur,2,1821,57,13,FALSE,0.07,??  ???
339892,Saroj Tamang,Male,38,10/16/2044,Nepal Labor Farmers Party,Model,FALSE,3,Bagmati Province,31,Makwanpur,2,1822,42,14,FALSE,0.05,Plus 2 / Higher Secondary
342427,Surya Rai,Male,48,5/16/2034,Aam Janata Party (Single Election Symbol),Mobile,FALSE,3,Bagmati Province,31,Makwanpur,2,1823,23,15,FALSE,0.03,Literate
339957,waiting bania,Woman,31,1/3/2051,Independent,Contract,TRUE,3,Bagmati Province,31,Makwanpur,2,1824,21,16,FALSE,0.02,Plus 2 / Higher Secondary
341533,Chhabilal Wiwa,Male,60,12/25/2021,Janata Samajwadi Party (single election symbol),Millstone,FALSE,3,Bagmati Province,31,Makwanpur,2,1825,15,17,FALSE,0.02,??????
342164,Surya Tamang Bal,Male,39,4/3/2043,National Republic of Nepal,Flying bee,FALSE,3,Bagmati Province,31,Makwanpur,2,1826,14,18,FALSE,0.02,Bachelor
341191,Amrit Bal,Male,42,2/1/2040,Independent,Triangle,TRUE,3,Bagmati Province,31,Makwanpur,2,1827,12,19,FALSE,0.01,Literate
339798,Krishna Ram Shrestha,Male,51,6/7/2031,Independent,Jeep,TRUE,3,Bagmati Province,31,Makwanpur,2,1828,7,20,FALSE,0.01,Literate
340022,Ramesh Acharya,Male,47,12/22/2034,Independent,Camera,TRUE,3,Bagmati Province,31,Makwanpur,2,1829,2,21,FALSE,0,Literate
341836,Rajesh Kumar Chaudhary,Male,54,5/4/2028,National Independence Party,Bell,FALSE,2,Madhesh Pradesh,32,Rautahat,1,1830,28946,1,TRUE,43.82,???????????
340390,Ajay Kumar Gupta,Male,51,4/6/2031,Communist Party of Nepal (Unified Marxist-Leninist),Sun,FALSE,2,Madhesh Pradesh,32,Rautahat,1,1831,10693,2,FALSE,16.19,SLC
341696,Anil Kumar Jha,Male,58,6/15/2024,Nepali Congress,Tree,FALSE,2,Madhesh Pradesh,32,Rautahat,1,1832,8574,3,FALSE,12.98,??????? ??????
340541,Madhav Kumar Nepal,Male,72,11/23/2009,Nepali Communist Party,five-pointed star,FALSE,2,Madhesh Pradesh,32,Rautahat,1,1833,7669,4,FALSE,11.61,??????? ??
340719,Yogendra Rai Yadav,Male,48,12/5/2033,"Janata Samajwadi Party, Nepal",A tilted umbrella,FALSE,2,Madhesh Pradesh,32,Rautahat,1,1834,6846,5,FALSE,10.36,Bachelor
340449,Devendra Mishra,Male,69,1/16/2013,Public opinion party,Loudspeaker,FALSE,2,Madhesh Pradesh,32,Rautahat,1,1835,881,6,FALSE,1.33,??.?. ???????? ??????? ??.??
339974,Tribhuvan Sah,Male,50,9/25/2032,Aam Janata Party (Single Election Symbol),Mobile,FALSE,2,Madhesh Pradesh,32,Rautahat,1,1836,751,7,FALSE,1.14,Bachelor
342469,Sunil Prasad Kuswah,Male,38,11/19/2044,Sovereign Citizens Party,A 24-knuckle wheel inside a dark blue circle,FALSE,2,Madhesh Pradesh,32,Rautahat,1,1837,343,8,FALSE,0.52,??????? ??
341974,Sanjay Kumar Yadav,Male,36,12/14/2045,People's Rights Party,Boat,FALSE,2,Madhesh Pradesh,32,Rautahat,1,1838,341,9,FALSE,0.52,??????? ??
342517,Ram Kishore Thakur,Male,44,10/8/2038,Independent,Chessgoti,TRUE,2,Madhesh Pradesh,32,Rautahat,1,1839,229,10,FALSE,0.35,Unknown
341086,Shri Madan Shah,Male,54,4/5/2028,National Democratic Party,Plow,FALSE,2,Madhesh Pradesh,32,Rautahat,1,1840,155,11,FALSE,0.23,??.?.
341384,Raja Ram Mukhiya,Male,55,6/23/2027,Progressive Democratic Party,Single open eye,FALSE,2,Madhesh Pradesh,32,Rautahat,1,1841,91,12,FALSE,0.14,Literate
342735,Prabha Kumari Singh,Woman,50,11/21/2032,Nation Building Party Nepal,Water bottle inside a circle,FALSE,2,Madhesh Pradesh,32,Rautahat,1,1842,73,13,FALSE,0.11,B.ED
342549,Jajul Dewan,Male,46,1/5/2036,Nepal Federal Socialist Party (single election symbol),Bus,FALSE,2,Madhesh Pradesh,32,Rautahat,1,1843,62,14,FALSE,0.09,Literate
342247,Shyam Vavu Prasad,Male,34,2/13/2048,Independent,Trophy,TRUE,2,Madhesh Pradesh,32,Rautahat,1,1844,62,15,FALSE,0.09,SLC
340938,Mo Tanveer Akhtar Mikrani,Male,37,1/30/2045,National Liberation Party Nepal (single election symbol),Millstone,FALSE,2,Madhesh Pradesh,32,Rautahat,1,1845,60,16,FALSE,0.09,? ???
342565,Umesh Kumar Shah,Male,33,12/10/2048,Ujjaya Nepal Party,A burning electric lamp,FALSE,2,Madhesh Pradesh,32,Rautahat,1,1846,58,17,FALSE,0.09,??????? ??
342624,Ranjit Kumar Patel,Male,32,11/6/2050,Jai Matrubhoomi Party,Mother holding baby in arms,FALSE,2,Madhesh Pradesh,32,Rautahat,1,1847,29,18,FALSE,0.04,??????? ??
340233,Baidyanath Prasad Chaudhary,Male,51,12/3/2030,Nepal Labor Farmers Party,Model,FALSE,2,Madhesh Pradesh,32,Rautahat,1,1848,22,19,FALSE,0.03,SLC
342049,Sanjay Kumar Yadav,Male,37,10/20/2045,Nepali Janata Dal,Whistle,FALSE,2,Madhesh Pradesh,32,Rautahat,1,1849,22,20,FALSE,0.03,SLC
342201,Saroj Kumar Kushwaha,Male,41,5/10/2041,Independent,Round,TRUE,2,Madhesh Pradesh,32,Rautahat,1,1850,21,21,FALSE,0.03,??????? ???
340648,Sanjeev Kumar Yadav,Male,39,10/29/2043,Independent,Hotcase,TRUE,2,Madhesh Pradesh,32,Rautahat,1,1851,17,22,FALSE,0.03,Bachelor
341253,Ramkrit Sah,Male,49,2/6/2033,Independent,Syringe,TRUE,2,Madhesh Pradesh,32,Rautahat,1,1852,15,23,FALSE,0.02,Bachelor
342581,Abhishek Mishra,Male,31,5/5/2051,Independent,Violin,TRUE,2,Madhesh Pradesh,32,Rautahat,1,1853,12,24,FALSE,0.02,??????? ??
342600,Amrita Kumari Yadav,Woman,30,1/29/2052,Independent,Sofa,TRUE,2,Madhesh Pradesh,32,Rautahat,1,1854,12,25,FALSE,0.02,Literate
339799,Lakshmeshwar Narayan Sah,Male,48,6/13/2034,Independent,Rickshaw,TRUE,2,Madhesh Pradesh,32,Rautahat,1,1855,10,26,FALSE,0.02,???????? ????????????
342420,Dinesh Roy,Male,55,4/15/2027,Independent,Camera,TRUE,2,Madhesh Pradesh,32,Rautahat,1,1856,9,27,FALSE,0.01,SLC
341900,Raju Kumar Mukhiya,Male,33,2/12/2049,Independent,Fan,TRUE,2,Madhesh Pradesh,32,Rautahat,1,1857,8,28,FALSE,0.01,Plus 2 / Higher Secondary
341625,Mrinal Kumar Shah,Male,39,4/24/2043,Independent,Mango,TRUE,2,Madhesh Pradesh,32,Rautahat,1,1858,7,29,FALSE,0.01,Plus 2 / Higher Secondary
342658,Ram Sevak Rai,Male,55,4/7/2027,Independent,Triangle,TRUE,2,Madhesh Pradesh,32,Rautahat,1,1859,7,30,FALSE,0.01,Unknown
340987,Bibek Chaudhary,Male,26,6/25/2056,Independent,Wheelchair,TRUE,2,Madhesh Pradesh,32,Rautahat,1,1860,5,31,FALSE,0.01,Bachelor
341766,Radheshyam Sah Teli,Male,38,11/21/2044,Independent,Jeep,TRUE,2,Madhesh Pradesh,32,Rautahat,1,1861,5,32,FALSE,0.01,Plus 2 / Higher Secondary
342375,Ramanand Sharma,Male,41,1/5/2041,Independent,Coconut,TRUE,2,Madhesh Pradesh,32,Rautahat,1,1862,5,33,FALSE,0.01,??????? ?????
342113,Ram Naresh Rai Yadav,Male,46,11/25/2035,Independent,Harmonium,TRUE,2,Madhesh Pradesh,32,Rautahat,1,1863,4,34,FALSE,0.01,SLC
341454,Indu Devi Gupta,Woman,55,2027-02-29,Independent,Sparrow,TRUE,2,Madhesh Pradesh,32,Rautahat,1,1864,3,35,FALSE,0,SLC
342640,Shambhu Prasad,Male,49,1/18/2033,Independent,Saw,TRUE,2,Madhesh Pradesh,32,Rautahat,1,1865,3,36,FALSE,0,SLC
341176,Dinesh Kumar Yadav,Male,41,10/21/2041,Independent,Stool,TRUE,2,Madhesh Pradesh,32,Rautahat,1,1866,1,37,FALSE,0,???????????
342159,Munindra Kumar Thakur,Male,53,8/7/2029,Independent,Scissors,TRUE,2,Madhesh Pradesh,32,Rautahat,1,1867,1,38,FALSE,0,??????? ??
342449,Ravi Archanam Varma,Male,44,11/23/2037,Independent,Telescope,TRUE,2,Madhesh Pradesh,32,Rautahat,1,1868,1,39,FALSE,0,??????? ?????
340266,Mo. Firdosh Alam,Male,39,9/5/2043,Nepali Congress,Tree,FALSE,2,Madhesh Pradesh,32,Rautahat,2,1869,29528,1,TRUE,44.64,??.??.??.??.
340983,Kiran Kumar Sah,Male,48,8/25/2034,Nepali Communist Party,five-pointed star,FALSE,2,Madhesh Pradesh,32,Rautahat,2,1870,18442,2,FALSE,27.88,??????? ??
341641,Sheikh Sagir,Male,45,11/15/2037,National Independence Party,Bell,FALSE,2,Madhesh Pradesh,32,Rautahat,2,1871,9325,3,FALSE,14.1,?????????
341580,Ram Ashish Rai Yadav,Male,51,4/20/2031,"Janata Samajwadi Party, Nepal",A tilted umbrella,FALSE,2,Madhesh Pradesh,32,Rautahat,2,1872,2960,4,FALSE,4.48,???????? ?????? ????
340428,Muhammad Atiullah,Male,54,7/3/2028,Communist Party of Nepal (Unified Marxist-Leninist),Sun,FALSE,2,Madhesh Pradesh,32,Rautahat,2,1873,2382,5,FALSE,3.6,Proficiency Certificate Level (PCL)
341928,Lord Raut Kurmi,Male,45,12/10/2036,Aam Janata Party (Single Election Symbol),Mobile,FALSE,2,Madhesh Pradesh,32,Rautahat,2,1874,1825,6,FALSE,2.76,SLC
342140,Surendra Prasad Jaiswal,Male,45,12/12/2036,Progressive Democratic Party,Single open eye,FALSE,2,Madhesh Pradesh,32,Rautahat,2,1875,859,7,FALSE,1.3,Bachelor
341990,Sonu Kushwaha,Male,28,11/25/2053,Public opinion party,Loudspeaker,FALSE,2,Madhesh Pradesh,32,Rautahat,2,1876,276,8,FALSE,0.42,BSC in Computing And Information Techn
342196,Raj Kumar Yadav,Male,32,3/15/2050,Nepal Janata Party,Lotus flower,FALSE,2,Madhesh Pradesh,32,Rautahat,2,1877,102,9,FALSE,0.15,8 ?????
342444,Rabindra Sah,Male,42,8/15/2040,National Democratic Party,Plow,FALSE,2,Madhesh Pradesh,32,Rautahat,2,1878,85,10,FALSE,0.13,SLC
340766,Good Muhammad,Male,67,1/11/2015,National People's Front,Glass,FALSE,2,Madhesh Pradesh,32,Rautahat,2,1879,76,11,FALSE,0.11,Unknown
342594,Ramakant Prasad Patel,Male,25,4/25/2057,Ujjaya Nepal Party,A burning electric lamp,FALSE,2,Madhesh Pradesh,32,Rautahat,2,1880,64,12,FALSE,0.1,Plus 2 / Higher Secondary
339546,Sheikh Amirul Haq,Male,72,9/20/2010,Nepal Labor Farmers Party,Model,FALSE,2,Madhesh Pradesh,32,Rautahat,2,1881,44,13,FALSE,0.07,Literate
342313,Dilip Prasad Jaiswal,Male,42,7/10/2040,Independent,Badminton Cork,TRUE,2,Madhesh Pradesh,32,Rautahat,2,1882,38,14,FALSE,0.06,SLC
342496,Sanjay Sahni,Male,38,8/26/2044,National Liberation Party Nepal (single election symbol),Millstone,FALSE,2,Madhesh Pradesh,32,Rautahat,2,1883,31,15,FALSE,0.05,8 pass
340551,Mo. Imran Aslam,Male,35,1/5/2047,Independent,Petrol pump,TRUE,2,Madhesh Pradesh,32,Rautahat,2,1884,18,16,FALSE,0.03,Plus 2 / Higher Secondary
339885,Sheikh Raheel Ahmad,Male,38,2/15/2044,Independent,Jeep,TRUE,2,Madhesh Pradesh,32,Rautahat,2,1885,15,17,FALSE,0.02,SLC
342564,Mo. Naseem Akhtar,Male,42,1/5/2040,Independent,Fan,TRUE,2,Madhesh Pradesh,32,Rautahat,2,1886,13,18,FALSE,0.02,SLC
342397,Manoj Kumar sitting,Male,31,9/25/2051,Independent,Camera,TRUE,2,Madhesh Pradesh,32,Rautahat,2,1887,12,19,FALSE,0.02,SLC
341832,Jailal Prasad Kushwaha,Male,36,4/8/2046,Independent,Round,TRUE,2,Madhesh Pradesh,32,Rautahat,2,1888,10,20,FALSE,0.02,Plus 2 / Higher Secondary
340016,Sheikh Mohammed Ifran,Male,34,3/1/2048,Independent,Telescope,TRUE,2,Madhesh Pradesh,32,Rautahat,2,1889,10,21,FALSE,0.02,SLC
342091,Sheikh Mushtaq,Male,26,6/22/2056,Independent,Syringe,TRUE,2,Madhesh Pradesh,32,Rautahat,2,1890,8,22,FALSE,0.01,SLC
342622,Mo. Feroze Akhtar,Male,35,5/5/2047,Independent,Helmet,TRUE,2,Madhesh Pradesh,32,Rautahat,2,1891,6,23,FALSE,0.01,Plus 2 / Higher Secondary
342348,Ramakant Prasad Patel,Male,37,5/15/2045,Independent,Mango,TRUE,2,Madhesh Pradesh,32,Rautahat,2,1892,6,24,FALSE,0.01,Plus 2 / Higher Secondary
342526,Shyamalal Sah Teli,Male,39,5/12/2043,Independent,Cap,TRUE,2,Madhesh Pradesh,32,Rautahat,2,1893,6,25,FALSE,0.01,9 class
342242,Ramjanm Prasad Yadav,Male,34,12/10/2047,Independent,Pressure cooker,TRUE,2,Madhesh Pradesh,32,Rautahat,2,1894,3,26,FALSE,0,Bachelor
341005,Ravindra Patel,Male,48,10/7/2034,National Independence Party,Bell,FALSE,2,Madhesh Pradesh,32,Rautahat,3,1895,27318,1,TRUE,40.37,Ied
341927,Govind Chaudhary,Male,67,3/2/2015,"Janata Samajwadi Party, Nepal",A tilted umbrella,FALSE,2,Madhesh Pradesh,32,Rautahat,3,1896,11954,2,FALSE,17.66,??.?.
341300,Lord Sah,Male,54,1/28/2028,Aam Janata Party (Single Election Symbol),Mobile,FALSE,2,Madhesh Pradesh,32,Rautahat,3,1897,9890,3,FALSE,14.61,Bachelor
339712,Kundan Prasad Kushwaha,Male,46,7/15/2036,Communist Party of Nepal (Unified Marxist-Leninist),Sun,FALSE,2,Madhesh Pradesh,32,Rautahat,3,1898,6605,4,FALSE,9.76,??.??.??.
342570,Ramkripal Prasad Yadav,Male,41,1/5/2041,Nepali Congress,Tree,FALSE,2,Madhesh Pradesh,32,Rautahat,3,1899,6420,5,FALSE,9.49,??????????
341982,Poonam Devi,Woman,39,3/5/2043,Nepali Communist Party,five-pointed star,FALSE,2,Madhesh Pradesh,32,Rautahat,3,1900,3881,6,FALSE,5.74,Plus 2 / Higher Secondary
340181,Sheikh Pravez Alam,Male,29,10/2/2053,Public opinion party,Loudspeaker,FALSE,2,Madhesh Pradesh,32,Rautahat,3,1901,277,7,FALSE,0.41,"+2, ?????"
341862,Vijay Kumar Sah Teli,Male,36,10/25/2046,Independent,Chessgoti,TRUE,2,Madhesh Pradesh,32,Rautahat,3,1902,273,8,FALSE,0.4,Plus 2 / Higher Secondary
342763,Sikindra Rai Yadav,Male,54,2/19/2028,National Democratic Party,Plow,FALSE,2,Madhesh Pradesh,32,Rautahat,3,1903,123,9,FALSE,0.18,Literate
342593,Chanchan Chaudhary Tharu,Male,40,3/4/2042,"Civil Liberties Party, Nepal (single election symbol)",Millstone,FALSE,2,Madhesh Pradesh,32,Rautahat,3,1904,102,10,FALSE,0.15,Plus 2 / Higher Secondary
340458,Pintu Das Tatma,Male,25,3/10/2057,Independent,Calculator,TRUE,2,Madhesh Pradesh,32,Rautahat,3,1905,101,11,FALSE,0.15,? ????? ???
342663,Sheikh Sajid,Male,32,10/10/2050,Nepal Federal Socialist Party (single election symbol),Bus,FALSE,2,Madhesh Pradesh,32,Rautahat,3,1906,84,12,FALSE,0.12,Unknown
340294,Upendra Mukhiya Veen,Male,52,3/3/2030,Progressive Democratic Party,Single open eye,FALSE,2,Madhesh Pradesh,32,Rautahat,3,1907,70,13,FALSE,0.1,?? ????? ??????
341499,Jamshed Ansari,Male,55,1/15/2027,Labor Culture Party,The soil in Anjuli,FALSE,2,Madhesh Pradesh,32,Rautahat,3,1908,70,14,FALSE,0.1,Plus 2 / Higher Secondary
339541,North Bahadur Rana Magar,Male,50,7/24/2032,Mongol National Organization,Rooster,FALSE,2,Madhesh Pradesh,32,Rautahat,3,1909,65,15,FALSE,0.1,??????
342421,Dhiraj Chaudhary,Male,28,7/27/2054,Independent,Trophy,TRUE,2,Madhesh Pradesh,32,Rautahat,3,1910,62,16,FALSE,0.09,Bachelor
342633,Prabhu Rai Yadav,Male,31,9/7/2051,Independent,Badminton Cork,TRUE,2,Madhesh Pradesh,32,Rautahat,3,1911,59,17,FALSE,0.09,Unknown
340946,Shambhu Prasad Yadav,Male,56,10/27/2026,United Citizens Party,Guitar,FALSE,2,Madhesh Pradesh,32,Rautahat,3,1912,42,18,FALSE,0.06,Plus 2 / Higher Secondary
342152,Birendra Kumar Gupta,Male,65,4/23/2017,Nepal Democratic Party,Greeting with folded hands,FALSE,2,Madhesh Pradesh,32,Rautahat,3,1913,26,19,FALSE,0.04,Certificate Level
342514,Hiramathi Devi Koiri,Woman,50,4/16/2032,Independent,Bag,TRUE,2,Madhesh Pradesh,32,Rautahat,3,1914,23,20,FALSE,0.03,???????
342106,Shiv Chandra Shah,Male,28,7/27/2054,Independent,Silauto,TRUE,2,Madhesh Pradesh,32,Rautahat,3,1915,22,21,FALSE,0.03,Bachelor
341637,Chhabilal Mahato,Male,45,7/29/2037,Independent,Hand fan,TRUE,2,Madhesh Pradesh,32,Rautahat,3,1916,20,22,FALSE,0.03,Unknown
341795,Bhola Pandey,Male,47,2/5/2035,Independent,Ascot,TRUE,2,Madhesh Pradesh,32,Rautahat,3,1917,18,23,FALSE,0.03,Bachelor
340252,Rekha Kumari Patel,Woman,34,10/15/2048,Nepal Labor Farmers Party,Model,FALSE,2,Madhesh Pradesh,32,Rautahat,3,1918,16,24,FALSE,0.02,Bachelor
339594,Rajesh Sah,Male,38,7/5/2044,Independent,Mana Pathi,TRUE,2,Madhesh Pradesh,32,Rautahat,3,1919,16,25,FALSE,0.02,?+2
342442,Upendra Pandit Kumhar,Male,42,8/25/2040,Independent,Cup and plate,TRUE,2,Madhesh Pradesh,32,Rautahat,3,1920,14,26,FALSE,0.02,Literate
342620,Harindra Rai Yadav,Male,45,11/17/2037,Independent,Helmet,TRUE,2,Madhesh Pradesh,32,Rautahat,3,1921,14,27,FALSE,0.02,Literate
342484,Krishna Ram Chamar,Male,27,7/20/2055,Independent,Cap,TRUE,2,Madhesh Pradesh,32,Rautahat,3,1922,13,28,FALSE,0.02,Plus 2 / Higher Secondary
342637,Inspector Sah,Male,26,1/19/2056,Independent,Mango,TRUE,2,Madhesh Pradesh,32,Rautahat,3,1923,12,29,FALSE,0.02,Unknown
342053,Vijay Kumar Chaudhary,Male,35,12/1/2046,Independent,Dhikhi,TRUE,2,Madhesh Pradesh,32,Rautahat,3,1924,12,30,FALSE,0.02,Plus 2 / Higher Secondary
342612,Bhagnarayan Rai,Male,52,3/4/2030,Independent,Wandering around,TRUE,2,Madhesh Pradesh,32,Rautahat,3,1925,11,31,FALSE,0.02,Unknown
342648,Sheikh OC Mohammed,Male,61,1/1/2021,Independent,Syringe,TRUE,2,Madhesh Pradesh,32,Rautahat,3,1926,11,32,FALSE,0.02,Unknown
342187,Puneet Ram Mahara,Male,38,3/19/2044,Independent,Round,TRUE,2,Madhesh Pradesh,32,Rautahat,3,1927,10,33,FALSE,0.01,Bachelor
342580,Bharat Rai Yadav,Male,58,2/3/2024,Independent,Tea table,TRUE,2,Madhesh Pradesh,32,Rautahat,3,1928,9,34,FALSE,0.01,Unknown
342532,Surendra sat,Male,57,2/16/2025,Independent,Petrol pump,TRUE,2,Madhesh Pradesh,32,Rautahat,3,1929,9,35,FALSE,0.01,8 ?????
341430,Nezam Mansuri,Male,47,10/28/2035,Independent,Camera,TRUE,2,Madhesh Pradesh,32,Rautahat,3,1930,6,36,FALSE,0.01,Literate
342672,Zahur Alam,Male,30,10/14/2052,Independent,Camel,TRUE,2,Madhesh Pradesh,32,Rautahat,3,1931,5,37,FALSE,0.01,Plus 2 / Higher Secondary
342547,Rajendra Mahara,Male,42,7/5/2040,Independent,Jeep,TRUE,2,Madhesh Pradesh,32,Rautahat,3,1932,5,38,FALSE,0.01,??.??.??.
340392,Lalbabu Prasad Kushwaha,Male,31,11/18/2051,Independent,Penchis,TRUE,2,Madhesh Pradesh,32,Rautahat,3,1933,2,39,FALSE,0,? ???
342603,Ratnesh Mahato Koiri,Male,37,8/15/2045,Independent,Scissors,TRUE,2,Madhesh Pradesh,32,Rautahat,3,1934,1,40,FALSE,0,Plus 2 / Higher Secondary
341093,Ganesh Poudel,Male,43,10/11/2039,National Independence Party,Bell,FALSE,2,Madhesh Pradesh,32,Rautahat,4,1935,36876,1,TRUE,52.93,????????????
340724,Dev Prasad Timalsena,Male,55,6/15/2027,Nepali Congress,Tree,FALSE,2,Madhesh Pradesh,32,Rautahat,4,1936,15865,2,FALSE,22.77,I.A.(+2)
340555,Ram Kumar Bhattarai,Male,62,5/8/2020,Nepali Communist Party,five-pointed star,FALSE,2,Madhesh Pradesh,32,Rautahat,4,1937,9778,3,FALSE,14.04,???????? ?????????? ??
340146,Ramji Shah Sonar,Male,46,5/12/2036,Communist Party of Nepal (Unified Marxist-Leninist),Sun,FALSE,2,Madhesh Pradesh,32,Rautahat,4,1938,3478,4,FALSE,4.99,Plus 2 / Higher Secondary
340507,Rajkumar Das Tatma,Male,41,4/16/2041,"Janata Samajwadi Party, Nepal",A tilted umbrella,FALSE,2,Madhesh Pradesh,32,Rautahat,4,1939,1062,5,FALSE,1.52,Unknown
341707,Rishiraj Dhamla,Male,50,7/7/2032,Aam Janata Party (Single Election Symbol),Mobile,FALSE,2,Madhesh Pradesh,32,Rautahat,4,1940,655,6,FALSE,0.94,???????? ?????????? ??
341871,Tulsi Raj Giri,Male,53,9/5/2029,Ujjaya Nepal Party,A burning electric lamp,FALSE,2,Madhesh Pradesh,32,Rautahat,4,1941,411,7,FALSE,0.59,????????????
342103,Ram Kalyan Raut,Male,28,1/10/2054,Public opinion party,Loudspeaker,FALSE,2,Madhesh Pradesh,32,Rautahat,4,1942,295,8,FALSE,0.42,Plus 2 / Higher Secondary
342207,Surendra Prasad Patel,Male,45,8/13/2037,Independent,Chessgoti,TRUE,2,Madhesh Pradesh,32,Rautahat,4,1943,279,9,FALSE,0.4,Unknown
339550,Nawaraj Aryal,Male,53,2/18/2029,Labor Culture Party,The soil in Anjuli,FALSE,2,Madhesh Pradesh,32,Rautahat,4,1944,188,10,FALSE,0.27,Unknown
342555,Ruplal Rai Yadav,Male,47,7/2/2035,National Democratic Party,Plow,FALSE,2,Madhesh Pradesh,32,Rautahat,4,1945,163,11,FALSE,0.23,?? ?? ??
341399,Kishori Sahni,Male,45,2/15/2037,Communist Party of Nepal (Maoist),A rose with two petals inside a circle.,FALSE,2,Madhesh Pradesh,32,Rautahat,4,1946,107,12,FALSE,0.15,?? ?? ??
340241,Satya Narayan Bhagat Bean,Male,56,3/5/2026,Progressive Democratic Party,Single open eye,FALSE,2,Madhesh Pradesh,32,Rautahat,4,1947,73,13,FALSE,0.1,SLC
341681,Baiju Prasad Patel,Male,51,1/7/2031,Independent,Badminton Cork,TRUE,2,Madhesh Pradesh,32,Rautahat,4,1948,68,14,FALSE,0.1,Plus 2 / Higher Secondary
341794,Satyanarayan Mahara,Male,54,5/6/2028,Bahujan Ekta Party Nepal (single election symbol),Bus,FALSE,2,Madhesh Pradesh,32,Rautahat,4,1949,60,15,FALSE,0.09,Literate
339430,Vir Bahadur Thokar,Male,49,2/7/2033,Mongol National Organization,Rooster,FALSE,2,Madhesh Pradesh,32,Rautahat,4,1950,58,16,FALSE,0.08,Unknown
340396,Keshav Rai,Male,41,7/17/2041,United Citizens Party,Guitar,FALSE,2,Madhesh Pradesh,32,Rautahat,4,1951,44,17,FALSE,0.06,Plus 2 / Higher Secondary
341934,Kiran Kumar Kafla,Male,42,11/10/2040,Independent,Triangle,TRUE,2,Madhesh Pradesh,32,Rautahat,4,1952,22,18,FALSE,0.03,???????? ?????????? ??
342012,Gautam Kumar Sah,Male,35,10/10/2047,Independent,Syringe,TRUE,2,Madhesh Pradesh,32,Rautahat,4,1953,20,19,FALSE,0.03,Unknown
341276,Samsun Khatun,Woman,41,12/7/2040,Independent,Cable car,TRUE,2,Madhesh Pradesh,32,Rautahat,4,1954,20,20,FALSE,0.03,??????
340845,Dinesh Prasad Sah,Male,53,6/5/2029,Nepal Labor Farmers Party,Model,FALSE,2,Madhesh Pradesh,32,Rautahat,4,1955,18,21,FALSE,0.03,?? ?? ??
341340,Dawa Singh Rumba,Male,58,9/17/2024,Federal Democratic National Forum,Khukuri with a handle,FALSE,2,Madhesh Pradesh,32,Rautahat,4,1956,17,22,FALSE,0.02,??????
340274,Jahana Khatun,Woman,37,9/29/2045,Independent,Round,TRUE,2,Madhesh Pradesh,32,Rautahat,4,1957,17,23,FALSE,0.02,??????
340343,Pawan Kumar Chaudhary,Male,37,9/10/2045,Independent,Mango,TRUE,2,Madhesh Pradesh,32,Rautahat,4,1958,14,24,FALSE,0.02,B.Sc (Microbiology)
341447,Chandrika Lal Sah,Male,30,5/12/2052,Independent,Saw,TRUE,2,Madhesh Pradesh,32,Rautahat,4,1959,12,25,FALSE,0.02,???????? ?????????? ??
341901,Anju Chaudhary,Woman,37,12/19/2044,Independent,Scissors,TRUE,2,Madhesh Pradesh,32,Rautahat,4,1960,9,26,FALSE,0.01,Unknown
342121,Prem Kumari Tripathi,Woman,30,5/13/2052,Independent,Ascot,TRUE,2,Madhesh Pradesh,32,Rautahat,4,1961,8,27,FALSE,0.01,???? ?? ??
340484,Mukti Narayan Chaudhary,Male,45,12/15/2036,Independent,Bag,TRUE,2,Madhesh Pradesh,32,Rautahat,4,1962,8,28,FALSE,0.01,Literate
341602,Umesh Dahal,Male,33,11/28/2048,Independent,Cup and plate,TRUE,2,Madhesh Pradesh,32,Rautahat,4,1963,7,29,FALSE,0.01,Unknown
340313,Laxminiya Chaudhary,Woman,49,1/11/2033,Independent,Telescope,TRUE,2,Madhesh Pradesh,32,Rautahat,4,1964,7,30,FALSE,0.01,Literate
340048,Sujita Kumari Gautam,Woman,41,10/11/2041,Independent,Celery bread,TRUE,2,Madhesh Pradesh,32,Rautahat,4,1965,7,31,FALSE,0.01,SLC
341845,Sameer Babu Karki,Male,44,4/2/2038,Independent,Camera,TRUE,2,Madhesh Pradesh,32,Rautahat,4,1966,6,32,FALSE,0.01,Plus 2 / Higher Secondary
342190,Som Prasad Timalseena,Male,38,10/11/2044,Independent,Tea table,TRUE,2,Madhesh Pradesh,32,Rautahat,4,1967,5,33,FALSE,0.01,???? ?? ??
342243,Binda Lal Sah,Male,68,6/5/2014,Independent,Box,TRUE,2,Madhesh Pradesh,32,Rautahat,4,1968,4,34,FALSE,0.01,M.ed
340694,Harihar Mukhiya Bin,Male,68,12/3/2013,Independent,Helmet,TRUE,2,Madhesh Pradesh,32,Rautahat,4,1969,4,35,FALSE,0.01,Literate
341984,Jitendra Prasad Bean,Male,31,10/10/2051,Independent,Dust bin,TRUE,2,Madhesh Pradesh,32,Rautahat,4,1970,3,36,FALSE,0,Literate
340199,Eat safflower,Woman,50,1/5/2032,Independent,Stool,TRUE,2,Madhesh Pradesh,32,Rautahat,4,1971,0,37,FALSE,0,??????
340083,Ganesh Dhimal,Male,43,7/10/2039,National Independence Party,Bell,FALSE,2,Madhesh Pradesh,33,Twelve,1,1972,39998,1,TRUE,53.13,Masters
342042,Shambhu Bahadur Budhathoki,Male,52,12/12/2029,Nepali Congress,Tree,FALSE,2,Madhesh Pradesh,33,Twelve,1,1973,14223,2,FALSE,18.89,????? ???
340317,Achyut Prasad Mainali,Male,60,3/19/2022,Communist Party of Nepal (Unified Marxist-Leninist),Sun,FALSE,2,Madhesh Pradesh,33,Twelve,1,1974,11645,3,FALSE,15.47,Masters
340765,Santosh Dangal,Male,40,1/23/2042,Nepali Communist Party,five-pointed star,FALSE,2,Madhesh Pradesh,33,Twelve,1,1975,2878,4,FALSE,3.82,+?/ ?? ?? ?? ????
340536,Ramwavu Prasad Yadav,Male,52,4/3/2030,"Janata Samajwadi Party, Nepal",A tilted umbrella,FALSE,2,Madhesh Pradesh,33,Twelve,1,1976,2530,5,FALSE,3.36,Bachelor
341991,Jai Kishore Pandey,Male,39,4/21/2043,Independent,Chessgoti,TRUE,2,Madhesh Pradesh,33,Twelve,1,1977,941,6,FALSE,1.25,+?
341863,Lakshmi Prasad sa Kalwar,Male,61,1/1/2021,National Democratic Party,Plow,FALSE,2,Madhesh Pradesh,33,Twelve,1,1978,749,7,FALSE,0.99,?? ???
342539,Anwar Ansari,Male,54,3/21/2028,Ujjaya Nepal Party,A burning electric lamp,FALSE,2,Madhesh Pradesh,33,Twelve,1,1979,677,8,FALSE,0.9,??.??.??.
340270,Kamrullah Ansari,Male,47,11/25/2034,Public opinion party,Loudspeaker,FALSE,2,Madhesh Pradesh,33,Twelve,1,1980,645,9,FALSE,0.86,Bachelor
341023,Bhulawan Kumar Paswan,Male,35,6/1/2047,Labor Culture Party,The soil in Anjuli,FALSE,2,Madhesh Pradesh,33,Twelve,1,1981,306,10,FALSE,0.41,?? ?? ??
340627,Bhuvan Prasad Chaudhary,Male,57,1/4/2025,"Civil Liberties Party, Nepal (single election symbol)",Millstone,FALSE,2,Madhesh Pradesh,33,Twelve,1,1982,270,11,FALSE,0.36,?? ?? ??
341957,Vijay Yadav,Male,36,10/5/2046,Aam Janata Party (Single Election Symbol),Mobile,FALSE,2,Madhesh Pradesh,33,Twelve,1,1983,213,12,FALSE,0.28,Bachelor
341290,Suk Dorje Gole,Male,38,4/1/2044,Mongol National Organization,Rooster,FALSE,2,Madhesh Pradesh,33,Twelve,1,1984,99,13,FALSE,0.13,Literate
342080,Lakshmi Narayan Prasad Sah,Male,51,1/3/2031,Independent,Pumpkin,TRUE,2,Madhesh Pradesh,33,Twelve,1,1985,34,14,FALSE,0.05,Literate
342507,Bidur Kharel,Male,49,3/4/2033,Independent,Fan,TRUE,2,Madhesh Pradesh,33,Twelve,1,1986,16,15,FALSE,0.02,Plus 2 / Higher Secondary
342330,Rabina Devi Chaudhary,Woman,41,5/16/2041,Independent,Cylinder and wheel,TRUE,2,Madhesh Pradesh,33,Twelve,1,1987,16,16,FALSE,0.02,????? ?????
342131,Hamid Mansoori,Male,52,1/1/2030,Progressive Democratic Party,Single open eye,FALSE,2,Madhesh Pradesh,33,Twelve,1,1988,14,17,FALSE,0.02,??.??.??.
341067,Prem Kumari Thapa Khadka,Woman,50,3/12/2032,Independent,Jeep,TRUE,2,Madhesh Pradesh,33,Twelve,1,1989,13,18,FALSE,0.02,Literate
342572,Seema Kumari Timilsena,Woman,45,9/3/2037,Independent,Mango,TRUE,2,Madhesh Pradesh,33,Twelve,1,1990,10,19,FALSE,0.01,Literate
342694,Roshan Kumar Upreti,Male,47,2/15/2035,Independent,Camera,TRUE,2,Madhesh Pradesh,33,Twelve,1,1991,8,20,FALSE,0.01,??.??.??.
341439,Chandan Kumar Singh,Male,42,12/27/2039,National Independence Party,Bell,FALSE,2,Madhesh Pradesh,33,Twelve,2,1992,35590,1,TRUE,48.91,Plus 2 / Higher Secondary
340715,Ramkishore Prasad Yadav,Male,56,10/25/2026,"Janata Samajwadi Party, Nepal",A tilted umbrella,FALSE,2,Madhesh Pradesh,33,Twelve,2,1993,14196,2,FALSE,19.51,Bsc Physics
340836,Bhaiyaram Prasad Yadav,Male,52,1/1/2030,Nepali Congress,Tree,FALSE,2,Madhesh Pradesh,33,Twelve,2,1994,11837,3,FALSE,16.27,Bachelor
341090,Balbir Prasad Chaudhary,Male,65,10/8/2017,Communist Party of Nepal (Unified Marxist-Leninist),Sun,FALSE,2,Madhesh Pradesh,33,Twelve,2,1995,7213,4,FALSE,9.91,???????? ?????? ????
341497,Shivchandra Prasad Kushwaha,Male,59,2/8/2023,Progressive Democratic Party,Single open eye,FALSE,2,Madhesh Pradesh,33,Twelve,2,1996,1396,5,FALSE,1.92,SLC
339800,Ramesh Prasad Yadav,Male,59,9/12/2023,Nepali Communist Party,five-pointed star,FALSE,2,Madhesh Pradesh,33,Twelve,2,1997,910,6,FALSE,1.25,Intermediate (I.A.)
339746,Rajesh Sah,Male,39,11/24/2042,Public opinion party,Loudspeaker,FALSE,2,Madhesh Pradesh,33,Twelve,2,1998,668,7,FALSE,0.92,Chartered Accountant (M.Com)
340099,Lalbabu Prasad Sah Teli,Male,56,11/9/2026,National Democratic Party,Plow,FALSE,2,Madhesh Pradesh,33,Twelve,2,1999,206,8,FALSE,0.28,SLC
342178,Meghraj Paswan,Male,33,1/9/2049,Ujjaya Nepal Party,A burning electric lamp,FALSE,2,Madhesh Pradesh,33,Twelve,2,2000,184,9,FALSE,0.25,"SLC Board of Nepal, +2 HSEB"
339860,Atmaram Prasad Sah,Male,65,12/16/2016,Aam Janata Party (Single Election Symbol),Mobile,FALSE,2,Madhesh Pradesh,33,Twelve,2,2001,157,10,FALSE,0.22,??.?. (????????)
341322,Sudhir Kumar Sah,Male,26,4/5/2056,Independent,Trophy,TRUE,2,Madhesh Pradesh,33,Twelve,2,2002,135,11,FALSE,0.19,Islington college BSc hons Compabing
340164,Provincial Sah,Male,34,5/2/2048,Nepal Janata Party,Lotus flower,FALSE,2,Madhesh Pradesh,33,Twelve,2,2003,49,12,FALSE,0.07,Plus 2 / Higher Secondary
340051,Amardev Prasad Yadav,Male,61,1/16/2021,National Liberation Party Nepal (single election symbol),Millstone,FALSE,2,Madhesh Pradesh,33,Twelve,2,2004,39,13,FALSE,0.05,??.?. ????. ?????????
339680,Shyambabu Prasad Chaudhary,Male,35,3/10/2047,"People's Democratic Party, Nepal",Buffalo,FALSE,2,Madhesh Pradesh,33,Twelve,2,2005,33,14,FALSE,0.05,BSC (Bachelor in science)
342649,Inzad Ansari,Male,26,4/5/2056,Independent,Jeep,TRUE,2,Madhesh Pradesh,33,Twelve,2,2006,33,15,FALSE,0.05,Bachelor
341654,Rajabali Prasad,Male,59,7/13/2023,Independent,Cable car,TRUE,2,Madhesh Pradesh,33,Twelve,2,2007,23,16,FALSE,0.03,?? ???
342116,Radha Devi Mahara,Woman,38,1/15/2044,Mongol National Organization,Rooster,FALSE,2,Madhesh Pradesh,33,Twelve,2,2008,15,17,FALSE,0.02,Unknown
342436,Surendra Prasad Yadav,Male,30,10/29/2052,Independent,Calculator,TRUE,2,Madhesh Pradesh,33,Twelve,2,2009,15,18,FALSE,0.02,Plus 2 / Higher Secondary
341691,Chandan Kumar Yadav,Male,30,6/3/2052,Nepal Labor Farmers Party,Model,FALSE,2,Madhesh Pradesh,33,Twelve,2,2010,11,19,FALSE,0.02,SLC
342540,Dinesh Prasad Yadav,Male,39,3/25/2043,Independent,Syringe,TRUE,2,Madhesh Pradesh,33,Twelve,2,2011,8,20,FALSE,0.01,SLC
342382,Murali Manohar Prasad Sah,Male,39,7/5/2043,Independent,Stool,TRUE,2,Madhesh Pradesh,33,Twelve,2,2012,8,21,FALSE,0.01,Unknown
341550,Amresh Kumar Pandey,Male,37,1/5/2045,People's Rights Party,Boat,FALSE,2,Madhesh Pradesh,33,Twelve,2,2013,6,22,FALSE,0.01,SLC
341726,Jalandhar Mahato,Male,51,12/1/2030,Independent,Mango,TRUE,2,Madhesh Pradesh,33,Twelve,2,2014,6,23,FALSE,0.01,SLC
342406,Mukesh Prasad Kushwaha,Male,29,1/15/2053,Independent,Round,TRUE,2,Madhesh Pradesh,33,Twelve,2,2015,6,24,FALSE,0.01,??????
342226,Anita Kumari,Woman,31,1/19/2051,Independent,Scissors,TRUE,2,Madhesh Pradesh,33,Twelve,2,2016,5,25,FALSE,0.01,? ?????
341842,Nagina Devi,Woman,45,4/5/2037,Independent,Cup and plate,TRUE,2,Madhesh Pradesh,33,Twelve,2,2017,5,26,FALSE,0.01,? ?????
342360,Prayag Prasad Chaudhary,Male,50,7/5/2032,Independent,Sparrow,TRUE,2,Madhesh Pradesh,33,Twelve,2,2018,4,27,FALSE,0.01,SLC
341595,Chhotelal Sah,Male,33,1/29/2049,Independent,Pressure cooker,TRUE,2,Madhesh Pradesh,33,Twelve,2,2019,2,28,FALSE,0,Plus 2 / Higher Secondary
342332,Jalam Muhammad Ansari,Male,51,3/29/2031,Independent,Rickshaw,TRUE,2,Madhesh Pradesh,33,Twelve,2,2020,1,29,FALSE,0,Plus 2 / Higher Secondary
340776,Arvind Shah,Male,41,1/5/2041,National Independence Party,Bell,FALSE,2,Madhesh Pradesh,33,Twelve,3,2021,40697,1,TRUE,57.15,Masters
339741,Farmullah Mansoor,Male,71,8/20/2011,Nepali Congress,Tree,FALSE,2,Madhesh Pradesh,33,Twelve,3,2022,10052,2,FALSE,14.12,?? ?? ??
340640,Ramwavu Kumar Yadav,Male,50,2/15/2032,"Janata Samajwadi Party, Nepal",A tilted umbrella,FALSE,2,Madhesh Pradesh,33,Twelve,3,2023,6884,3,FALSE,9.67,Bachelor
339499,Jwala Kumari Sah,Woman,44,7/11/2038,Communist Party of Nepal (Unified Marxist-Leninist),Sun,FALSE,2,Madhesh Pradesh,33,Twelve,3,2024,5271,4,FALSE,7.4,Bachelor
339414,Pramod Prasad Gupta,Male,47,2/1/2035,Public opinion party,Loudspeaker,FALSE,2,Madhesh Pradesh,33,Twelve,3,2025,3819,5,FALSE,5.36,Bachelor
341819,Bharat Prasad Sah,Male,64,3/5/2018,Nepali Communist Party,five-pointed star,FALSE,2,Madhesh Pradesh,33,Twelve,3,2026,1751,6,FALSE,2.46,B.ED
340133,Tirtha Bahadur Gurung,Male,43,12/30/2038,Ujjaya Nepal Party,A burning electric lamp,FALSE,2,Madhesh Pradesh,33,Twelve,3,2027,1726,7,FALSE,2.42,?? ?? ??
342016,Rajendra Prasad Jaiswar,Male,56,7/5/2026,National Democratic Party,Plow,FALSE,2,Madhesh Pradesh,33,Twelve,3,2028,319,8,FALSE,0.45,Bachelor
341449,Mumtaz Begum,Woman,39,9/18/2043,Labor Culture Party,The soil in Anjuli,FALSE,2,Madhesh Pradesh,33,Twelve,3,2029,142,9,FALSE,0.2,????? ??? ??
340009,Valakrishna Sharma,Male,58,8/29/2024,National People's Front,Glass,FALSE,2,Madhesh Pradesh,33,Twelve,3,2030,139,10,FALSE,0.2,SLC
339620,Memory balls,Woman,47,7/15/2035,Mongol National Organization,Rooster,FALSE,2,Madhesh Pradesh,33,Twelve,3,2031,127,11,FALSE,0.18,??????
340069,Ram Ekbal Raut,Male,50,5/3/2032,Nepal Labor Farmers Party,Model,FALSE,2,Madhesh Pradesh,33,Twelve,3,2032,56,12,FALSE,0.08,SLC
341632,Sanjay Kumar Sahni,Male,28,7/7/2054,People's Rights Party,Boat,FALSE,2,Madhesh Pradesh,33,Twelve,3,2033,52,13,FALSE,0.07,Plus 2 / Higher Secondary
340566,Lakshman Lama,Male,45,4/27/2037,Aam Janata Party (Single Election Symbol),Mobile,FALSE,2,Madhesh Pradesh,33,Twelve,3,2034,47,14,FALSE,0.07,Plus 2 / Higher Secondary
339363,Prahlad Prasad Shah Kalwar,Male,73,4/3/2009,Nepal Janata Party,Lotus flower,FALSE,2,Madhesh Pradesh,33,Twelve,3,2035,45,15,FALSE,0.06,?? ?? ??
340498,Rakesh Kumar Sah Kanu,Male,37,1/2/2045,Independent,Helmet,TRUE,2,Madhesh Pradesh,33,Twelve,3,2036,15,16,FALSE,0.02,?? ?? ??
340690,Sabina Gole,Woman,49,1/1/2033,Independent,Scissors,TRUE,2,Madhesh Pradesh,33,Twelve,3,2037,13,17,FALSE,0.02,????? ?????
341372,Santosh Pandit Kumhar,Male,36,11/11/2046,Independent,Camera,TRUE,2,Madhesh Pradesh,33,Twelve,3,2038,12,18,FALSE,0.02,????? ??
341943,Dinesh Prasad Singh,Male,55,9/26/2027,Progressive Democratic Party,Single open eye,FALSE,2,Madhesh Pradesh,33,Twelve,3,2039,11,19,FALSE,0.02,SLC
339303,Chandra Prakash Subedi,Male,59,2023-02-29,Independent,Cup and plate,TRUE,2,Madhesh Pradesh,33,Twelve,3,2040,9,20,FALSE,0.01,??????????? (???? ???????)
341736,Lal Mukesh Thakur,Male,38,8/2/2044,Independent,Dust bin,TRUE,2,Madhesh Pradesh,33,Twelve,3,2041,7,21,FALSE,0.01,Plus 2 / Higher Secondary
339878,Sunil Paswan,Male,40,5/25/2042,Independent,Sparrow,TRUE,2,Madhesh Pradesh,33,Twelve,3,2042,5,22,FALSE,0.01,????? ?????
341522,Umrawati Devi Sah,Woman,56,10/28/2026,Independent,Coconut,TRUE,2,Madhesh Pradesh,33,Twelve,3,2043,4,23,FALSE,0.01,?????? ?????
341693,Suresh Prasad Sharma Subedi,Male,64,12/14/2017,Independent,Mango,TRUE,2,Madhesh Pradesh,33,Twelve,3,2044,2,24,FALSE,0,?????
341514,Rahwar Ansari,Male,39,1/15/2043,National Independence Party,Bell,FALSE,2,Madhesh Pradesh,33,Twelve,4,2045,41200,1,TRUE,55.2,Masters
340034,Krishna Kumar Shrestha,Male,58,9/7/2024,Communist Party of Nepal (Unified Marxist-Leninist),Sun,FALSE,2,Madhesh Pradesh,33,Twelve,4,2046,11639,2,FALSE,15.59,???????? ?????? ????
342094,Sanju Shah Kanu,Male,41,7/9/2041,"Janata Samajwadi Party, Nepal",A tilted umbrella,FALSE,2,Madhesh Pradesh,33,Twelve,4,2047,7593,3,FALSE,10.17,Unknown
341779,Shyam Babu Gupta,Male,41,3/1/2041,Nepali Congress,Tree,FALSE,2,Madhesh Pradesh,33,Twelve,4,2048,7113,4,FALSE,9.53,Unknown
339573,Ajay Kushwaha,Male,27,1/1/2055,Nepali Communist Party,five-pointed star,FALSE,2,Madhesh Pradesh,33,Twelve,4,2049,2067,5,FALSE,2.77,Bachelor
341694,Vinay Yadav,Male,42,4/25/2040,National Unity Party,"Tulsi, monastery",FALSE,2,Madhesh Pradesh,33,Twelve,4,2050,1026,6,FALSE,1.37,Unknown
342447,Umesh Kumar Kushwaha,Male,38,2/15/2044,Aam Janata Party (Single Election Symbol),Mobile,FALSE,2,Madhesh Pradesh,33,Twelve,4,2051,833,7,FALSE,1.12,Unknown
341056,Dilip Kumar Sharma Nepal,Male,54,3/29/2028,National Democratic Party,Plow,FALSE,2,Madhesh Pradesh,33,Twelve,4,2052,809,8,FALSE,1.08,Bachelor
341466,Sameem Mia Ansari,Male,52,6/24/2030,Nation Building Party Nepal,Water bottle inside a circle,FALSE,2,Madhesh Pradesh,33,Twelve,4,2053,481,9,FALSE,0.64,Bachelor
342364,Sarvendra Khanal,Male,59,1/13/2023,National Change Party,Flute,FALSE,2,Madhesh Pradesh,33,Twelve,4,2054,464,10,FALSE,0.62,Unknown
341417,Hasanjan Mia,Male,54,1/16/2028,Public opinion party,Loudspeaker,FALSE,2,Madhesh Pradesh,33,Twelve,4,2055,437,11,FALSE,0.59,Unknown
341992,Santosh Kumar Gupta,Male,53,7/14/2029,Ujjaya Nepal Party,A burning electric lamp,FALSE,2,Madhesh Pradesh,33,Twelve,4,2056,220,12,FALSE,0.29,Unknown
342425,Gopal Bahadur Khatri,Male,43,6/9/2039,Labor Culture Party,The soil in Anjuli,FALSE,2,Madhesh Pradesh,33,Twelve,4,2057,144,13,FALSE,0.19,Unknown
342398,Bhola Miyan,Male,42,1/1/2040,Independent,Trophy,TRUE,2,Madhesh Pradesh,33,Twelve,4,2058,134,14,FALSE,0.18,Unknown
342465,Nirajan Kumar,Male,27,9/15/2055,Independent,Water jar,TRUE,2,Madhesh Pradesh,33,Twelve,4,2059,79,15,FALSE,0.11,Unknown
339937,Suresh Prasad,Male,55,1/10/2027,Nepal Democratic Party,Greeting with folded hands,FALSE,2,Madhesh Pradesh,33,Twelve,4,2060,73,16,FALSE,0.1,Unknown
342155,Awadhkishore Prasad Kushwaha,Male,45,12/9/2036,Progressive Democratic Party,Single open eye,FALSE,2,Madhesh Pradesh,33,Twelve,4,2061,61,17,FALSE,0.08,Unknown
339981,Saraswati Upadhyay,Woman,40,4/11/2042,National People's Front,Glass,FALSE,2,Madhesh Pradesh,33,Twelve,4,2062,50,18,FALSE,0.07,SLC
340895,Sanju Chaudhary,Male,48,5/6/2034,Independent,Badminton Cork,TRUE,2,Madhesh Pradesh,33,Twelve,4,2063,43,19,FALSE,0.06,??????
339537,Subba Lal Tamang,Male,69,6/13/2013,Mongol National Organization,Rooster,FALSE,2,Madhesh Pradesh,33,Twelve,4,2064,34,20,FALSE,0.05,Literate
339897,Muni Khatun,Woman,51,1/4/2031,Democratic Party Nepal,Chariot,FALSE,2,Madhesh Pradesh,33,Twelve,4,2065,18,21,FALSE,0.02,??????? ?????
340221,Asrar Alam Thakurai,Male,36,8/1/2046,Independent,Mango,TRUE,2,Madhesh Pradesh,33,Twelve,4,2066,16,22,FALSE,0.02,Unknown
340118,Rajdev Ram Dusad,Male,48,11/1/2034,Independent,Fan,TRUE,2,Madhesh Pradesh,33,Twelve,4,2067,15,23,FALSE,0.02,SLC
342183,Saqib Alam Mansuri,Male,30,10/17/2052,Independent,Water filter,TRUE,2,Madhesh Pradesh,33,Twelve,4,2068,15,24,FALSE,0.02,Unknown
341962,Dhirendra Chaudhary,Male,37,4/24/2045,Independent,Ascot,TRUE,2,Madhesh Pradesh,33,Twelve,4,2069,10,25,FALSE,0.01,Unknown
341815,Baidhanath Prasad Sah,Male,40,4/5/2042,Independent,Ink,TRUE,2,Madhesh Pradesh,33,Twelve,4,2070,9,26,FALSE,0.01,Unknown
342206,Deepak Singh Chaudhary,Male,30,6/22/2052,Independent,Envelope,TRUE,2,Madhesh Pradesh,33,Twelve,4,2071,8,27,FALSE,0.01,Bachelor
342435,Nasima Khatun,Woman,38,7/5/2044,Independent,Box,TRUE,2,Madhesh Pradesh,33,Twelve,4,2072,8,28,FALSE,0.01,Unknown
342064,Shambhu Prasad Yadav,Male,42,3/14/2040,Independent,Telescope,TRUE,2,Madhesh Pradesh,33,Twelve,4,2073,8,29,FALSE,0.01,Unknown
341857,Usha Budhathoki (Prasai),Woman,35,7/17/2047,Independent,Slingshot,TRUE,2,Madhesh Pradesh,33,Twelve,4,2074,6,30,FALSE,0.01,Unknown
340957,Bhekhnarayan Prasad Sah Teli,Male,48,7/13/2034,Independent,Cup and plate,TRUE,2,Madhesh Pradesh,33,Twelve,4,2075,6,31,FALSE,0.01,SLC
342454,Vimala Khatiwada,Woman,44,10/25/2038,Independent,Harmonium,TRUE,2,Madhesh Pradesh,33,Twelve,4,2076,5,32,FALSE,0.01,Unknown
342475,Mukesh Kumar Rauniar,Male,37,2/16/2045,Independent,Hand fan,TRUE,2,Madhesh Pradesh,33,Twelve,4,2077,4,33,FALSE,0.01,Unknown
342542,Sandeep Yadav,Male,38,11/21/2044,Independent,Camera,TRUE,2,Madhesh Pradesh,33,Twelve,4,2078,4,34,FALSE,0.01,Unknown
341896,Mohan Prasad Chaulagain,Male,38,7/1/2044,Independent,Round,TRUE,2,Madhesh Pradesh,33,Twelve,4,2079,3,35,FALSE,0,Unknown
339719,Purna Prasad Panth,Male,60,9/6/2022,Independent,Camel,TRUE,2,Madhesh Pradesh,33,Twelve,4,2080,1,36,FALSE,0,?? ???
339656,Mangeshwar Patel,Male,34,1/26/2048,Independent,Stool,TRUE,2,Madhesh Pradesh,33,Twelve,4,2081,1,37,FALSE,0,Plus 2 / Higher Secondary
340884,Buddhi Prasad Pant,Male,46,6/14/2036,National Independence Party,Bell,FALSE,2,Madhesh Pradesh,34,Parsa,1,2082,27274,1,TRUE,47.66,Unknown
340046,Pradeep Yadav,Male,50,1/24/2032,Communist Party of Nepal (Unified Marxist-Leninist),Sun,FALSE,2,Madhesh Pradesh,34,Parsa,1,2083,13030,2,FALSE,22.77,12 ????? ??????
341019,Anil Kumar Ruganta,Male,57,9/15/2025,Nepali Congress,Tree,FALSE,2,Madhesh Pradesh,34,Parsa,1,2084,11885,3,FALSE,20.77,Unknown
340543,Nanda Kishore Prasad Srivastava,Male,65,1/1/2017,National Democratic Party,Plow,FALSE,2,Madhesh Pradesh,34,Parsa,1,2085,1272,4,FALSE,2.22,SLC
340475,Ram Naresh Prasad Yadav,Male,57,8/15/2025,"Janata Samajwadi Party, Nepal",A tilted umbrella,FALSE,2,Madhesh Pradesh,34,Parsa,1,2086,1201,5,FALSE,2.1,Masters
341520,Ajay Chaurasia,Male,33,4/29/2049,Nepali Communist Party,five-pointed star,FALSE,2,Madhesh Pradesh,34,Parsa,1,2087,537,6,FALSE,0.94,Unknown
341864,Ram Kishore Singh,Male,37,6/22/2045,Ujjaya Nepal Party,A burning electric lamp,FALSE,2,Madhesh Pradesh,34,Parsa,1,2088,415,7,FALSE,0.73,Unknown
341781,Vishal Kumar,Male,35,12/17/2046,Independent,Chessgoti,TRUE,2,Madhesh Pradesh,34,Parsa,1,2089,381,8,FALSE,0.67,Unknown
339481,Om Prakash Sharaf,Male,40,9/6/2042,Public opinion party,Loudspeaker,FALSE,2,Madhesh Pradesh,34,Parsa,1,2090,341,9,FALSE,0.6,SLC
339660,Jabed Eqbal Haider,Male,38,12/7/2043,People First Party,Hand shape with two fingers open and three fingers closed,FALSE,2,Madhesh Pradesh,34,Parsa,1,2091,252,10,FALSE,0.44,Bachelor
342329,Mohammad Umar Khan,Male,25,2/10/2057,Nation Building Party Nepal,Water bottle inside a circle,FALSE,2,Madhesh Pradesh,34,Parsa,1,2092,240,11,FALSE,0.42,Unknown
340634,Shalikram Prasad Kanu,Male,61,2021.01.10,Nepal Democratic Party,Greeting with folded hands,FALSE,2,Madhesh Pradesh,34,Parsa,1,2093,102,12,FALSE,0.18,Unknown
339951,Wasim Shesh,Male,28,10/5/2054,Labor Culture Party,The soil in Anjuli,FALSE,2,Madhesh Pradesh,34,Parsa,1,2094,90,13,FALSE,0.16,see
339530,Vishwaraj Patel,Male,39,5/5/2043,Aam Janata Party (Single Election Symbol),Mobile,FALSE,2,Madhesh Pradesh,34,Parsa,1,2095,54,14,FALSE,0.09,BED
341409,Suresh Prasad Sah Kanu,Male,55,12/7/2026,Nepal Janata Party,Lotus flower,FALSE,2,Madhesh Pradesh,34,Parsa,1,2096,46,15,FALSE,0.08,Unknown
342204,Mahesh Kumar Paswan,Male,29,8/28/2053,People's Rights Party,Boat,FALSE,2,Madhesh Pradesh,34,Parsa,1,2097,34,16,FALSE,0.06,Unknown
339418,Pramod Prasad Patel,Male,41,6/5/2041,Nepal Labor Farmers Party,Model,FALSE,2,Madhesh Pradesh,34,Parsa,1,2098,15,17,FALSE,0.03,SLC
342464,Shankar Kumar Karna,Male,72,8/26/2010,Communist Party of Nepal (United),Sickle,FALSE,2,Madhesh Pradesh,34,Parsa,1,2099,11,18,FALSE,0.02,Unknown
342392,Soaib Ansari,Male,37,6/16/2045,Nepal Federal Socialist Party (single election symbol),Bus,FALSE,2,Madhesh Pradesh,34,Parsa,1,2100,10,19,FALSE,0.02,Unknown
342267,Pukar Thapa,Male,42,1/29/2040,Independent,Mango,TRUE,2,Madhesh Pradesh,34,Parsa,1,2101,5,20,FALSE,0.01,Unknown
342518,m. Sajid Ali,Male,29,11/20/2053,Independent,Bag,TRUE,2,Madhesh Pradesh,34,Parsa,1,2102,5,21,FALSE,0.01,Unknown
339816,Naresh Kumar Yadav,Male,52,1/1/2030,Independent,Slingshot,TRUE,2,Madhesh Pradesh,34,Parsa,1,2103,4,22,FALSE,0.01,Unknown
342078,Shiv Prasad Koiri,Male,54,2/11/2028,Independent,Sparrow,TRUE,2,Madhesh Pradesh,34,Parsa,1,2104,4,23,FALSE,0.01,Unknown
341098,Anil Prasad Yadav,Male,41,3/27/2041,Independent,Cap,TRUE,2,Madhesh Pradesh,34,Parsa,1,2105,3,24,FALSE,0.01,Unknown
341958,Abhinash Chaurasia,Male,28,10/5/2054,Independent,Camera,TRUE,2,Madhesh Pradesh,34,Parsa,1,2106,3,25,FALSE,0.01,Unknown
342545,Aryashashikala Raut,Woman,50,7/15/2032,Independent,Contract,TRUE,2,Madhesh Pradesh,34,Parsa,1,2107,3,26,FALSE,0.01,Unknown
339781,Deep Kumar Burma,Male,43,2/25/2039,Independent,Cup and plate,TRUE,2,Madhesh Pradesh,34,Parsa,1,2108,3,27,FALSE,0.01,Plus 2 / Higher Secondary
339697,Vishal Kumar Pandey,Male,35,5/12/2047,Independent,Telescope,TRUE,2,Madhesh Pradesh,34,Parsa,1,2109,3,28,FALSE,0.01,Bachelor
341699,Prem Mehta,Male,29,2/10/2053,Independent,Petrol pump,TRUE,2,Madhesh Pradesh,34,Parsa,1,2110,1,29,FALSE,0,Unknown
339566,Saroj Prasad Yadav,Male,38,6/7/2044,Independent,Stapler,TRUE,2,Madhesh Pradesh,34,Parsa,1,2111,1,30,FALSE,0,Plus 2 / Higher Secondary
340881,Sushil Kumar Kanu,Male,36,1/17/2046,National Independence Party,Bell,FALSE,2,Madhesh Pradesh,34,Parsa,2,2112,30740,1,TRUE,50.14,Plus 2 / Higher Secondary
341532,Ajay Kumar Chaurasia,Male,61,10/21/2021,Nepali Congress,Tree,FALSE,2,Madhesh Pradesh,34,Parsa,2,2113,11890,2,FALSE,19.39,Bachelor
340311,Rima Kumari Yadav,Woman,29,9/12/2053,Communist Party of Nepal (Unified Marxist-Leninist),Sun,FALSE,2,Madhesh Pradesh,34,Parsa,2,2114,11605,3,FALSE,18.93,??. ??.
340405,Ashok Kumar Aggarwal,Male,60,4/24/2022,"Janata Samajwadi Party, Nepal",A tilted umbrella,FALSE,2,Madhesh Pradesh,34,Parsa,2,2115,2642,4,FALSE,4.31,??. ??.
340943,Veena Jaiswal,Woman,35,11/22/2046,National Democratic Party,Plow,FALSE,2,Madhesh Pradesh,34,Parsa,2,2116,1999,5,FALSE,3.26,?? ?? ?
341197,Manoj Kumar Chaudhary,Male,46,6/5/2036,Nepali Communist Party,five-pointed star,FALSE,2,Madhesh Pradesh,34,Parsa,2,2117,913,6,FALSE,1.49,Masters
339315,Amitabh Bachchan Das Tatma,Male,43,5/7/2039,Progressive Democratic Party,Single open eye,FALSE,2,Madhesh Pradesh,34,Parsa,2,2118,330,7,FALSE,0.54,Masters
341239,Shyam Prasad Gupta,Male,44,6/17/2038,Public opinion party,Loudspeaker,FALSE,2,Madhesh Pradesh,34,Parsa,2,2119,228,8,FALSE,0.37,Masters
340607,Ranju Kumari Sah,Woman,39,1/1/2043,Aam Janata Party (Single Election Symbol),Mobile,FALSE,2,Madhesh Pradesh,34,Parsa,2,2120,203,9,FALSE,0.33,Bachelor
340238,Santosh Kumar Patel,Male,40,6/4/2042,Nepal Janata Party,Lotus flower,FALSE,2,Madhesh Pradesh,34,Parsa,2,2121,178,10,FALSE,0.29,Bachelor
341435,Krishna Murari Prajapati,Male,38,7/11/2044,Ujjaya Nepal Party,A burning electric lamp,FALSE,2,Madhesh Pradesh,34,Parsa,2,2122,148,11,FALSE,0.24,?? ?? ?? ? ??? ?????
342025,Lakshmi Narayan Gupta,Male,29,7/10/2053,Independent,Trophy,TRUE,2,Madhesh Pradesh,34,Parsa,2,2123,100,12,FALSE,0.16,Literate
340526,Pundeshwar Prasad Yadav,Male,41,2/13/2041,Labor Culture Party,The soil in Anjuli,FALSE,2,Madhesh Pradesh,34,Parsa,2,2124,83,13,FALSE,0.14,Plus 2 / Higher Secondary
341822,Shiv Bachan Thakur Blacksmith,Male,40,1/28/2042,Independent,Water jar,TRUE,2,Madhesh Pradesh,34,Parsa,2,2125,63,14,FALSE,0.1,Literate
341959,Dev Shankar Yadav,Male,36,1/5/2046,People's Rights Party,Boat,FALSE,2,Madhesh Pradesh,34,Parsa,2,2126,30,15,FALSE,0.05,SLC
340041,Feroze Mian,Male,44,6/4/2038,National Liberation Party Nepal (single election symbol),Millstone,FALSE,2,Madhesh Pradesh,34,Parsa,2,2127,29,16,FALSE,0.05,Literate
341683,Birendra Prasad,Male,62,1/1/2020,Jai Matrubhoomi Party,Mother holding baby in arms,FALSE,2,Madhesh Pradesh,34,Parsa,2,2128,21,17,FALSE,0.03,Literate
342437,Umesh Prasad Shah Teli,Male,37,4/1/2045,Independent,Tire,TRUE,2,Madhesh Pradesh,34,Parsa,2,2129,17,18,FALSE,0.03,Literate
342381,Rabindra Kumar Chaudhary,Male,35,5/29/2047,Independent,Scissors,TRUE,2,Madhesh Pradesh,34,Parsa,2,2130,16,19,FALSE,0.03,Literate
340998,Vikash Kumar Sah,Male,45,5/1/2037,Nepal Democratic Party,Greeting with folded hands,FALSE,2,Madhesh Pradesh,34,Parsa,2,2131,12,20,FALSE,0.02,10
342352,Santosh Mahato,Male,42,4/1/2040,Independent,Round,TRUE,2,Madhesh Pradesh,34,Parsa,2,2132,12,21,FALSE,0.02,Literate
340096,Rakesh Kumar Sahni,Male,26,6/26/2056,Independent,Mango,TRUE,2,Madhesh Pradesh,34,Parsa,2,2133,10,22,FALSE,0.02,?? ?? ?? ?? ??
341603,Kishori Prasad Yadav,Male,25,6/22/2057,Independent,Cap,TRUE,2,Madhesh Pradesh,34,Parsa,2,2134,9,23,FALSE,0.01,BALLB
341855,Manoj Sah Kanu,Male,45,5/10/2037,Independent,Calculator,TRUE,2,Madhesh Pradesh,34,Parsa,2,2135,7,24,FALSE,0.01,Literate
339337,Mukesh Kushwaha,Male,42,11/6/2040,Nepal Labor Farmers Party,Model,FALSE,2,Madhesh Pradesh,34,Parsa,2,2136,6,25,FALSE,0.01,?? ?? ??
342478,Krishna Kumar Giri,Male,32,7/10/2050,Independent,Pressure cooker,TRUE,2,Madhesh Pradesh,34,Parsa,2,2137,5,26,FALSE,0.01,SLC
341638,Mahesh Mahato Dhanuk,Male,35,6/2/2047,Independent,Fan,TRUE,2,Madhesh Pradesh,34,Parsa,2,2138,5,27,FALSE,0.01,Literate
341894,Kismati Devi,Woman,57,1/10/2025,Independent,Rickshaw,TRUE,2,Madhesh Pradesh,34,Parsa,2,2139,3,28,FALSE,0,Literate
342112,Saheb Prasad Ram,Male,35,7/1/2047,Independent,Camera,TRUE,2,Madhesh Pradesh,34,Parsa,2,2140,3,29,FALSE,0,Plus 2 / Higher Secondary
341767,Ramneresh Prasad Chaurasia,Male,42,9/3/2040,Independent,Ink,TRUE,2,Madhesh Pradesh,34,Parsa,2,2141,2,30,FALSE,0,Literate
342328,Roshan Prasad Ahir,Male,37,10/10/2045,Independent,Jeep,TRUE,2,Madhesh Pradesh,34,Parsa,2,2142,1,31,FALSE,0,Literate
340309,Ramakant Prasad Chaurasia,Male,57,4/3/2025,National Independence Party,Bell,FALSE,2,Madhesh Pradesh,34,Parsa,3,2143,29679,1,TRUE,47.58,??
342129,Surendra Prasad Chaudhary,Male,68,8/25/2014,Nepali Congress,Tree,FALSE,2,Madhesh Pradesh,34,Parsa,3,2144,16366,2,FALSE,26.23,?????????? (M.A)
340588,Rupesh Kumar Pandey,Male,49,12/26/2032,Communist Party of Nepal (Unified Marxist-Leninist),Sun,FALSE,2,Madhesh Pradesh,34,Parsa,3,2145,11914,3,FALSE,19.1,Bachelor
340853,Chhotelal Prasad Yadav,Male,49,9/11/2033,Nepali Communist Party,five-pointed star,FALSE,2,Madhesh Pradesh,34,Parsa,3,2146,2137,4,FALSE,3.43,Master Degree
341469,Malati Kumari Kushwaha,Woman,53,11/23/2028,Public opinion party,Loudspeaker,FALSE,2,Madhesh Pradesh,34,Parsa,3,2147,583,5,FALSE,0.93,?? ?? ??
341150,Mohammad Istiqar,Male,26,9/5/2056,Aam Janata Party (Single Election Symbol),Mobile,FALSE,2,Madhesh Pradesh,34,Parsa,3,2148,285,6,FALSE,0.46,SLC
342632,Raj Kumar Yadav,Male,58,8/6/2024,Jai Matrubhoomi Party,Mother holding baby in arms,FALSE,2,Madhesh Pradesh,34,Parsa,3,2149,265,7,FALSE,0.42,BBA
342482,Aziz Mia Dhunia,Male,54,1/1/2028,Independent,Trophy,TRUE,2,Madhesh Pradesh,34,Parsa,3,2150,257,8,FALSE,0.41,7 ???
342036,Naveen Kumar Singh,Male,49,4/14/2033,National Democratic Party,Plow,FALSE,2,Madhesh Pradesh,34,Parsa,3,2151,233,9,FALSE,0.37,????? ?????????
342601,Nagendra Prasad Yadav,Male,48,10/29/2034,"Janata Samajwadi Party, Nepal",A tilted umbrella,FALSE,2,Madhesh Pradesh,34,Parsa,3,2152,168,10,FALSE,0.27,Unknown
341792,Ramrup Prasad Sah,Male,37,9/18/2045,Ujjaya Nepal Party,A burning electric lamp,FALSE,2,Madhesh Pradesh,34,Parsa,3,2153,162,11,FALSE,0.26,"C.A Final, B.com, BBS"
340785,Dharmendra Tiwari,Male,48,11/15/2034,Nepal Janata Party,Lotus flower,FALSE,2,Madhesh Pradesh,34,Parsa,3,2154,129,12,FALSE,0.21,Literate
342573,Manoj Padit Kumhal,Male,32,2/8/2050,National Liberation Party Nepal (single election symbol),Millstone,FALSE,2,Madhesh Pradesh,34,Parsa,3,2155,76,13,FALSE,0.12,Unknown
342715,Vishwanath Mahato,Male,48,7/2/2034,United Citizens Party,Guitar,FALSE,2,Madhesh Pradesh,34,Parsa,3,2156,43,14,FALSE,0.07,Unknown
339345,Saroj Kumar Sah,Male,42,5/31/2040,Nepal Labor Farmers Party,Model,FALSE,2,Madhesh Pradesh,34,Parsa,3,2157,16,15,FALSE,0.03,?????????? (M.ED)
342429,Pradeep Kumar Sah,Male,42,1/2/2040,Independent,Cauliflower,TRUE,2,Madhesh Pradesh,34,Parsa,3,2158,14,16,FALSE,0.02,????? 10
342326,Rajkishore Prasad Chauhan,Male,37,1/1/2045,Independent,Bag,TRUE,2,Madhesh Pradesh,34,Parsa,3,2159,14,17,FALSE,0.02,SKLC
341980,Brijesh Prasad Chauhan,Male,41,10/5/2041,Independent,Telescope,TRUE,2,Madhesh Pradesh,34,Parsa,3,2160,10,18,FALSE,0.02,Plus 2 / Higher Secondary
342277,Shahid Ansari,Male,26,1/1/2056,Independent,Mango,TRUE,2,Madhesh Pradesh,34,Parsa,3,2161,8,19,FALSE,0.01,Plus 2 / Higher Secondary
341866,Ram Bahadur Barai,Male,53,1/10/2029,Independent,Jeep,TRUE,2,Madhesh Pradesh,34,Parsa,3,2162,7,20,FALSE,0.01,10
341609,Vrij Kishore Prasad Chaurasia,Male,41,2/22/2041,Independent,Ink,TRUE,2,Madhesh Pradesh,34,Parsa,3,2163,7,21,FALSE,0.01,10 ???
342505,Zainodin Mia Hawari,Male,35,10/29/2047,Independent,Rickshaw,TRUE,2,Madhesh Pradesh,34,Parsa,3,2164,6,22,FALSE,0.01,??????
342530,Shivshankar Prasad Rauniyar,Male,28,1/9/2054,Independent,Camera,TRUE,2,Madhesh Pradesh,34,Parsa,3,2165,4,23,FALSE,0.01,Plus 2 / Higher Secondary
342274,Tek Bahadur Shakya,Male,50,11/11/2032,National Independence Party,Bell,FALSE,2,Madhesh Pradesh,34,Parsa,4,2166,28006,1,TRUE,45.28,???????? ?????? ???? political science
341102,Ramesh Rijal,Male,69,11/21/2013,Nepali Congress,Tree,FALSE,2,Madhesh Pradesh,34,Parsa,4,2167,12534,2,FALSE,20.27,Bachelor
339906,Zalim Mian Mansuri,Male,78,3/14/2004,Communist Party of Nepal (Unified Marxist-Leninist),Sun,FALSE,2,Madhesh Pradesh,34,Parsa,4,2168,12145,3,FALSE,19.64,Literate
341168,Kripasindhu Prasad,Male,58,9/24/2024,"Janata Samajwadi Party, Nepal",A tilted umbrella,FALSE,2,Madhesh Pradesh,34,Parsa,4,2169,4758,4,FALSE,7.69,?????
340968,Jayaprakash Tharu,Male,65,11/17/2017,Nepali Communist Party,five-pointed star,FALSE,2,Madhesh Pradesh,34,Parsa,4,2170,3113,5,FALSE,5.03,?? ??
342182,Seema Devi Kalwar,Woman,55,10/15/2027,Public opinion party,Loudspeaker,FALSE,2,Madhesh Pradesh,34,Parsa,4,2171,282,6,FALSE,0.46,?? ???
340234,Vishnu Lopchan,Male,46,1/1/2036,Labor Culture Party,The soil in Anjuli,FALSE,2,Madhesh Pradesh,34,Parsa,4,2172,251,7,FALSE,0.41,??? ???
342491,Vinod Prasad Yadav,Male,35,9/28/2047,Ujjaya Nepal Party,A burning electric lamp,FALSE,2,Madhesh Pradesh,34,Parsa,4,2173,221,8,FALSE,0.36,?? ?????
342083,Arun Kumar Kushwaha,Male,56,2/13/2026,Nepal Janata Party,Lotus flower,FALSE,2,Madhesh Pradesh,34,Parsa,4,2174,194,9,FALSE,0.31,?? ?
342523,Shant Kumar Joshi,Male,59,11/7/2023,National Democratic Party,Plow,FALSE,2,Madhesh Pradesh,34,Parsa,4,2175,158,10,FALSE,0.26,IAK CTC
340403,Imdad Gaddi,Male,37,2/18/2045,Aam Janata Party (Single Election Symbol),Mobile,FALSE,2,Madhesh Pradesh,34,Parsa,4,2176,47,11,FALSE,0.08,??.?.
341740,Surji Devi Nunia,Woman,45,2/1/2037,Independent,Cable car,TRUE,2,Madhesh Pradesh,34,Parsa,4,2177,38,12,FALSE,0.06,Literate
342422,Tika Bahadur Gurung,Male,69,11/16/2013,Independent,Syringe,TRUE,2,Madhesh Pradesh,34,Parsa,4,2178,22,13,FALSE,0.04,??????
342014,Geeta Devi Bania,Woman,57,3/21/2025,Independent,Round,TRUE,2,Madhesh Pradesh,34,Parsa,4,2179,19,14,FALSE,0.03,Unknown
342225,Indradev Prasad Mahato,Male,62,6/25/2020,Independent,Telescope,TRUE,2,Madhesh Pradesh,34,Parsa,4,2180,16,15,FALSE,0.03,?? ?? ??
339831,Sahav Miya Teli,Male,44,8/7/2038,Nepal Labor Farmers Party,Model,FALSE,2,Madhesh Pradesh,34,Parsa,4,2181,10,16,FALSE,0.02,SLC
342335,Paras Raut Barai,Male,67,11/18/2015,Independent,Camera,TRUE,2,Madhesh Pradesh,34,Parsa,4,2182,9,17,FALSE,0.01,?? ???
341688,Uma Devi,Woman,43,1/1/2039,Independent,Cup and plate,TRUE,2,Madhesh Pradesh,34,Parsa,4,2183,8,18,FALSE,0.01,Literate
342117,Khorasan Khatun,Woman,57,1/17/2025,Independent,Stool,TRUE,2,Madhesh Pradesh,34,Parsa,4,2184,4,19,FALSE,0.01,Literate
341020,Lukman Mia,Male,29,10/5/2053,Independent,Banana peel,TRUE,2,Madhesh Pradesh,34,Parsa,4,2185,4,20,FALSE,0.01,?? ?? ??
340710,Accountant Mian Dhunia,Male,42,7/25/2040,Independent,Bag,TRUE,2,Madhesh Pradesh,34,Parsa,4,2186,4,21,FALSE,0.01,Literate
340148,Sabir Ahmed,Male,48,6/10/2034,Independent,Mango,TRUE,2,Madhesh Pradesh,34,Parsa,4,2187,3,22,FALSE,0,SLC
342308,Kanti Devi Kurmi,Woman,54,5/14/2028,Independent,Sparrow,TRUE,2,Madhesh Pradesh,34,Parsa,4,2188,2,23,FALSE,0,????????
341241,Hari Dhakal,Male,42,4/2/2040,National Independence Party,Bell,FALSE,3,Bagmati Province,35,Chitwan,1,2189,58208,1,TRUE,63.34,Bachelor
341664,Rajendra Prasad Burlakoti,Male,66,6/12/2016,Nepali Congress,Tree,FALSE,3,Bagmati Province,35,Chitwan,1,2190,13033,2,FALSE,14.18,10
339958,Dawa Dorje Lama,Male,66,1/7/2016,Communist Party of Nepal (Unified Marxist-Leninist),Sun,FALSE,3,Bagmati Province,35,Chitwan,1,2191,10899,3,FALSE,11.86,Literate
340263,Krishna Raj Pant,Male,61,11/15/2021,Nepali Communist Party,five-pointed star,FALSE,3,Bagmati Province,35,Chitwan,1,2192,4081,4,FALSE,4.44,????????????
340105,Walram Sharma Khanal,Male,56,12/8/2025,National Democratic Party,Plow,FALSE,3,Bagmati Province,35,Chitwan,1,2193,2302,5,FALSE,2.5,I Com
339472,Anil Tamang,Male,50,6/12/2032,Labor Culture Party,The soil in Anjuli,FALSE,3,Bagmati Province,35,Chitwan,1,2194,1165,6,FALSE,1.27,Literate
340771,Dhan Bahadur Gurung,Male,62,1/9/2020,Ujjaya Nepal Party,A burning electric lamp,FALSE,3,Bagmati Province,35,Chitwan,1,2195,903,7,FALSE,0.98,Literate
341976,Sanjay Rijal,Male,30,7/16/2052,Independent,Chessgoti,TRUE,3,Bagmati Province,35,Chitwan,1,2196,784,8,FALSE,0.85,10
339490,Prem Lal Chaudhary,Male,42,3/20/2040,Mongol National Organization,Rooster,FALSE,3,Bagmati Province,35,Chitwan,1,2197,123,9,FALSE,0.13,SLC
339361,Sita Devi Chhetri,Woman,50,4/12/2032,National People's Front,Glass,FALSE,3,Bagmati Province,35,Chitwan,1,2198,91,10,FALSE,0.1,Literate
340583,Ganesh Bahadur Shrestha,Male,48,2/11/2034,Communist Party of Nepal (Maoist),A rose with two petals inside a circle.,FALSE,3,Bagmati Province,35,Chitwan,1,2199,87,11,FALSE,0.09,10
339592,Development worker,Male,25,6/21/2057,Progressive Democratic Party,Single open eye,FALSE,3,Bagmati Province,35,Chitwan,1,2200,76,12,FALSE,0.08,12
339443,Arjuna Praja,Male,29,4/15/2053,Nepal Labor Farmers Party,Model,FALSE,3,Bagmati Province,35,Chitwan,1,2201,60,13,FALSE,0.07,12
339846,Ishwari Gurudang,Woman,45,9/22/2037,National Republic of Nepal,Flying bee,FALSE,3,Bagmati Province,35,Chitwan,1,2202,24,14,FALSE,0.03,Literate
340624,Hari Prasad Regmi,Male,57,4/17/2025,Independent,Camera,TRUE,3,Bagmati Province,35,Chitwan,1,2203,20,15,FALSE,0.02,10
339714,Durga Dutt Aryal,Male,57,5/16/2025,Communist Party of Nepal (United),Sickle,FALSE,3,Bagmati Province,35,Chitwan,1,2204,18,16,FALSE,0.02,10
342288,Ajay Thakur Barber,Male,39,1/10/2043,"Janata Samajwadi Party, Nepal",A tilted umbrella,FALSE,3,Bagmati Province,35,Chitwan,1,2205,16,17,FALSE,0.02,12
340330,Saurav Kadel,Male,28,6/2/2054,Independent,Penchis,TRUE,3,Bagmati Province,35,Chitwan,1,2206,9,18,FALSE,0.01,12
340990,Ravi Lamichhane,Male,50,5/28/2032,National Independence Party,Bell,FALSE,3,Bagmati Province,35,Chitwan,2,2207,54402,1,TRUE,64.59,Certificate Level
340504,Meena Kumari Kharel,Woman,54,7/12/2028,Nepali Congress,Tree,FALSE,3,Bagmati Province,35,Chitwan,2,2208,14564,2,FALSE,17.29,Masters
339701,Asmin Ghimire,Male,38,9/23/2044,Communist Party of Nepal (Unified Marxist-Leninist),Sun,FALSE,3,Bagmati Province,35,Chitwan,2,2209,6992,3,FALSE,8.3,Masters
339890,Pratap Gurung,Male,44,7/27/2038,Nepali Communist Party,five-pointed star,FALSE,3,Bagmati Province,35,Chitwan,2,2210,4969,4,FALSE,5.9,SLC
340959,Milan Thapa Magar,Male,34,11/22/2047,Labor Culture Party,The soil in Anjuli,FALSE,3,Bagmati Province,35,Chitwan,2,2211,751,5,FALSE,0.89,??????
340840,Jagdishwar Adhikari,Male,57,4/15/2025,National Democratic Party,Plow,FALSE,3,Bagmati Province,35,Chitwan,2,2212,707,6,FALSE,0.84,Unknown
339494,Indra Bahadur Syangtan,Male,48,5/5/2034,Independent,Chessgoti,TRUE,3,Bagmati Province,35,Chitwan,2,2213,590,7,FALSE,0.7,Plus 2 / Higher Secondary
339947,Mr. Kumar Pakhrin,Male,60,10/5/2022,Ujjaya Nepal Party,A burning electric lamp,FALSE,3,Bagmati Province,35,Chitwan,2,2214,533,8,FALSE,0.63,SLC
339591,Risha Gole,Woman,28,12/24/2053,Mongol National Organization,Rooster,FALSE,3,Bagmati Province,35,Chitwan,2,2215,191,9,FALSE,0.23,??????
339623,Devi Sharma,Woman,47,2/15/2035,National People's Front,Glass,FALSE,3,Bagmati Province,35,Chitwan,2,2216,123,10,FALSE,0.15,Unknown
341206,Darshana Kumari Shahi,Woman,38,1/14/2044,Communist Party of Nepal (Maoist),A rose with two petals inside a circle.,FALSE,3,Bagmati Province,35,Chitwan,2,2217,106,11,FALSE,0.13,SLC
341744,Nirmala Kumari Thakur,Woman,32,8/20/2050,Public opinion party,Loudspeaker,FALSE,3,Bagmati Province,35,Chitwan,2,2218,104,12,FALSE,0.12,SLC
340805,Prakash Bahadur Pandey,Male,42,10/8/2040,Progressive Democratic Party,Single open eye,FALSE,3,Bagmati Province,35,Chitwan,2,2219,58,13,FALSE,0.07,Unknown
339328,Shobha Basukala,Woman,36,6/2/2046,Nepal Labor Farmers Party,Model,FALSE,3,Bagmati Province,35,Chitwan,2,2220,32,14,FALSE,0.04,Unknown
339514,Shakti Raj Gurung,Male,55,3/21/2027,National Republic of Nepal,Flying bee,FALSE,3,Bagmati Province,35,Chitwan,2,2221,23,15,FALSE,0.03,Unknown
340602,Kaman Singh Chaudhary,Male,62,2/11/2020,"Janata Samajwadi Party, Nepal",A tilted umbrella,FALSE,3,Bagmati Province,35,Chitwan,2,2222,22,16,FALSE,0.03,Unknown
341811,Goddess Kumari Magar,Woman,40,5/20/2042,Aam Janata Party (Single Election Symbol),Mobile,FALSE,3,Bagmati Province,35,Chitwan,2,2223,16,17,FALSE,0.02,Unknown
340359,Subash Mahato,Male,34,3/16/2048,"Civil Liberties Party, Nepal (single election symbol)",Millstone,FALSE,3,Bagmati Province,35,Chitwan,2,2224,13,18,FALSE,0.02,Plus 2 / Higher Secondary
340683,Krishna Prasad Chapagain,Male,30,11/19/2052,Independent,Helmet,TRUE,3,Bagmati Province,35,Chitwan,2,2225,12,19,FALSE,0.01,Unknown
342089,Like Shanku Prasad,Male,37,6/15/2045,Independent,Ink,TRUE,3,Bagmati Province,35,Chitwan,2,2226,12,20,FALSE,0.01,master
342018,Ravi Kumal,Male,29,4/30/2053,Independent,Telescope,TRUE,3,Bagmati Province,35,Chitwan,2,2227,5,21,FALSE,0.01,SLC
341302,Pravin Sapkota,Male,31,5/21/2051,Independent,Camera,TRUE,3,Bagmati Province,35,Chitwan,2,2228,4,22,FALSE,0,Bachelor
339402,Pratap Singh Tamang,Male,63,1/3/2019,Independent,Banana peel,TRUE,3,Bagmati Province,35,Chitwan,2,2229,3,23,FALSE,0,Unknown
341145,Sovita Gautam,Woman,30,3/3/2052,National Independence Party,Bell,FALSE,3,Bagmati Province,35,Chitwan,3,2230,59277,1,TRUE,61.33,??????????? (?????)
339835,Renu Dahal,Woman,49,3/23/2033,Nepali Communist Party,five-pointed star,FALSE,3,Bagmati Province,35,Chitwan,3,2231,20615,2,FALSE,21.33,Unknown
340483,Tech Prasad Gurung,Male,77,9/16/2005,Nepali Congress,Tree,FALSE,3,Bagmati Province,35,Chitwan,3,2232,8344,3,FALSE,8.63,SLC
340259,Shankar Raj added,Male,56,5/29/2026,Communist Party of Nepal (Unified Marxist-Leninist),Sun,FALSE,3,Bagmati Province,35,Chitwan,3,2233,5004,4,FALSE,5.18,Unknown
339936,Deepak Thapa (Capricorn),Male,47,7/26/2035,National Democratic Party,Plow,FALSE,3,Bagmati Province,35,Chitwan,3,2234,1226,5,FALSE,1.27,Bachelor
339575,Tojman Gurung,Male,38,12/16/2043,Labor Culture Party,The soil in Anjuli,FALSE,3,Bagmati Province,35,Chitwan,3,2235,650,6,FALSE,0.67,SLC
341085,Dambar Bahadur Tamang,Male,50,1/5/2032,Ujjaya Nepal Party,A burning electric lamp,FALSE,3,Bagmati Province,35,Chitwan,3,2236,414,7,FALSE,0.43,SLC
339304,Indra Maya Poudel,Woman,58,12/29/2023,Independent,Chessgoti,TRUE,3,Bagmati Province,35,Chitwan,3,2237,398,8,FALSE,0.41,?????? ??
341817,Buddhi Raj Tamang,Male,43,8/24/2039,Progressive Democratic Party,Single open eye,FALSE,3,Bagmati Province,35,Chitwan,3,2238,246,9,FALSE,0.25,Plus 2 / Higher Secondary
340775,Ashiq Prasad Mahato,Male,36,6/20/2046,Communist Party of Nepal (Maoist),A rose with two petals inside a circle.,FALSE,3,Bagmati Province,35,Chitwan,3,2239,110,10,FALSE,0.11,Bachelor
339615,Tek Bahadur Tamang,Male,50,2/12/2032,Mongol National Organization,Rooster,FALSE,3,Bagmati Province,35,Chitwan,3,2240,93,11,FALSE,0.1,SLC
341878,Ranjana Poudel,Woman,45,2/27/2037,Independent,Trophy,TRUE,3,Bagmati Province,35,Chitwan,3,2241,85,12,FALSE,0.09,Unknown
340319,Krishna Bahadur K.C,Male,67,5/2/2015,National People's Front,Glass,FALSE,3,Bagmati Province,35,Chitwan,3,2242,62,13,FALSE,0.06,SLC
342041,Jeet Bahadur B.A.,Male,48,11/12/2034,Communist Party of Nepal (United),Sickle,FALSE,3,Bagmati Province,35,Chitwan,3,2243,29,14,FALSE,0.03,Unknown
340870,Seti Maya Tamang,Woman,55,5/3/2027,National Republic of Nepal,Flying bee,FALSE,3,Bagmati Province,35,Chitwan,3,2244,27,15,FALSE,0.03,Unknown
341480,Hari Maya Mahato,Woman,36,8/3/2046,"Civil Liberties Party, Nepal (single election symbol)",Millstone,FALSE,3,Bagmati Province,35,Chitwan,3,2245,18,16,FALSE,0.02,Unknown
339670,Madhu Maya Adhikari,Woman,54,1/21/2028,Independent,Water jar,TRUE,3,Bagmati Province,35,Chitwan,3,2246,17,17,FALSE,0.02,????? 10
341673,Bijan Gurung,Male,30,2/12/2052,National Citizens Party,Heal,FALSE,3,Bagmati Province,35,Chitwan,3,2247,12,18,FALSE,0.01,SLC
339477,Badri Lakshmi Kawan,Woman,49,7/14/2033,Nepal Labor Farmers Party,Model,FALSE,3,Bagmati Province,35,Chitwan,3,2248,8,19,FALSE,0.01,?????? ???? ??
342135,Thaman Sig Sunar,Male,38,2/16/2044,"Janata Samajwadi Party, Nepal",A tilted umbrella,FALSE,3,Bagmati Province,35,Chitwan,3,2249,7,20,FALSE,0.01,?? ?? ??
341743,Parvati Poudel (Kafle),Woman,52,12/8/2029,Independent,Scissors,TRUE,3,Bagmati Province,35,Chitwan,3,2250,7,21,FALSE,0.01,Unknown
341286,Rol Bahadur Gurung,Male,37,5/1/2045,Independent,Contract,TRUE,3,Bagmati Province,35,Chitwan,3,2251,5,22,FALSE,0.01,Unknown
340532,Krishna Prasad Adhikari,Male,36,12/11/2045,Independent,Gumboot,TRUE,3,Bagmati Province,35,Chitwan,3,2252,4,23,FALSE,0,Plus 2 / Higher Secondary
340913,Sudhan Gurung,Male,38,3/25/2044,National Independence Party,Bell,FALSE,4,Gandaki Province,36,Gorkha,1,2253,29896,1,TRUE,48.7,Unknown
340758,Prem Kumar Khatri,Male,42,11/2/2040,Nepali Congress,Tree,FALSE,4,Gandaki Province,36,Gorkha,1,2254,15398,2,FALSE,25.08,Unknown
339785,Hari Raj Adhikari,Male,58,8/13/2024,Nepali Communist Party,five-pointed star,FALSE,4,Gandaki Province,36,Gorkha,1,2255,11124,3,FALSE,18.12,Unknown
340183,Ram Chandra Lamichhane,Male,44,8/20/2038,Communist Party of Nepal (Unified Marxist-Leninist),Sun,FALSE,4,Gandaki Province,36,Gorkha,1,2256,3732,4,FALSE,6.08,Unknown
339375,Ramkaji Rana Magar,Male,55,11/9/2027,Ujjaya Nepal Party,A burning electric lamp,FALSE,4,Gandaki Province,36,Gorkha,1,2257,489,5,FALSE,0.8,Unknown
340360,Kedar Mani Khanal,Male,40,7/10/2042,National Democratic Party,Plow,FALSE,4,Gandaki Province,36,Gorkha,1,2258,310,6,FALSE,0.5,Unknown
339630,Jeet Bahadur Ghale,Male,53,2/16/2029,United Citizens Party,Guitar,FALSE,4,Gandaki Province,36,Gorkha,1,2259,165,7,FALSE,0.27,Unknown
339531,Dev Bahadur Thapa,Male,29,12/10/2052,Mongol National Organization,Rooster,FALSE,4,Gandaki Province,36,Gorkha,1,2260,142,8,FALSE,0.23,Unknown
340867,Vishnu Prasad Rizal,Male,72,2/2/2010,Communist Party of Nepal (Maoist),A rose with two petals inside a circle.,FALSE,4,Gandaki Province,36,Gorkha,1,2261,57,9,FALSE,0.09,Unknown
339770,Akash Rana Magar,Male,41,7/28/2041,National Republic of Nepal,Flying bee,FALSE,4,Gandaki Province,36,Gorkha,1,2262,35,10,FALSE,0.06,Unknown
341807,Kavita Bhattarai,Woman,34,5/17/2048,Independent,Cup and plate,TRUE,4,Gandaki Province,36,Gorkha,1,2263,23,11,FALSE,0.04,Unknown
339350,Manu Kumari Shrestha,Woman,56,1/7/2026,Nepal Labor Farmers Party,Model,FALSE,4,Gandaki Province,36,Gorkha,1,2264,19,12,FALSE,0.03,Unknown
339991,Kavindra Burlakoti,Male,46,8/20/2036,National Independence Party,Bell,FALSE,4,Gandaki Province,36,Gorkha,2,2265,26660,1,TRUE,49.24,Unknown
340687,Prakash Chandra Dawadi,Male,50,5/17/2032,Nepali Congress,Tree,FALSE,4,Gandaki Province,36,Gorkha,2,2266,11700,2,FALSE,21.61,Unknown
340023,Lekhnath Neupane,Male,52,12/28/2029,Nepali Communist Party,five-pointed star,FALSE,4,Gandaki Province,36,Gorkha,2,2267,11073,3,FALSE,20.45,Unknown
340387,Milan Gurung,Male,53,4/19/2029,Communist Party of Nepal (Unified Marxist-Leninist),Sun,FALSE,4,Gandaki Province,36,Gorkha,2,2268,3087,4,FALSE,5.7,Unknown
340237,Balaram Tamang,Male,55,1/15/2027,Ujjaya Nepal Party,A burning electric lamp,FALSE,4,Gandaki Province,36,Gorkha,2,2269,639,5,FALSE,1.18,Unknown
341359,Kul Bahadur Basnet,Male,58,10/21/2024,National Democratic Party,Plow,FALSE,4,Gandaki Province,36,Gorkha,2,2270,292,6,FALSE,0.54,Unknown
339774,Som Bahadur Gurung,Male,43,5/19/2039,Mongol National Organization,Rooster,FALSE,4,Gandaki Province,36,Gorkha,2,2271,290,7,FALSE,0.54,Unknown
341593,Tech Bahadur Pradhan,Male,42,4/17/2040,Communist Party of Nepal (Maoist),A rose with two petals inside a circle.,FALSE,4,Gandaki Province,36,Gorkha,2,2272,130,8,FALSE,0.24,Unknown
340140,Prasad Gurung,Male,54,2/15/2028,National Republic of Nepal,Flying bee,FALSE,4,Gandaki Province,36,Gorkha,2,2273,111,9,FALSE,0.2,Unknown
339310,Chuda Prasad Dhakal,Male,63,12/5/2018,Independent,Violin,TRUE,4,Gandaki Province,36,Gorkha,2,2274,80,10,FALSE,0.15,Unknown
341287,Kalpana Kumal,Woman,44,9/5/2038,Aam Janata Party (Single Election Symbol),Mobile,FALSE,4,Gandaki Province,36,Gorkha,2,2275,41,11,FALSE,0.08,Unknown
339440,Ram Sharan Budhathoki,Male,56,1/1/2026,Nepal Labor Farmers Party,Model,FALSE,4,Gandaki Province,36,Gorkha,2,2276,30,12,FALSE,0.06,Unknown
341552,Hari Pokharel,Male,38,12/25/2043,Independent,Mouse,TRUE,4,Gandaki Province,36,Gorkha,2,2277,14,13,FALSE,0.03,Unknown
339862,Tek Bahadur Gurung,Male,71,8/11/2011,Nepali Congress,Tree,FALSE,4,Gandaki Province,37,Manang,1,2278,2415,1,TRUE,83.91,SLC
340431,Yashoda Gurung (Subedi),Woman,57,5/3/2025,Nepali Communist Party,five-pointed star,FALSE,4,Gandaki Province,37,Manang,1,2279,454,2,FALSE,15.77,???????? ?????? ???? ??
339445,Ram Bahadur Ghale,Male,40,1/11/2042,Mongol National Organization,Rooster,FALSE,4,Gandaki Province,37,Manang,1,2280,9,3,FALSE,0.31,SLC
339858,Dharma Raj K.C,Male,45,8/18/2037,National Independence Party,Bell,FALSE,4,Gandaki Province,38,Lamjung,1,2281,33898,1,TRUE,46.43,Masters
339921,Prithvi Subba Gurung,Male,68,11/2/2014,Communist Party of Nepal (Unified Marxist-Leninist),Sun,FALSE,4,Gandaki Province,38,Lamjung,1,2282,16876,2,FALSE,23.11,Bachelor
340880,Gam Prasad Gurung,Male,54,2/1/2028,Nepali Congress,Tree,FALSE,4,Gandaki Province,38,Lamjung,1,2283,16569,3,FALSE,22.69,Bachelor
340286,Hari Jung Tamang,Male,35,5/28/2047,Nepali Communist Party,five-pointed star,FALSE,4,Gandaki Province,38,Lamjung,1,2284,3371,4,FALSE,4.62,Masters
340075,Kebindra Jung Gurung,Male,74,8/10/2008,National Democratic Party,Plow,FALSE,4,Gandaki Province,38,Lamjung,1,2285,1000,5,FALSE,1.37,? ????? ????????
341539,Kosh Lal Gurung,Male,37,6/12/2045,Labor Culture Party,The soil in Anjuli,FALSE,4,Gandaki Province,38,Lamjung,1,2286,565,6,FALSE,0.77,12
340681,Vikas Gurung,Male,50,5/18/2032,Mongol National Organization,Rooster,FALSE,4,Gandaki Province,38,Lamjung,1,2287,351,7,FALSE,0.48,SLC
339735,Ravindra did not open,Male,39,4/15/2043,Communist Party of Nepal (Maoist),A rose with two petals inside a circle.,FALSE,4,Gandaki Province,38,Lamjung,1,2288,144,8,FALSE,0.2,SLC
339439,Santosh Ghimire,Male,35,11/10/2047,Independent,Cable car,TRUE,4,Gandaki Province,38,Lamjung,1,2289,130,9,FALSE,0.18,Bachelor
341272,Milan Waskota,Male,28,10/9/2054,Janadesh Party Nepal (single election symbol),Mobile,FALSE,4,Gandaki Province,38,Lamjung,1,2290,53,10,FALSE,0.07,Bachelor
340008,Bharat Gurung,Male,59,4/3/2023,National Republic of Nepal,Flying bee,FALSE,4,Gandaki Province,38,Lamjung,1,2291,41,11,FALSE,0.06,SLC
339388,Gujeshwari Prajapati Magju,Woman,39,8/3/2043,Nepal Labor Farmers Party,Model,FALSE,4,Gandaki Province,38,Lamjung,1,2292,12,12,FALSE,0.02,SLC
339553,Khadak Raj Poudel,Male,46,6/16/2036,National Independence Party,Bell,FALSE,4,Gandaki Province,39,Kaski,1,2293,39883,1,TRUE,59.16,Unknown
341055,Tilak Bahadur Ranabhat,Male,58,9/2/2024,Nepali Congress,Tree,FALSE,4,Gandaki Province,39,Kaski,1,2294,11214,2,FALSE,16.64,Unknown
340161,Wain Bahadur Chhetri (Officer),Male,53,4/1/2029,Communist Party of Nepal (Unified Marxist-Leninist),Sun,FALSE,4,Gandaki Province,39,Kaski,1,2295,10429,3,FALSE,15.47,Unknown
340254,Rajkaji Gurung,Male,48,11/4/2034,Nepali Communist Party,five-pointed star,FALSE,4,Gandaki Province,39,Kaski,1,2296,2479,4,FALSE,3.68,Unknown
340658,Will Bahadur Tamang Lama,Male,42,9/15/2040,Labor Culture Party,The soil in Anjuli,FALSE,4,Gandaki Province,39,Kaski,1,2297,1141,5,FALSE,1.69,Unknown
342205,Babu Ram Thapa,Male,59,9/14/2023,National Democratic Party,Plow,FALSE,4,Gandaki Province,39,Kaski,1,2298,978,6,FALSE,1.45,Unknown
339692,By Manisha,Woman,38,11/25/2043,Ujjaya Nepal Party,A burning electric lamp,FALSE,4,Gandaki Province,39,Kaski,1,2299,670,7,FALSE,0.99,Unknown
340451,Mr. Man Thapa,Male,49,8/14/2033,Mongol National Organization,Rooster,FALSE,4,Gandaki Province,39,Kaski,1,2300,109,8,FALSE,0.16,Unknown
340548,Krishna Bahadur Raut,Male,46,5/1/2036,Independent,Triangle,TRUE,4,Gandaki Province,39,Kaski,1,2301,84,9,FALSE,0.12,Unknown
339500,Ravi Mohan Dhakal,Male,60,7/4/2022,National People's Front,Glass,FALSE,4,Gandaki Province,39,Kaski,1,2302,82,10,FALSE,0.12,Unknown
340872,Kumar Pariyar,Male,42,10/6/2040,Communist Party of Nepal (Maoist),A rose with two petals inside a circle.,FALSE,4,Gandaki Province,39,Kaski,1,2303,81,11,FALSE,0.12,Unknown
342158,Hark Bahadur Thapa,Male,48,5/7/2034,Aam Janata Party (Single Election Symbol),Mobile,FALSE,4,Gandaki Province,39,Kaski,1,2304,79,12,FALSE,0.12,Unknown
339807,Karna Bahadur Gurung,Male,40,11/22/2041,Progressive Democratic Party,Single open eye,FALSE,4,Gandaki Province,39,Kaski,1,2305,78,13,FALSE,0.12,Unknown
342065,Yagya Bahadur Gurung,Male,41,12/17/2040,National Republic of Nepal,Flying bee,FALSE,4,Gandaki Province,39,Kaski,1,2306,35,14,FALSE,0.05,Unknown
341370,Aash Bahadur Damai,Male,63,7/19/2019,Nepal Humanist Party,Well,FALSE,4,Gandaki Province,39,Kaski,1,2307,25,15,FALSE,0.04,Unknown
342675,Ram Kazi Charmakar,Male,48,3/24/2034,"Janata Samajwadi Party, Nepal",A tilted umbrella,FALSE,4,Gandaki Province,39,Kaski,1,2308,22,16,FALSE,0.03,Unknown
341805,Min Bahadur Darzi,Male,67,9/8/2015,Nepal Janmukti Party,Home,FALSE,4,Gandaki Province,39,Kaski,1,2309,21,17,FALSE,0.03,Unknown
339683,Uttam Prasad Poudel,Male,43,11/28/2038,National Independence Party,Bell,FALSE,4,Gandaki Province,39,Kaski,2,2310,31911,1,TRUE,62.97,?????? ????
339977,Rashmi Acharya,Male,45,5/8/2037,Communist Party of Nepal (Unified Marxist-Leninist),Sun,FALSE,4,Gandaki Province,39,Kaski,2,2311,7493,2,FALSE,14.79,"???????????, ??.??.?? ?????"
340510,Madhav Prasad Vanstola,Male,58,12/5/2023,Nepali Congress,Tree,FALSE,4,Gandaki Province,39,Kaski,2,2312,6500,3,FALSE,12.83,Masters
340057,Hem Jung Gurung,Male,65,1/12/2017,National Democratic Party,Plow,FALSE,4,Gandaki Province,39,Kaski,2,2313,1643,4,FALSE,3.24,????? ???????????
339624,Hem Bahadur Thapa Parajuli,Male,42,1/1/2040,Nepali Communist Party,five-pointed star,FALSE,4,Gandaki Province,39,Kaski,2,2314,1276,5,FALSE,2.52,Bachelor
339808,Kushal Gurung,Male,44,3/10/2038,Ujjaya Nepal Party,A burning electric lamp,FALSE,4,Gandaki Province,39,Kaski,2,2315,1201,6,FALSE,2.37,Masters
339855,Vishnu Prasad Tiwari,Male,45,12/30/2036,Independent,Triangle,TRUE,4,Gandaki Province,39,Kaski,2,2316,140,7,FALSE,0.28,????? ?? ???
341844,Basanta Raj Ghimire,Male,47,12/14/2034,Independent,Trophy,TRUE,4,Gandaki Province,39,Kaski,2,2317,133,8,FALSE,0.26,SLC
339438,Ol Bahadur Gurung,Male,59,8/15/2023,Mongol National Organization,Rooster,FALSE,4,Gandaki Province,39,Kaski,2,2318,123,9,FALSE,0.24,SLC
342169,Deepak Bhandari,Male,48,7/21/2034,Progressive Democratic Party,Single open eye,FALSE,4,Gandaki Province,39,Kaski,2,2319,100,10,FALSE,0.2,SLC
341352,Niranjan Koirala,Male,40,2/20/2042,Independent,Ink,TRUE,4,Gandaki Province,39,Kaski,2,2320,45,11,FALSE,0.09,??.??.??.
341735,Prem Bahadur Thapa,Male,41,5/13/2041,Communist Party of Nepal (Maoist),A rose with two petals inside a circle.,FALSE,4,Gandaki Province,39,Kaski,2,2321,37,12,FALSE,0.07,SLC
341249,Khyam Bahadur Gurung,Male,56,9/16/2026,Nepal Janmukti Party,Home,FALSE,4,Gandaki Province,39,Kaski,2,2322,26,13,FALSE,0.05,SLC
342088,Gyan Raj Gurung,Male,57,9/1/2025,National Republic of Nepal,Flying bee,FALSE,4,Gandaki Province,39,Kaski,2,2323,19,14,FALSE,0.04,9
340935,Ram Chandra Acharya,Male,35,3/5/2047,Independent,Helmet,TRUE,4,Gandaki Province,39,Kaski,2,2324,19,15,FALSE,0.04,??.?.
341468,Innocent Vikram Poudel,Male,26,6/19/2056,Independent,Calculator,TRUE,4,Gandaki Province,39,Kaski,2,2325,6,16,FALSE,0.01,?? ?????? (??.??.??. ???? ???? ????)
339579,Binita Awal,Woman,30,1/4/2052,Nepal Labor Farmers Party,Model,FALSE,4,Gandaki Province,39,Kaski,2,2326,3,17,FALSE,0.01,SLC
339651,Without Gurung,Woman,53,10/13/2029,National Independence Party,Bell,FALSE,4,Gandaki Province,39,Kaski,3,2327,37750,1,TRUE,60.26,Plus 2 / Higher Secondary
341174,Manoj Gurung,Male,58,12/4/2023,Nepali Congress,Tree,FALSE,4,Gandaki Province,39,Kaski,3,2328,12780,2,FALSE,20.4,SLC
340052,Damodar Poudel Bairagi,Male,59,1/5/2023,Communist Party of Nepal (Unified Marxist-Leninist),Sun,FALSE,4,Gandaki Province,39,Kaski,3,2329,7906,3,FALSE,12.62,Literate
340861,Gopal Giri,Male,70,12/11/2011,Nepali Communist Party,five-pointed star,FALSE,4,Gandaki Province,39,Kaski,3,2330,1456,4,FALSE,2.32,?? ??
341062,Arjun Prasad Khanal,Male,36,3/26/2046,National Democratic Party,Plow,FALSE,4,Gandaki Province,39,Kaski,3,2331,1406,5,FALSE,2.24,??????????
342262,Hit Kazi Gurung,Male,61,4/29/2021,Labor Culture Party,The soil in Anjuli,FALSE,4,Gandaki Province,39,Kaski,3,2332,586,6,FALSE,0.94,10
340489,Logic Bahadur Gurung,Male,63,1/3/2019,Ujjaya Nepal Party,A burning electric lamp,FALSE,4,Gandaki Province,39,Kaski,3,2333,462,7,FALSE,0.74,SLC
341679,Kamal Khadka Vishwakarma,Male,46,4/5/2036,Communist Party of Nepal (Maoist),A rose with two petals inside a circle.,FALSE,4,Gandaki Province,39,Kaski,3,2334,91,8,FALSE,0.15,Literate
341288,Jeevan Bahadur Gurung,Male,52,1/20/2030,Mongol National Organization,Rooster,FALSE,4,Gandaki Province,39,Kaski,3,2335,76,9,FALSE,0.12,Plus 2 / Higher Secondary
339910,Tek Bahadur Sarki,Male,62,1/5/2020,United Citizens Party,Guitar,FALSE,4,Gandaki Province,39,Kaski,3,2336,63,10,FALSE,0.1,Below SLC
340721,Om Prakash Vishwakarma,Male,50,1/9/2032,Nepal Matrubhumi Party,A burning lamp,FALSE,4,Gandaki Province,39,Kaski,3,2337,23,11,FALSE,0.04,Bachelor
341347,Min Bahadur Thapa,Male,40,6/17/2042,Nepal Janmukti Party,Home,FALSE,4,Gandaki Province,39,Kaski,3,2338,20,12,FALSE,0.03,Plus 2 / Higher Secondary
341407,Tirath Gurung,Woman,42,12/6/2039,National Republic of Nepal,Flying bee,FALSE,4,Gandaki Province,39,Kaski,3,2339,13,13,FALSE,0.02,Plus 2 / Higher Secondary
340179,Kusal Thapa Chhetri,Male,53,3/8/2029,Aam Janata Party (Single Election Symbol),Mobile,FALSE,4,Gandaki Province,39,Kaski,3,2340,12,14,FALSE,0.02,????? ??
340328,Mina Nhisutu,Woman,45,8/22/2037,Nepal Labor Farmers Party,Model,FALSE,4,Gandaki Province,39,Kaski,3,2341,5,15,FALSE,0.01,+ ? ??????
340905,Swarnim Wagle,Male,51,2/16/2031,National Independence Party,Bell,FALSE,4,Gandaki Province,40,Tanahun,1,2342,38040,1,TRUE,58.15,phd
341255,Govinda Bhattarai,Male,62,10/15/2020,Nepali Congress,Tree,FALSE,4,Gandaki Province,40,Tanahun,1,2343,16231,2,FALSE,24.81,???????????
340626,Bhagwati Neupane,Woman,49,4/12/2033,Communist Party of Nepal (Unified Marxist-Leninist),Sun,FALSE,4,Gandaki Province,40,Tanahun,1,2344,5830,3,FALSE,8.91,?? ??
340708,Vidya Nath Dhakal,Male,65,1/19/2017,Nepali Communist Party,five-pointed star,FALSE,4,Gandaki Province,40,Tanahun,1,2345,2393,4,FALSE,3.66,Bachelor
340552,Kashiram Gurung,Male,41,8/7/2041,Labor Culture Party,The soil in Anjuli,FALSE,4,Gandaki Province,40,Tanahun,1,2346,967,5,FALSE,1.48,? ???
340243,Ramdutt Joshi,Male,35,1/9/2047,National Democratic Party,Plow,FALSE,4,Gandaki Province,40,Tanahun,1,2347,826,6,FALSE,1.26,Bachelor
340287,Manzil Rana,Male,37,5/21/2045,Ujjaya Nepal Party,A burning electric lamp,FALSE,4,Gandaki Province,40,Tanahun,1,2348,508,7,FALSE,0.78,?? ?
339604,Prem Bahadur Thapa,Male,44,5/29/2038,Mongol National Organization,Rooster,FALSE,4,Gandaki Province,40,Tanahun,1,2349,170,8,FALSE,0.26,??????
339562,Deepak Raj Joshi,Male,56,3/16/2026,Independent,Scissors,TRUE,4,Gandaki Province,40,Tanahun,1,2350,113,9,FALSE,0.17,???????????
342061,Om Vikram Pant,Male,58,6/5/2024,Communist Party of Nepal (Maoist),A rose with two petals inside a circle.,FALSE,4,Gandaki Province,40,Tanahun,1,2351,112,10,FALSE,0.17,?? ?? ??
339895,Yam Bahadur came,Male,68,7/16/2014,Nepal Janmukti Party,Home,FALSE,4,Gandaki Province,40,Tanahun,1,2352,76,11,FALSE,0.12,?????????
341418,Sandesh Ranabhat Laudari,Male,29,2/16/2053,Independent,Mana Pathi,TRUE,4,Gandaki Province,40,Tanahun,1,2353,73,12,FALSE,0.11,???????
340770,Ram Lakshmi Duwal,Woman,39,9/5/2043,Nepal Labor Farmers Party,Model,FALSE,4,Gandaki Province,40,Tanahun,1,2354,29,13,FALSE,0.04,?????? ??????
341545,Suman Thapa Magar,Male,41,5/5/2041,National Republic of Nepal,Flying bee,FALSE,4,Gandaki Province,40,Tanahun,1,2355,23,14,FALSE,0.04,?? ?? ??
342096,Article by Nath Khanal,Male,71,10/10/2011,Independent,Mango,TRUE,4,Gandaki Province,40,Tanahun,1,2356,18,15,FALSE,0.03,Literate
341349,Chiza Maya Adhikari,Woman,43,11/15/2039,Aam Janata Party (Single Election Symbol),Mobile,FALSE,4,Gandaki Province,40,Tanahun,1,2357,10,16,FALSE,0.02,Unknown
341124,Shriram Neupane,Male,56,3/21/2026,National Independence Party,Bell,FALSE,4,Gandaki Province,40,Tanahun,2,2358,32687,1,TRUE,52.23,??????? ????????????? ??????
341920,Shankar Bhandari,Male,57,2/10/2025,Nepali Congress,Tree,FALSE,4,Gandaki Province,40,Tanahun,2,2359,14135,2,FALSE,22.59,Bachelor
340267,Kedar Sigdel,Male,62,6/5/2020,Communist Party of Nepal (Unified Marxist-Leninist),Sun,FALSE,4,Gandaki Province,40,Tanahun,2,2360,11668,3,FALSE,18.65,????????????
340939,Som Bahadur Thapa,Male,49,4/9/2033,Nepali Communist Party,five-pointed star,FALSE,4,Gandaki Province,40,Tanahun,2,2361,1953,4,FALSE,3.12,??.??.??. ?????
339698,Yam Bahadur Thakuri,Male,58,5/10/2024,National Democratic Party,Plow,FALSE,4,Gandaki Province,40,Tanahun,2,2362,1117,5,FALSE,1.78,Plus 2 / Higher Secondary
340420,Sushma Ale,Woman,28,1/27/2054,Mongol National Organization,Rooster,FALSE,4,Gandaki Province,40,Tanahun,2,2363,495,6,FALSE,0.79,??.??.
339815,Purna Bahadur Rana,Male,46,4/18/2036,Nepal Janmukti Party,Home,FALSE,4,Gandaki Province,40,Tanahun,2,2364,172,7,FALSE,0.27,??.?.
341651,Ganesh Bahadur Lamgade,Male,49,7/21/2033,Communist Party of Nepal (Maoist),A rose with two petals inside a circle.,FALSE,4,Gandaki Province,40,Tanahun,2,2365,122,8,FALSE,0.19,SLC
340579,Nam Bahadur Rana,Male,48,5/10/2034,National Republic of Nepal,Flying bee,FALSE,4,Gandaki Province,40,Tanahun,2,2366,105,9,FALSE,0.17,?? ???
339433,Lal Bahadur Sarki (Gotame),Male,40,2042.03.27,National People's Liberation Party,Shaking hands,FALSE,4,Gandaki Province,40,Tanahun,2,2367,95,10,FALSE,0.15,SLC
340778,Laxman Adhikari,Male,64,3/1/2018,Nepal Labor Farmers Party,Model,FALSE,4,Gandaki Province,40,Tanahun,2,2368,30,11,FALSE,0.05,?? ????? ????????
339751,Dhananjay Regmi,Male,50,1/23/2032,National Independence Party,Bell,FALSE,4,Gandaki Province,41,Syangja,1,2369,29071,1,TRUE,42.73,PHD
340298,Bharat Raj Dhakal,Male,52,5/11/2030,Nepali Congress,Tree,FALSE,4,Gandaki Province,41,Syangja,1,2370,18857,2,FALSE,27.72,MBA
340156,Min Prasad Gurung,Male,62,2/19/2020,Communist Party of Nepal (Unified Marxist-Leninist),Sun,FALSE,4,Gandaki Province,41,Syangja,1,2371,16804,3,FALSE,24.7,MA LLB
339596,Shailendra Ghimire,Male,51,3/15/2031,Nepali Communist Party,five-pointed star,FALSE,4,Gandaki Province,41,Syangja,1,2372,1552,4,FALSE,2.28,Bachelor
340676,Hukum Bahadur Rana,Male,55,8/10/2027,National Democratic Party,Plow,FALSE,4,Gandaki Province,41,Syangja,1,2373,698,5,FALSE,1.03,SLC
342462,Piran Gurung,Male,49,4/30/2033,Labor Culture Party,The soil in Anjuli,FALSE,4,Gandaki Province,41,Syangja,1,2374,489,6,FALSE,0.72,SLC
340550,Yam Bahadur Gurung,Male,53,8/5/2029,Mongol National Organization,Rooster,FALSE,4,Gandaki Province,41,Syangja,1,2375,216,7,FALSE,0.32,8 Pass
341698,Rabindra Malla,Male,59,2/11/2023,Ujjaya Nepal Party,A burning electric lamp,FALSE,4,Gandaki Province,41,Syangja,1,2376,176,8,FALSE,0.26,Plus 2 / Higher Secondary
340102,Arjun Kumar Gurung,Male,57,1/15/2025,National Republic of Nepal,Flying bee,FALSE,4,Gandaki Province,41,Syangja,1,2377,61,9,FALSE,0.09,8 pass
341803,Som Bahadur Pariyar,Male,42,4/21/2040,Communist Party of Nepal (Maoist),A rose with two petals inside a circle.,FALSE,4,Gandaki Province,41,Syangja,1,2378,57,10,FALSE,0.08,Simple
341925,Ran Bahadur Vishwakarma,Male,54,12/12/2027,Progressive Democratic Party,Single open eye,FALSE,4,Gandaki Province,41,Syangja,1,2379,30,11,FALSE,0.04,Masters
340823,Ashok Bista,Male,28,10/16/2054,Independent,Round,TRUE,4,Gandaki Province,41,Syangja,1,2380,25,12,FALSE,0.04,Masters
341404,Jhavi Lal Dumre,Male,33,4/5/2049,National Independence Party,Bell,FALSE,4,Gandaki Province,41,Syangja,2,2381,25354,1,TRUE,40.72,Masters
339732,Bhagwat Prakash Malla,Male,49,2033-04-31,Nepali Congress,Tree,FALSE,4,Gandaki Province,41,Syangja,2,2382,20830,2,FALSE,33.45,Bachelor
340887,Khim Bahadur Thapa,Male,57,10/15/2025,Communist Party of Nepal (Unified Marxist-Leninist),Sun,FALSE,4,Gandaki Province,41,Syangja,2,2383,14108,3,FALSE,22.66,Unknown
339529,Padam Bahadur V.K.,Male,45,7/10/2037,Nepali Communist Party,five-pointed star,FALSE,4,Gandaki Province,41,Syangja,2,2384,848,4,FALSE,1.36,"???????????, ???????? ???????"
340562,Rabin Pathak,Male,42,11/17/2040,National Democratic Party,Plow,FALSE,4,Gandaki Province,41,Syangja,2,2385,566,5,FALSE,0.91,Bachelor
340061,Tej Bahadur Thapa,Male,61,6/20/2021,National Republic of Nepal,Flying bee,FALSE,4,Gandaki Province,41,Syangja,2,2386,200,6,FALSE,0.32,SLC
340157,Kharka Bahadur Thapa,Male,55,10/13/2027,Mongol National Organization,Rooster,FALSE,4,Gandaki Province,41,Syangja,2,2387,132,7,FALSE,0.21,12
340457,Rajendra Prasad Gairy,Male,71,2011.06.21,National People's Front,Glass,FALSE,4,Gandaki Province,41,Syangja,2,2388,71,8,FALSE,0.11,12
339676,Khim Bahadur Chhetri,Male,53,12/27/2028,Independent,Squirrel,TRUE,4,Gandaki Province,41,Syangja,2,2389,67,9,FALSE,0.11,Masters
339468,Haridev Thapa,Male,57,5/10/2025,National People's Liberation Party,Shaking hands,FALSE,4,Gandaki Province,41,Syangja,2,2390,65,10,FALSE,0.1,SLC
339997,Dhan Bahadur Thapa,Male,71,3/1/2011,Jai Matrubhoomi Party,Mother holding baby in arms,FALSE,4,Gandaki Province,41,Syangja,2,2391,16,11,FALSE,0.03,12
341013,Sagar Thapa Magar,Male,25,4/8/2057,Independent,Bag,TRUE,4,Gandaki Province,41,Syangja,2,2392,9,12,FALSE,0.01,12
341377,Sagar Dhakal,Male,34,3/28/2048,National Independence Party,Bell,FALSE,5,Lumbini Province,42,Gulmi,1,2393,29642,1,TRUE,47.14,MSC
340067,Pradeep Kumar Gyawali,Male,64,5/28/2018,Communist Party of Nepal (Unified Marxist-Leninist),Sun,FALSE,5,Lumbini Province,42,Gulmi,1,2394,15181,2,FALSE,24.14,?????????
339864,Chandrakant Bhandari,Male,64,2/27/2018,Nepali Congress,Tree,FALSE,5,Lumbini Province,42,Gulmi,1,2395,13505,3,FALSE,21.48,??.??.??.
340329,Sudarshan Varal,Male,49,3/6/2033,Nepali Communist Party,five-pointed star,FALSE,5,Lumbini Province,42,Gulmi,1,2396,3167,4,FALSE,5.04,????????????
339441,Sher Bahadur Thapa,Male,46,5/17/2036,National People's Front,Glass,FALSE,5,Lumbini Province,42,Gulmi,1,2397,671,5,FALSE,1.07,??.?.
341273,Ghan Shyam Gautam,Male,60,12/9/2021,Independent,Chessgoti,TRUE,5,Lumbini Province,42,Gulmi,1,2398,362,6,FALSE,0.58,??.?.
339834,Ajit Kumar Shrestha,Male,60,2/17/2022,National Democratic Party,Plow,FALSE,5,Lumbini Province,42,Gulmi,1,2399,130,7,FALSE,0.21,SLC
339726,Lok Bahadur Thapa,Male,39,6/19/2043,National Republic of Nepal,Flying bee,FALSE,5,Lumbini Province,42,Gulmi,1,2400,72,8,FALSE,0.11,???????
341183,Khadak Bahadur Gurung,Male,54,10/10/2028,Mongol National Organization,Rooster,FALSE,5,Lumbini Province,42,Gulmi,1,2401,39,9,FALSE,0.06,Bachelor
340242,Top Bahadur Thapa,Male,49,6/12/2033,Independent,Round,TRUE,5,Lumbini Province,42,Gulmi,1,2402,25,10,FALSE,0.04,? ???
342043,Chetan Bahadur Basnet,Male,61,9/28/2021,Independent,Cable car,TRUE,5,Lumbini Province,42,Gulmi,1,2403,23,11,FALSE,0.04,SLC
339410,Maia Lakshmi in it,Woman,43,3/18/2039,Nepal Labor Farmers Party,Model,FALSE,5,Lumbini Province,42,Gulmi,1,2404,21,12,FALSE,0.03,Plus 2 / Higher Secondary
340659,Sikha Reshmi,Woman,39,10/10/2043,Aam Janata Party (Single Election Symbol),Mobile,FALSE,5,Lumbini Province,42,Gulmi,1,2405,20,13,FALSE,0.03,SLC
340700,Premlal Bhandari,Male,59,4/12/2023,Independent,Spray,TRUE,5,Lumbini Province,42,Gulmi,1,2406,6,14,FALSE,0.01,Plus 2 / Higher Secondary
342105,Laxman Bhandari,Male,50,8/15/2032,Independent,Squirrel,TRUE,5,Lumbini Province,42,Gulmi,1,2407,6,15,FALSE,0.01,SLC
341115,Megh Bahadur Gaha,Male,65,1/15/2017,Independent,Fan,TRUE,5,Lumbini Province,42,Gulmi,1,2408,4,16,FALSE,0.01,SLC
341702,Yama Bahadur Shrestha,Male,58,9/10/2024,Independent,Jeep,TRUE,5,Lumbini Province,42,Gulmi,1,2409,4,17,FALSE,0.01,Unknown
340910,Krishna Bahadur Sunar,Male,53,8/6/2029,Independent,Gambling,TRUE,5,Lumbini Province,42,Gulmi,1,2410,1,18,FALSE,0,? ???
342009,Surya Bahadur Soni Sunar,Male,50,5/1/2032,Independent,Wandering around,TRUE,5,Lumbini Province,42,Gulmi,1,2411,1,19,FALSE,0,Unknown
340500,Prem Prasad is the best,Male,64,8/23/2018,Independent,Pressure cooker,TRUE,5,Lumbini Province,42,Gulmi,1,2412,0,20,FALSE,0,???????
341064,Bimal Gyawali,Male,39,6/3/2043,Independent,Bakullo,TRUE,5,Lumbini Province,42,Gulmi,1,2413,0,21,FALSE,0,Bachelor
341282,Govinda Panthi,Male,51,11/16/2031,National Independence Party,Bell,FALSE,5,Lumbini Province,42,Gulmi,2,2414,16967,1,TRUE,32.66,MPA/BL
340185,Gokarna Raj Bisht,Male,60,3/17/2022,Communist Party of Nepal (Unified Marxist-Leninist),Sun,FALSE,5,Lumbini Province,42,Gulmi,2,2415,16406,2,FALSE,31.58,B.L/M.Com (????????)
340000,Bhuvan Prasad Shrestha,Male,59,6/22/2023,Nepali Congress,Tree,FALSE,5,Lumbini Province,42,Gulmi,2,2416,14434,3,FALSE,27.79,-
340559,Shriram Mahat,Male,34,3/25/2048,Nepali Communist Party,five-pointed star,FALSE,5,Lumbini Province,42,Gulmi,2,2417,3081,4,FALSE,5.93,??????????? (????????)
339681,Lal Bahadur Thapa Kshetri,Male,49,11/20/2033,National People's Front,Glass,FALSE,5,Lumbini Province,42,Gulmi,2,2418,354,5,FALSE,0.68,Plus 2 / Higher Secondary
341711,Saint Nepali,Male,52,3/6/2030,Communist Party of Nepal (Maoist),A rose with two petals inside a circle.,FALSE,5,Lumbini Province,42,Gulmi,2,2419,223,6,FALSE,0.43,?? ???
340699,Janak Sen,Male,35,12/8/2046,National Democratic Party,Plow,FALSE,5,Lumbini Province,42,Gulmi,2,2420,202,7,FALSE,0.39,??.?.
341916,Karna Bahadur Thapa,Male,40,7/20/2042,Ujjaya Nepal Party,A burning electric lamp,FALSE,5,Lumbini Province,42,Gulmi,2,2421,123,8,FALSE,0.24,SLC
339636,Bed Bahadur Thapa,Male,55,7/4/2027,Mongol National Organization,Rooster,FALSE,5,Lumbini Province,42,Gulmi,2,2422,37,9,FALSE,0.07,Literate
342008,Bhagirath Thapa,Male,42,2/10/2040,Independent,Mana Pathi,TRUE,5,Lumbini Province,42,Gulmi,2,2423,30,10,FALSE,0.06,-
340641,Padam Thapa Magar,Male,49,11/5/2033,National Republic of Nepal,Flying bee,FALSE,5,Lumbini Province,42,Gulmi,2,2424,23,11,FALSE,0.04,Plus 2 / Higher Secondary
341456,Kumari Harikala Shris Magar,Woman,54,11/21/2027,Independent,Round,TRUE,5,Lumbini Province,42,Gulmi,2,2425,19,12,FALSE,0.04,-
341785,Lok Bahadur again,Male,50,4/5/2032,Independent,Squirrel,TRUE,5,Lumbini Province,42,Gulmi,2,2426,9,13,FALSE,0.02,SLC
341383,Malta Ghimire,Woman,50,1/24/2032,Independent,Water jar,TRUE,5,Lumbini Province,42,Gulmi,2,2427,7,14,FALSE,0.01,Literate
340753,Shri Khuviram Acharya,Male,55,9/15/2027,Independent,Hotcase,TRUE,5,Lumbini Province,42,Gulmi,2,2428,6,15,FALSE,0.01,??.?.
341038,Maheshwar Ghimire,Male,46,10/20/2036,Independent,Scissors,TRUE,5,Lumbini Province,42,Gulmi,2,2429,5,16,FALSE,0.01,Plus 2 / Higher Secondary
341096,Ram Prasad Pokhrel,Male,47,10/24/2035,Independent,Helmet,TRUE,5,Lumbini Province,42,Gulmi,2,2430,4,17,FALSE,0.01,SLC
342038,Saraswati Lamsal,Woman,38,7/12/2044,Independent,Cup and plate,TRUE,5,Lumbini Province,42,Gulmi,2,2431,4,18,FALSE,0.01,SLC
341821,Narendra Prasad Rijal,Male,58,3/6/2024,Independent,Camera,TRUE,5,Lumbini Province,42,Gulmi,2,2432,3,19,FALSE,0.01,SLC
342114,Farsuram Kadel,Male,52,3/13/2030,Independent,Sparrow,TRUE,5,Lumbini Province,42,Gulmi,2,2433,3,20,FALSE,0.01,Literate
341214,Bhumiraj Sapkota,Male,30,9/7/2052,Independent,Coconut,TRUE,5,Lumbini Province,42,Gulmi,2,2434,2,21,FALSE,0,-
341558,Surendra Pandey,Male,53,4/15/2029,Independent,Celery bread,TRUE,5,Lumbini Province,42,Gulmi,2,2435,2,22,FALSE,0,SLC
341027,Sandeep Rana,Male,38,2/20/2044,Nepali Congress,Tree,FALSE,5,Lumbini Province,43,Palpa,1,2436,18336,1,TRUE,35.38,Unknown
340207,Narayan Prasad Acharya,Male,56,9/10/2026,Communist Party of Nepal (Unified Marxist-Leninist),Sun,FALSE,5,Lumbini Province,43,Palpa,1,2437,16819,2,FALSE,32.45,??.?.
341313,Bimal Pant,Male,39,4/8/2043,National Independence Party,Bell,FALSE,5,Lumbini Province,43,Palpa,1,2438,14333,3,FALSE,27.66,Unknown
340920,Hum Bahadur Sunari Magar,Male,54,3/1/2028,Nepali Communist Party,five-pointed star,FALSE,5,Lumbini Province,43,Palpa,1,2439,951,4,FALSE,1.84,?? ?? ?
340130,Thaman Singh Reshmi Magar,Male,40,2/12/2042,National Republic of Nepal,Flying bee,FALSE,5,Lumbini Province,43,Palpa,1,2440,671,5,FALSE,1.29,+2 passed
339744,Salan Chidi Magar,Male,39,12/10/2042,Mongol National Organization,Rooster,FALSE,5,Lumbini Province,43,Palpa,1,2441,235,6,FALSE,0.45,SLC
340398,Jupiter Aryal,Male,55,4/21/2027,National Democratic Party,Plow,FALSE,5,Lumbini Province,43,Palpa,1,2442,202,7,FALSE,0.39,????? ???
339994,Narmati Sinjali,Woman,45,3/17/2037,National People's Front,Glass,FALSE,5,Lumbini Province,43,Palpa,1,2443,140,8,FALSE,0.27,+2 passed
341759,Puran Gairhe Sharma,Male,33,6/10/2049,Communist Party of Nepal (Maoist),A rose with two petals inside a circle.,FALSE,5,Lumbini Province,43,Palpa,1,2444,48,9,FALSE,0.09,+? ???
342414,Calf Dali Mia,Male,58,7/27/2024,Independent,Cauliflower,TRUE,5,Lumbini Province,43,Palpa,1,2445,35,10,FALSE,0.07,10
341921,Koshal Aryal,Male,35,2/15/2047,Independent,Cap,TRUE,5,Lumbini Province,43,Palpa,1,2446,30,11,FALSE,0.06,Unknown
342019,Delhi Raj Kafle,Male,62,5/17/2020,Independent,Cup and plate,TRUE,5,Lumbini Province,43,Palpa,1,2447,16,12,FALSE,0.03,SLC
342234,Yudh Bahadur Virkatta,Male,45,2/10/2037,Independent,Ink,TRUE,5,Lumbini Province,43,Palpa,1,2448,8,13,FALSE,0.02,Unknown
341329,Madhav Bahadur Thapa,Male,45,7/4/2037,National Independence Party,Bell,FALSE,5,Lumbini Province,43,Palpa,2,2449,26736,1,TRUE,45.99,Bcahelor Of Medicine
340340,Himal Dutt Shrestha,Male,45,10/26/2037,Nepali Congress,Tree,FALSE,5,Lumbini Province,43,Palpa,2,2450,12992,2,FALSE,22.35,Bachelor
339322,Thakur Prasad Gayre,Male,57,2/6/2025,Communist Party of Nepal (Unified Marxist-Leninist),Sun,FALSE,5,Lumbini Province,43,Palpa,2,2451,10503,3,FALSE,18.07,Bachelor
340916,Som Prasad Pandey,Male,70,2/26/2012,Nepali Communist Party,five-pointed star,FALSE,5,Lumbini Province,43,Palpa,2,2452,5288,4,FALSE,9.1,??????? ??????
340280,Dev Prasad Shrestha,Male,61,11/2/2021,National Republic of Nepal,Flying bee,FALSE,5,Lumbini Province,43,Palpa,2,2453,693,5,FALSE,1.19,SLC
340850,Mohan Kuwar Thapa Magar,Male,58,5/11/2024,Independent,Pressure cooker,TRUE,5,Lumbini Province,43,Palpa,2,2454,458,6,FALSE,0.79,Bachelor
339533,Dul Bahadur Kunwar,Male,62,8/11/2020,National Democratic Party,Plow,FALSE,5,Lumbini Province,43,Palpa,2,2455,440,7,FALSE,0.76,??.?
339789,Bal Bahadur Darlami,Male,40,5/10/2042,National People's Front,Glass,FALSE,5,Lumbini Province,43,Palpa,2,2456,429,8,FALSE,0.74,??.?
339998,Ram Bahadur Aslami,Male,44,4/20/2038,Sovereign Citizens Party,A 24-knuckle wheel inside a dark blue circle,FALSE,5,Lumbini Province,43,Palpa,2,2457,169,9,FALSE,0.29,SLC
342100,Top Bahadur Aslami,Male,49,5/11/2033,National People's Liberation Party,Shaking hands,FALSE,5,Lumbini Province,43,Palpa,2,2458,138,10,FALSE,0.24,Bachelor
342433,Mann Bahadur Darlami,Male,56,6/20/2026,Mongol National Organization,Rooster,FALSE,5,Lumbini Province,43,Palpa,2,2459,96,11,FALSE,0.17,SLC
342309,Vishnu Thadrai (Sarki),Male,40,11/10/2042,Communist Party of Nepal (Maoist),A rose with two petals inside a circle.,FALSE,5,Lumbini Province,43,Palpa,2,2460,66,12,FALSE,0.11,SLC
340496,Keshav Prasad Vasyal,Male,39,8/29/2043,Independent,Scissors,TRUE,5,Lumbini Province,43,Palpa,2,2461,53,13,FALSE,0.09,Plus 2 / Higher Secondary
341936,Khik Bahadur Reshmi Magar,Male,58,6/16/2024,Janata Samajwadi Party (single election symbol),Millstone,FALSE,5,Lumbini Province,43,Palpa,2,2462,39,14,FALSE,0.07,SLC
339832,Like Vodharaj,Male,48,8/16/2034,Progressive Democratic Party,Single open eye,FALSE,5,Lumbini Province,43,Palpa,2,2463,28,15,FALSE,0.05,SLC
340709,Krishna Sobha Musyakhva,Woman,58,7/14/2024,Nepal Labor Farmers Party,Model,FALSE,5,Lumbini Province,43,Palpa,2,2464,12,16,FALSE,0.02,??????
339640,Hari Prasad Bhusal,Male,37,7/24/2045,National Independence Party,Bell,FALSE,5,Lumbini Province,44,Arghakhanchi,1,2465,35023,1,TRUE,42.04,Bachelor
340014,Father Bhusal,Male,54,6/30/2028,Communist Party of Nepal (Unified Marxist-Leninist),Sun,FALSE,5,Lumbini Province,44,Arghakhanchi,1,2466,22649,2,FALSE,27.19,???????????
341773,Vishnu Prasad Khanal,Male,56,5/18/2026,Nepali Congress,Tree,FALSE,5,Lumbini Province,44,Arghakhanchi,1,2467,18983,3,FALSE,22.79,Bachelor
340772,Ram Wahadur Chauhan,Male,56,8/19/2026,Nepali Communist Party,five-pointed star,FALSE,5,Lumbini Province,44,Arghakhanchi,1,2468,3847,4,FALSE,4.62,Bachelor
339755,Pashupati Nath Dhakal,Male,71,2/13/2011,National People's Front,Glass,FALSE,5,Lumbini Province,44,Arghakhanchi,1,2469,1809,5,FALSE,2.17,10
341486,Khim Bahadur Gharti Magar,Male,44,4/25/2038,Communist Party of Nepal (Maoist),A rose with two petals inside a circle.,FALSE,5,Lumbini Province,44,Arghakhanchi,1,2470,459,6,FALSE,0.55,Bachelor
342062,Jabindra Fullel,Male,46,6/25/2036,National Democratic Party,Plow,FALSE,5,Lumbini Province,44,Arghakhanchi,1,2471,244,7,FALSE,0.29,??.? ???
340874,Vishnu Bahadur Gaha,Male,50,4/1/2032,National Republic of Nepal,Flying bee,FALSE,5,Lumbini Province,44,Arghakhanchi,1,2472,94,8,FALSE,0.11,? ???.
341094,Durg Bahadur Bhat Chhetri,Male,54,2/2/2028,Aam Janata Party (Single Election Symbol),Mobile,FALSE,5,Lumbini Province,44,Arghakhanchi,1,2473,44,9,FALSE,0.05,? ???
339905,Surya Bahadur Gurung,Male,44,4/14/2038,Mongol National Organization,Rooster,FALSE,5,Lumbini Province,44,Arghakhanchi,1,2474,40,10,FALSE,0.05,???????? ??????
340981,Tuk Bahadur Chewali,Male,58,7/18/2024,Janata Samajwadi Party (single election symbol),Millstone,FALSE,5,Lumbini Province,44,Arghakhanchi,1,2475,40,11,FALSE,0.05,???????? ??????
339595,Pushkar Nath Acharya,Male,49,1/8/2033,Progressive Democratic Party,Single open eye,FALSE,5,Lumbini Province,44,Arghakhanchi,1,2476,28,12,FALSE,0.03,I.com pass
339782,Ravi Shah,Male,49,7/15/2033,Independent,Jeep,TRUE,5,Lumbini Province,44,Arghakhanchi,1,2477,22,13,FALSE,0.03,SLC
341541,Himal Bhusal,Male,38,11/26/2043,Independent,Nut bolt,TRUE,5,Lumbini Province,44,Arghakhanchi,1,2478,21,14,FALSE,0.03,Bachelor
341993,Pampha Shrestha,Woman,31,9/20/2051,Independent,Gumboot,TRUE,5,Lumbini Province,44,Arghakhanchi,1,2479,3,15,FALSE,0,Literate
340220,Rajan Gautam,Male,39,6/13/2043,National Independence Party,Bell,FALSE,4,Gandaki Province,45,Nawalparasi (East of Bardaghat Susta),1,2480,50945,1,TRUE,62.46,Unknown
341600,Bal Krishna Ghimire,Male,52,3/25/2030,Nepali Congress,Tree,FALSE,4,Gandaki Province,45,Nawalparasi (East of Bardaghat Susta),1,2481,16293,2,FALSE,19.98,Unknown
340704,Bhagirath Sapkota,Male,54,7/3/2028,Communist Party of Nepal (Unified Marxist-Leninist),Sun,FALSE,4,Gandaki Province,45,Nawalparasi (East of Bardaghat Susta),1,2482,9131,3,FALSE,11.2,Unknown
340104,Bhim Chandra Gurung,Male,44,6/10/2038,Labor Culture Party,The soil in Anjuli,FALSE,4,Gandaki Province,45,Nawalparasi (East of Bardaghat Susta),1,2483,1702,4,FALSE,2.09,Unknown
341339,Lok Prasad Bhurtel,Male,61,5/18/2021,Nepali Communist Party,five-pointed star,FALSE,4,Gandaki Province,45,Nawalparasi (East of Bardaghat Susta),1,2484,1245,5,FALSE,1.53,Unknown
339641,Deepak Chandra Bastakoti,Male,53,8/11/2029,National Democratic Party,Plow,FALSE,4,Gandaki Province,45,Nawalparasi (East of Bardaghat Susta),1,2485,1221,6,FALSE,1.5,Unknown
340339,Bel Bahadur Saru,Male,47,5/6/2035,Communist Party of Nepal (Maoist),A rose with two petals inside a circle.,FALSE,4,Gandaki Province,45,Nawalparasi (East of Bardaghat Susta),1,2486,235,7,FALSE,0.29,Unknown
339843,Vishnu Man Vic,Male,26,12/2/2055,National Republic of Nepal,Flying bee,FALSE,4,Gandaki Province,45,Nawalparasi (East of Bardaghat Susta),1,2487,216,8,FALSE,0.26,Unknown
340802,Parvati Gurungseni,Woman,66,1/1/2016,Ujjaya Nepal Party,A burning electric lamp,FALSE,4,Gandaki Province,45,Nawalparasi (East of Bardaghat Susta),1,2488,191,9,FALSE,0.23,Unknown
339710,Chandradatta Sapkota,Male,58,3/27/2024,National People's Front,Glass,FALSE,4,Gandaki Province,45,Nawalparasi (East of Bardaghat Susta),1,2489,174,10,FALSE,0.21,Unknown
341243,Shatrughan Thapa,Male,51,4/22/2031,National People's Liberation Party,Shaking hands,FALSE,4,Gandaki Province,45,Nawalparasi (East of Bardaghat Susta),1,2490,117,11,FALSE,0.14,Unknown
339513,Chhavilal Magar,Male,69,3/15/2013,Janata Samajwadi Party (single election symbol),Millstone,FALSE,4,Gandaki Province,45,Nawalparasi (East of Bardaghat Susta),1,2491,35,12,FALSE,0.04,Unknown
339544,Raju Gurung,Male,48,9/19/2034,Mongol National Organization,Rooster,FALSE,4,Gandaki Province,45,Nawalparasi (East of Bardaghat Susta),1,2492,25,13,FALSE,0.03,Unknown
340462,Gokul Sharma,Male,46,2/28/2036,Independent,Dust bin,TRUE,4,Gandaki Province,45,Nawalparasi (East of Bardaghat Susta),1,2493,11,14,FALSE,0.01,Unknown
342227,Point K.C.,Woman,37,8/11/2045,Independent,Telescope,TRUE,4,Gandaki Province,45,Nawalparasi (East of Bardaghat Susta),1,2494,10,15,FALSE,0.01,Unknown
342450,Avinash Sunar,Male,27,4/3/2055,Independent,Bag,TRUE,4,Gandaki Province,45,Nawalparasi (East of Bardaghat Susta),1,2495,7,16,FALSE,0.01,Unknown
340347,Manish Khanal,Male,26,3/11/2056,National Independence Party,Bell,FALSE,4,Gandaki Province,45,Nawalparasi (East of Bardaghat Susta),2,2496,41347,1,TRUE,54.24,???????
341567,Til Bahadur Mahat Chhetri,Male,61,2/12/2021,Communist Party of Nepal (Unified Marxist-Leninist),Sun,FALSE,4,Gandaki Province,45,Nawalparasi (East of Bardaghat Susta),2,2497,15755,2,FALSE,20.67,Bachelor
341839,Om Bahadur Gharti,Male,50,7/2/2032,Nepali Congress,Tree,FALSE,4,Gandaki Province,45,Nawalparasi (East of Bardaghat Susta),2,2498,14713,3,FALSE,19.3,Masters
341718,Ganesha Maan Mahato,Male,58,7/25/2024,Nepali Communist Party,five-pointed star,FALSE,4,Gandaki Province,45,Nawalparasi (East of Bardaghat Susta),2,2499,1538,4,FALSE,2.02,SLC
341446,Kamal Chapagain,Male,32,10/19/2050,Labor Culture Party,The soil in Anjuli,FALSE,4,Gandaki Province,45,Nawalparasi (East of Bardaghat Susta),2,2500,1164,5,FALSE,1.53,Plus 2 / Higher Secondary
339776,Run Kumari Mahato,Woman,42,8/3/2040,National Democratic Party,Plow,FALSE,4,Gandaki Province,45,Nawalparasi (East of Bardaghat Susta),2,2501,963,6,FALSE,1.26,???????? ?????? ?????? ?????
341764,Khem Bahadur Rana,Male,48,6/19/2034,National People's Liberation Party,Shaking hands,FALSE,4,Gandaki Province,45,Nawalparasi (East of Bardaghat Susta),2,2502,184,7,FALSE,0.24,SLC
339833,Vishnu Giri,Male,63,8/6/2019,National People's Front,Glass,FALSE,4,Gandaki Province,45,Nawalparasi (East of Bardaghat Susta),2,2503,143,8,FALSE,0.19,?? ?? ??
341260,Ganga Prasad Gyawali,Male,51,9/4/2031,Communist Party of Nepal (Maoist),A rose with two petals inside a circle.,FALSE,4,Gandaki Province,45,Nawalparasi (East of Bardaghat Susta),2,2504,140,9,FALSE,0.18,SLC
339527,Nib Bahadur came,Male,45,10/26/2037,Mongol National Organization,Rooster,FALSE,4,Gandaki Province,45,Nawalparasi (East of Bardaghat Susta),2,2505,91,10,FALSE,0.12,IA pass
341639,Mansingh Mahato,Male,74,2/12/2008,Progressive Democratic Party,Single open eye,FALSE,4,Gandaki Province,45,Nawalparasi (East of Bardaghat Susta),2,2506,56,11,FALSE,0.07,?? ? ???
339612,Bharat Prasad Vasti,Male,53,1/31/2029,Independent,Scissors,TRUE,4,Gandaki Province,45,Nawalparasi (East of Bardaghat Susta),2,2507,52,12,FALSE,0.07,masters complete
339718,Lakshmi Somai Magar,Woman,39,5/28/2043,Aam Janata Party (Single Election Symbol),Mobile,FALSE,4,Gandaki Province,45,Nawalparasi (East of Bardaghat Susta),2,2508,30,13,FALSE,0.04,???? ?? ???
342562,Pem Bahadur Sinjali,Male,36,12/12/2045,Independent,Envelope,TRUE,4,Gandaki Province,45,Nawalparasi (East of Bardaghat Susta),2,2509,14,14,FALSE,0.02,plus two
341355,Geeta Kumari Lamichhane,Woman,45,3/8/2037,Independent,Fan,TRUE,4,Gandaki Province,45,Nawalparasi (East of Bardaghat Susta),2,2510,13,15,FALSE,0.02,SLC
342244,Tol Bahadur Lungeli Magar,Male,44,9/29/2038,Independent,Dhikhi,TRUE,4,Gandaki Province,45,Nawalparasi (East of Bardaghat Susta),2,2511,13,16,FALSE,0.02,SLC
340899,Sashila Devkota,Woman,42,10/17/2040,Independent,Cup and plate,TRUE,4,Gandaki Province,45,Nawalparasi (East of Bardaghat Susta),2,2512,8,17,FALSE,0.01,???????? ?????????? ??
340600,Bhima Kumari Bhusal,Woman,43,3/25/2039,Independent,Camera,TRUE,4,Gandaki Province,45,Nawalparasi (East of Bardaghat Susta),2,2513,6,18,FALSE,0.01,Literate
340189,Sunil Lamsal,Male,35,6/18/2047,National Independence Party,Bell,FALSE,5,Lumbini Province,46,Rupandehi,1,2514,54845,1,TRUE,59.61,???????????? (?????)
341284,Hira Bahadur Khatri,Male,53,7/15/2029,Nepali Congress,Tree,FALSE,5,Lumbini Province,46,Rupandehi,1,2515,11982,2,FALSE,13.02,Unknown
339983,Prajwal Bohra,Male,49,8/2/2033,National Democratic Party,Plow,FALSE,5,Lumbini Province,46,Rupandehi,1,2516,8301,3,FALSE,9.02,SLC
342023,Dadhiram Neupane,Male,67,8/29/2015,Communist Party of Nepal (Unified Marxist-Leninist),Sun,FALSE,5,Lumbini Province,46,Rupandehi,1,2517,7488,4,FALSE,8.14,??.??.??.
341240,Ghanshyam Yadav Ahir,Male,56,1/2/2026,Nepali Communist Party,five-pointed star,FALSE,5,Lumbini Province,46,Rupandehi,1,2518,2198,5,FALSE,2.39,SLC
342706,Chhabilal Gurung,Male,49,8/15/2033,Labor Culture Party,The soil in Anjuli,FALSE,5,Lumbini Province,46,Rupandehi,1,2519,1824,6,FALSE,1.98,10
342455,Mohammad Aslam Khan,Male,36,1/5/2046,"Janata Samajwadi Party, Nepal",A tilted umbrella,FALSE,5,Lumbini Province,46,Rupandehi,1,2520,1242,7,FALSE,1.35,Plus 2 / Higher Secondary
339734,Dharma Bahadur K.C.,Male,49,7/8/2033,Independent,Chessgoti,TRUE,5,Lumbini Province,46,Rupandehi,1,2521,810,8,FALSE,0.88,??.??.
341156,Uma Shankar Prasad Chaudhary,Male,65,8/4/2017,"Civil Liberties Party, Nepal (single election symbol)",Millstone,FALSE,5,Lumbini Province,46,Rupandehi,1,2522,662,9,FALSE,0.72,Masters
340333,Jham Bahadur Gurung,Male,69,1/25/2013,National People's Liberation Party,Shaking hands,FALSE,5,Lumbini Province,46,Rupandehi,1,2523,545,10,FALSE,0.59,??.?
341636,Nilu Kumari Chaudhary,Woman,34,10/3/2048,Public opinion party,Loudspeaker,FALSE,5,Lumbini Province,46,Rupandehi,1,2524,416,11,FALSE,0.45,???????? ?????????? ????
339339,Shiv Bahadur Gurung,Male,60,4/2/2022,Mongol National Organization,Rooster,FALSE,5,Lumbini Province,46,Rupandehi,1,2525,402,12,FALSE,0.44,Unknown
342522,Badru Doja Fakir,Male,56,8/5/2026,Aam Janata Party (Single Election Symbol),Mobile,FALSE,5,Lumbini Province,46,Rupandehi,1,2526,248,13,FALSE,0.27,? ???
342616,Hazari Lal Mali,Male,57,10/12/2025,Communist Party of Nepal (Marxist) (Pushpalal),Gainti,FALSE,5,Lumbini Province,46,Rupandehi,1,2527,211,14,FALSE,0.23,Unknown
341763,Ram Chandra Bhattarai,Male,49,2/28/2033,Communist Party of Nepal (United),Sickle,FALSE,5,Lumbini Province,46,Rupandehi,1,2528,182,15,FALSE,0.2,??.??.??.
342669,Ashok Kumar Chaudhary,Male,46,6/17/2036,Ujjaya Nepal Party,A burning electric lamp,FALSE,5,Lumbini Province,46,Rupandehi,1,2529,176,16,FALSE,0.19,Bachelor
341840,Hari Bahadur K.C.,Male,55,2/3/2027,National People's Front,Glass,FALSE,5,Lumbini Province,46,Rupandehi,1,2530,166,17,FALSE,0.18,??.??.??.
340725,Madan Bahadur Tharu,Male,53,3/24/2029,Communist Party of Nepal (Maoist),A rose with two petals inside a circle.,FALSE,5,Lumbini Province,46,Rupandehi,1,2531,90,18,FALSE,0.1,Unknown
339502,Khil Bahadur Gaha,Male,54,3/19/2028,National Republic of Nepal,Flying bee,FALSE,5,Lumbini Province,46,Rupandehi,1,2532,64,19,FALSE,0.07,? ???
342644,Shri Bahadur Kuwar,Male,54,10/5/2028,Progressive Democratic Party,Single open eye,FALSE,5,Lumbini Province,46,Rupandehi,1,2533,33,20,FALSE,0.04,PhD
342716,Dina Nath Khanal,Male,42,9/11/2040,Independent,Triangle,TRUE,5,Lumbini Province,46,Rupandehi,1,2534,31,21,FALSE,0.03,Certificate Level
342578,Keshav Aryal,Male,37,8/15/2045,Independent,Ascot,TRUE,5,Lumbini Province,46,Rupandehi,1,2535,13,22,FALSE,0.01,Bachelor
341528,Govinda Pangeni,Male,37,3/5/2045,Independent,Bag,TRUE,5,Lumbini Province,46,Rupandehi,1,2536,12,23,FALSE,0.01,??.??.
339411,Him Lal Pandey,Male,37,4/28/2045,Nepal Labor Farmers Party,Model,FALSE,5,Lumbini Province,46,Rupandehi,1,2537,9,24,FALSE,0.01,Unknown
339763,Shankar Khatri,Male,55,3/6/2027,Independent,Pumpkin,TRUE,5,Lumbini Province,46,Rupandehi,1,2538,9,25,FALSE,0.01,Unknown
342361,Sachin V.K.,Male,31,5/8/2051,Independent,Camera,TRUE,5,Lumbini Province,46,Rupandehi,1,2539,9,26,FALSE,0.01,Plus 2 / Higher Secondary
341338,Maqsood Ali,Male,51,10/5/2031,Independent,Mango,TRUE,5,Lumbini Province,46,Rupandehi,1,2540,7,27,FALSE,0.01,??.?.
342265,Maheshwar Bhandari,Male,34,6/28/2048,Independent,Jeep,TRUE,5,Lumbini Province,46,Rupandehi,1,2541,7,28,FALSE,0.01,Plus 2 / Higher Secondary
342413,Sea Officer,Male,30,1/10/2052,Independent,Eyeglass,TRUE,5,Lumbini Province,46,Rupandehi,1,2542,7,29,FALSE,0.01,Plus 2 / Higher Secondary
342726,Tek Bahadur V.K,Male,38,10/5/2044,Independent,Round,TRUE,5,Lumbini Province,46,Rupandehi,1,2543,6,30,FALSE,0.01,10
339635,Gita Sapkota,Woman,44,10/29/2038,Independent,Ink,TRUE,5,Lumbini Province,46,Rupandehi,1,2544,5,31,FALSE,0.01,Bachelor
341184,Sulabh Kharel,Male,28,5/27/2054,National Independence Party,Bell,FALSE,5,Lumbini Province,46,Rupandehi,2,2545,56550,1,TRUE,67.31,??????????
340782,Vishnu Prasad Poudel,Male,66,8/15/2016,Communist Party of Nepal (Unified Marxist-Leninist),Sun,FALSE,5,Lumbini Province,46,Rupandehi,2,2546,12861,2,FALSE,15.31,Unknown
340486,Chunna Prasad Sharma,Male,60,3/21/2022,Nepali Congress,Tree,FALSE,5,Lumbini Province,46,Rupandehi,2,2547,9392,3,FALSE,11.18,Literate
340047,Shubash Pandey,Male,39,6/12/2043,Nepali Communist Party,five-pointed star,FALSE,5,Lumbini Province,46,Rupandehi,2,2548,1409,4,FALSE,1.68,Bachelor
339802,Bhim Bahadur Gautam,Male,54,7/10/2028,Labor Culture Party,The soil in Anjuli,FALSE,5,Lumbini Province,46,Rupandehi,2,2549,1336,5,FALSE,1.59,SLC
340028,Keshav Bahadur Thapa Magar,Male,55,1/27/2027,National People's Liberation Party,Shaking hands,FALSE,5,Lumbini Province,46,Rupandehi,2,2550,831,6,FALSE,0.99,Masters
339839,Sanjesh Kumar Thapa,Male,44,8/6/2038,Independent,Chessgoti,TRUE,5,Lumbini Province,46,Rupandehi,2,2551,359,7,FALSE,0.43,12
339305,Thamman Bahadur Budha Magar,Male,39,2/27/2043,National Republic of Nepal,Flying bee,FALSE,5,Lumbini Province,46,Rupandehi,2,2552,219,8,FALSE,0.26,????????????
342314,Suraj Pandey,Male,40,3/12/2042,Ujjaya Nepal Party,A burning electric lamp,FALSE,5,Lumbini Province,46,Rupandehi,2,2553,187,9,FALSE,0.22,Masters
340470,Rook Bahadur Parajuli,Male,74,9/19/2008,National People's Front,Glass,FALSE,5,Lumbini Province,46,Rupandehi,2,2554,177,10,FALSE,0.21,9
340006,Virendra V.K,Male,35,3/18/2047,Communist Party of Nepal (Maoist),A rose with two petals inside a circle.,FALSE,5,Lumbini Province,46,Rupandehi,2,2555,154,11,FALSE,0.18,Bachelor
339435,Narayan Prasad Nagila,Male,50,6/23/2032,Progressive Democratic Party,Single open eye,FALSE,5,Lumbini Province,46,Rupandehi,2,2556,100,12,FALSE,0.12,Bachelor
340361,Deepak Gurung,Male,44,2/11/2038,"Janata Samajwadi Party, Nepal",A tilted umbrella,FALSE,5,Lumbini Province,46,Rupandehi,2,2557,84,13,FALSE,0.1,SLC
341741,Shiv Prithi Damai,Male,31,2/6/2051,United Citizens Party,Guitar,FALSE,5,Lumbini Province,46,Rupandehi,2,2558,71,14,FALSE,0.08,Bachelor
342553,Ramesh Lodh,Male,31,11/28/2050,Public opinion party,Loudspeaker,FALSE,5,Lumbini Province,46,Rupandehi,2,2559,64,15,FALSE,0.08,Plus 2 / Higher Secondary
339319,Chandra Kumari Gurung,Woman,46,10/10/2036,Mongol National Organization,Rooster,FALSE,5,Lumbini Province,46,Rupandehi,2,2560,49,16,FALSE,0.06,SLC
340072,Sita Sahni,Woman,46,5/9/2036,Independent,Triangle,TRUE,5,Lumbini Province,46,Rupandehi,2,2561,39,17,FALSE,0.05,8
340928,Kamal Bhusal,Male,32,11/12/2050,Nepal Janasewa Party,White and black shoes,FALSE,5,Lumbini Province,46,Rupandehi,2,2562,25,18,FALSE,0.03,??????????
339309,Roshina Banjo,Woman,48,6/1/2034,Nepal Labor Farmers Party,Model,FALSE,5,Lumbini Province,46,Rupandehi,2,2563,22,19,FALSE,0.03,SLC
341947,Leela Singh Rana,Male,67,5/15/2015,Independent,Mango,TRUE,5,Lumbini Province,46,Rupandehi,2,2564,20,20,FALSE,0.02,Bachelor
340706,Raju Poudel,Male,34,11/1/2048,Nepali Janata Dal,Whistle,FALSE,5,Lumbini Province,46,Rupandehi,2,2565,14,21,FALSE,0.02,Bachelor
339682,Devendra Bahadur Khatri,Male,41,8/14/2041,Inclusive Socialist Party,Srivatsa is a symbol of prosperity.,FALSE,5,Lumbini Province,46,Rupandehi,2,2566,12,22,FALSE,0.01,12
339467,Sushila Pulami,Woman,44,7/25/2038,Independent,Round,TRUE,5,Lumbini Province,46,Rupandehi,2,2567,10,23,FALSE,0.01,Bachelor
340749,Sandeep Poudel,Male,27,1/4/2055,Independent,Cable car,TRUE,5,Lumbini Province,46,Rupandehi,2,2568,6,24,FALSE,0.01,master
340819,Bel Bahadur Karki,Male,78,6/15/2004,Independent,Rickshaw,TRUE,5,Lumbini Province,46,Rupandehi,2,2569,4,25,FALSE,0,Unknown
341891,Keshav Tandon,Male,51,2/8/2031,Independent,Spray,TRUE,5,Lumbini Province,46,Rupandehi,2,2570,3,26,FALSE,0,SLC
339480,Gokul Prasad Pandey,Male,32,5/15/2050,Independent,Headphones,TRUE,5,Lumbini Province,46,Rupandehi,2,2571,3,27,FALSE,0,Bachelor
339644,Raj Kumar Bhattarai,Male,42,9/29/2040,Independent,Contract,TRUE,5,Lumbini Province,46,Rupandehi,2,2572,3,28,FALSE,0,Plus 2 / Higher Secondary
340852,Kamala Shah,Woman,52,5/19/2030,Independent,Calculator,TRUE,5,Lumbini Province,46,Rupandehi,2,2573,2,29,FALSE,0,Unknown
339512,Bhanubhakta Bhandari,Male,58,1/4/2024,Independent,Helmet,TRUE,5,Lumbini Province,46,Rupandehi,2,2574,2,30,FALSE,0,7
340095,Sita Kunwar,Woman,50,5/30/2032,Independent,Syringe,TRUE,5,Lumbini Province,46,Rupandehi,2,2575,2,31,FALSE,0,Plus 2 / Higher Secondary
342231,Usha Bhattarai,Woman,50,5/21/2032,Independent,Cymbal,TRUE,5,Lumbini Province,46,Rupandehi,2,2576,1,32,FALSE,0,under slc
340155,Kamala Bohra,Woman,47,5/7/2035,Independent,Scissors,TRUE,5,Lumbini Province,46,Rupandehi,2,2577,1,33,FALSE,0,SLC
339495,Madhusudan Panthi,Male,54,1/15/2028,Independent,Gas stove,TRUE,5,Lumbini Province,46,Rupandehi,2,2578,1,34,FALSE,0,Plus 2 / Higher Secondary
340723,Tika Bahadur Chhetri,Male,43,5/27/2039,Independent,Camera,TRUE,5,Lumbini Province,46,Rupandehi,2,2579,0,35,FALSE,0,SLC
340132,Dilip Kumar Goldsmith,Male,50,8/25/2032,Independent,Stool,TRUE,5,Lumbini Province,46,Rupandehi,2,2580,0,36,FALSE,0,SLC
339600,Bal Krishna Gyawali,Male,48,7/24/2034,Independent,Cap,TRUE,5,Lumbini Province,46,Rupandehi,2,2581,0,37,FALSE,0,SLC
340082,Bimala Bhattarai,Woman,45,4/20/2037,Independent,Cup and plate,TRUE,5,Lumbini Province,46,Rupandehi,2,2582,0,38,FALSE,0,10
342024,Vishnu Prasad Vasyal,Male,56,6/27/2026,Independent,Pressure cooker,TRUE,5,Lumbini Province,46,Rupandehi,2,2583,0,39,FALSE,0,SLC
339605,Dr. Lekhjung Thapa,Male,48,5/1/2034,National Independence Party,Bell,FALSE,5,Lumbini Province,46,Rupandehi,3,2584,58814,1,TRUE,65.78,D.M.
340885,Sushil Gurung,Male,47,1/1/2035,Nepali Congress,Tree,FALSE,5,Lumbini Province,46,Rupandehi,3,2585,8435,2,FALSE,9.43,Masters
339880,Basu Dev Ghimire,Male,58,10/13/2024,Communist Party of Nepal (Unified Marxist-Leninist),Sun,FALSE,5,Lumbini Province,46,Rupandehi,3,2586,8275,3,FALSE,9.25,Bachelor
340936,Gaurab Bohra,Male,49,6/24/2033,National Democratic Party,Plow,FALSE,5,Lumbini Province,46,Rupandehi,3,2587,7789,4,FALSE,8.71,ATPL
340336,Faiz Ahmed Khan,Male,55,1/4/2027,Nepali Communist Party,five-pointed star,FALSE,5,Lumbini Province,46,Rupandehi,3,2588,2594,5,FALSE,2.9,SLC
340973,Nanda Kumari Thapa,Woman,44,7/9/2038,"Civil Liberties Party, Nepal (single election symbol)",Millstone,FALSE,5,Lumbini Province,46,Rupandehi,3,2589,750,6,FALSE,0.84,Plus 2 / Higher Secondary
340021,Jeet Bahadur Gupta,Male,43,1/15/2039,Independent,Chessgoti,TRUE,5,Lumbini Province,46,Rupandehi,3,2590,601,7,FALSE,0.67,MA Economics
340142,Vishal Gupta,Male,32,4/28/2050,Public opinion party,Loudspeaker,FALSE,5,Lumbini Province,46,Rupandehi,3,2591,429,8,FALSE,0.48,Plus 2 / Higher Secondary
340230,Mojeeb Ali Muslim,Male,42,7/13/2040,National People's Liberation Party,Shaking hands,FALSE,5,Lumbini Province,46,Rupandehi,3,2592,417,9,FALSE,0.47,Plus 2 / Higher Secondary
341047,Saroj Singh Chaudhary,Male,43,5/18/2039,Ujjaya Nepal Party,A burning electric lamp,FALSE,5,Lumbini Province,46,Rupandehi,3,2593,206,10,FALSE,0.23,BDS
339517,Badre Alam Muslim,Male,69,7/28/2013,National People's Front,Glass,FALSE,5,Lumbini Province,46,Rupandehi,3,2594,195,11,FALSE,0.22,Bachelor
339803,Srinivas Yadav,Male,43,8/25/2039,"Janata Samajwadi Party, Nepal",A tilted umbrella,FALSE,5,Lumbini Province,46,Rupandehi,3,2595,104,12,FALSE,0.12,Plus 2 / Higher Secondary
341004,Shankar Prasad Gyawali,Male,64,7/13/2018,Communist Party of Nepal (Maoist),A rose with two petals inside a circle.,FALSE,5,Lumbini Province,46,Rupandehi,3,2596,104,13,FALSE,0.12,SLC
340049,Mohan Thapa,Male,42,4/25/2040,National Republic of Nepal,Flying bee,FALSE,5,Lumbini Province,46,Rupandehi,3,2597,78,14,FALSE,0.09,8
341647,Raju Gaudel,Male,44,12/30/2037,Communist Party of Nepal (United),Sickle,FALSE,5,Lumbini Province,46,Rupandehi,3,2598,74,15,FALSE,0.08,Plus 2 / Higher Secondary
340283,Radheshyam Teli Gupta,Male,48,5/25/2034,Aam Janata Party (Single Election Symbol),Mobile,FALSE,5,Lumbini Province,46,Rupandehi,3,2599,68,16,FALSE,0.08,SLC
339399,Gopal Bhandari,Male,43,3/13/2039,Independent,Triangle,TRUE,5,Lumbini Province,46,Rupandehi,3,2600,59,17,FALSE,0.07,????
339473,Kulveer Gharti Magar,Male,51,1/16/2031,Mongol National Organization,Rooster,FALSE,5,Lumbini Province,46,Rupandehi,3,2601,55,18,FALSE,0.06,SLC
341851,Mahendra Yadav,Male,50,3/15/2032,Independent,Mango,TRUE,5,Lumbini Province,46,Rupandehi,3,2602,48,19,FALSE,0.05,Literate
339761,Khyamananda Bhusal,Male,41,5/7/2041,Independent,Badminton Cork,TRUE,5,Lumbini Province,46,Rupandehi,3,2603,47,20,FALSE,0.05,8 pass
340734,Govinda Prasad Karakheti,Male,59,8/12/2023,Progressive Democratic Party,Single open eye,FALSE,5,Lumbini Province,46,Rupandehi,3,2604,46,21,FALSE,0.05,M.ED.
341671,Nawab Muslim,Male,44,9/21/2038,Independent,Jeep,TRUE,5,Lumbini Province,46,Rupandehi,3,2605,41,22,FALSE,0.05,??????
340783,Durga Lal Sharma,Male,62,12/19/2019,Independent,Cable car,TRUE,5,Lumbini Province,46,Rupandehi,3,2606,36,23,FALSE,0.04,M.BA.
339427,Sugrim Chai,Male,27,10/5/2055,Nepal Labor Farmers Party,Model,FALSE,5,Lumbini Province,46,Rupandehi,3,2607,26,24,FALSE,0.03,Plus 2 / Higher Secondary
340456,Sachin Rana,Male,47,4/12/2035,Independent,Drum set,TRUE,5,Lumbini Province,46,Rupandehi,3,2608,25,25,FALSE,0.03,SLC
339830,Gyan Prasad Bhurtel,Male,71,11/27/2010,Independent,Wandering around,TRUE,5,Lumbini Province,46,Rupandehi,3,2609,17,26,FALSE,0.02,???????
339560,Anjana Chaudhary Thapa,Woman,32,5/5/2050,Independent,Cauliflower,TRUE,5,Lumbini Province,46,Rupandehi,3,2610,14,27,FALSE,0.02,Plus 2 / Higher Secondary
340170,Mohammad Murtaza Shah,Male,32,10/14/2050,Independent,Conch worm,TRUE,5,Lumbini Province,46,Rupandehi,3,2611,13,28,FALSE,0.01,SLC
340537,Karam Hussain Khan,Male,27,9/25/2055,Independent,Scissors,TRUE,5,Lumbini Province,46,Rupandehi,3,2612,9,29,FALSE,0.01,Plus 2 / Higher Secondary
340841,Thakur Adhikari,Male,53,7/10/2029,Independent,Round,TRUE,5,Lumbini Province,46,Rupandehi,3,2613,9,30,FALSE,0.01,Bachelor
340408,Tejindra Malla,Male,57,1/28/2025,Independent,Fan,TRUE,5,Lumbini Province,46,Rupandehi,3,2614,8,31,FALSE,0.01,SLC
339899,Dhan Bahadur Basnet,Male,46,7/15/2036,Independent,Syringe,TRUE,5,Lumbini Province,46,Rupandehi,3,2615,8,32,FALSE,0.01,SLC
341444,Vishnu Bahadur Rana,Male,43,11/15/2039,Independent,Box,TRUE,5,Lumbini Province,46,Rupandehi,3,2616,7,33,FALSE,0.01,Literate
339982,Deepak Bahadur Darji,Male,46,10/22/2036,Independent,Cap,TRUE,5,Lumbini Province,46,Rupandehi,3,2617,5,34,FALSE,0.01,10
341996,Lal Wahadur Rana,Male,42,11/5/2040,Gandhian Party Nepal,Sheep,FALSE,5,Lumbini Province,46,Rupandehi,3,2618,4,35,FALSE,0,Plus 2 / Higher Secondary
341144,Jumrati Dhunia Muslim,Male,51,5/20/2031,Independent,Ascot,TRUE,5,Lumbini Province,46,Rupandehi,3,2619,4,36,FALSE,0,???????
342471,Kanhaiya Baniya,Male,36,6/8/2046,National Independence Party,Bell,FALSE,5,Lumbini Province,46,Rupandehi,4,2620,28066,1,TRUE,38.96,Masters
341739,Pramod Kumar Yadav,Male,46,1/1/2036,Communist Party of Nepal (Unified Marxist-Leninist),Sun,FALSE,5,Lumbini Province,46,Rupandehi,4,2621,20262,2,FALSE,28.13,Bachelor
341570,Ashutosh Mishra,Male,47,9/23/2035,Nepali Congress,Tree,FALSE,5,Lumbini Province,46,Rupandehi,4,2622,15613,3,FALSE,21.67,Masters
340055,Sarvendra Nath Shukla,Male,76,9/15/2006,"Janata Samajwadi Party, Nepal",A tilted umbrella,FALSE,5,Lumbini Province,46,Rupandehi,4,2623,3410,4,FALSE,4.73,Bachelor of Medical Engineering
340743,Bhopendra Prasad Yadav,Male,40,5/19/2042,Public opinion party,Loudspeaker,FALSE,5,Lumbini Province,46,Rupandehi,4,2624,2077,5,FALSE,2.88,Masters
339973,Ahmeddin Muslim,Male,49,5/15/2033,National Democratic Party,Plow,FALSE,5,Lumbini Province,46,Rupandehi,4,2625,926,6,FALSE,1.29,Bachelor
342071,Vishwa Nath Sharma,Male,45,9/13/2037,Independent,Trophy,TRUE,5,Lumbini Province,46,Rupandehi,4,2626,479,7,FALSE,0.66,Plus 2 / Higher Secondary
340958,Babu Lal Yadav,Male,65,3/24/2017,Nepali Communist Party,five-pointed star,FALSE,5,Lumbini Province,46,Rupandehi,4,2627,440,8,FALSE,0.61,Bachelor
342294,Vishnu Prasad Tiwari,Male,69,10/17/2013,Communist Party of Nepal (Maoist),A rose with two petals inside a circle.,FALSE,5,Lumbini Province,46,Rupandehi,4,2628,224,9,FALSE,0.31,?? ?????
341653,Jung Bahadur Yadav,Male,53,1/15/2029,Nepal Janata Party,Lotus flower,FALSE,5,Lumbini Province,46,Rupandehi,4,2629,207,10,FALSE,0.29,"S.L.C., C.M.A."
342338,Jyoti Thapa,Woman,47,1/17/2035,Aam Janata Party (Single Election Symbol),Mobile,FALSE,5,Lumbini Province,46,Rupandehi,4,2630,76,11,FALSE,0.11,SLC
342125,Juthe Damai,Male,49,9/12/2033,Labor Culture Party,The soil in Anjuli,FALSE,5,Lumbini Province,46,Rupandehi,4,2631,47,12,FALSE,0.07,SLC
341390,Karna Bahadur Gurung,Male,57,9/5/2025,Mongol National Organization,Rooster,FALSE,5,Lumbini Province,46,Rupandehi,4,2632,36,13,FALSE,0.05,SLC
339696,Kamal Koju,Woman,50,10/11/2032,Nepal Labor Farmers Party,Model,FALSE,5,Lumbini Province,46,Rupandehi,4,2633,28,14,FALSE,0.04,SLC
340120,Ramesh Kurmi,Male,45,3/11/2037,Independent,Wandering around,TRUE,5,Lumbini Province,46,Rupandehi,4,2634,28,15,FALSE,0.04,Literate
341843,Radhe Shyam Vania,Male,37,1/1/2045,Independent,Jeep,TRUE,5,Lumbini Province,46,Rupandehi,4,2635,24,16,FALSE,0.03,?? ???
341484,Fadindra Tiwari,Male,43,2/28/2039,Communist Party of Nepal (United),Sickle,FALSE,5,Lumbini Province,46,Rupandehi,4,2636,23,17,FALSE,0.03,?? ?????
342214,Mohammad Arif Muslim Khan,Male,34,11/18/2048,Independent,Ink,TRUE,5,Lumbini Province,46,Rupandehi,4,2637,19,18,FALSE,0.03,SLC
340497,Sudarshan Ahir,Male,56,9/1/2026,National People's Liberation Party,Shaking hands,FALSE,5,Lumbini Province,46,Rupandehi,4,2638,17,19,FALSE,0.02,Literate
342175,Vinay Kumar Chaudhary,Male,29,3/7/2053,Independent,Mango,TRUE,5,Lumbini Province,46,Rupandehi,4,2639,16,20,FALSE,0.02,BBA
340184,Court Chai,Male,68,2/1/2014,Independent,Cauliflower,TRUE,5,Lumbini Province,46,Rupandehi,4,2640,12,21,FALSE,0.02,Literate
341010,Sasikala Pandey,Woman,35,7/29/2047,Independent,Calculator,TRUE,5,Lumbini Province,46,Rupandehi,4,2641,8,22,FALSE,0.01,???????? ??
341416,Taufiq Ahmad Khan,Male,38,6/15/2044,National Independence Party,Bell,FALSE,5,Lumbini Province,46,Rupandehi,5,2642,38806,1,TRUE,49.23,MBA
341218,Khim Lal Bhattarai,Male,55,1/15/2027,Communist Party of Nepal (Unified Marxist-Leninist),Sun,FALSE,5,Lumbini Province,46,Rupandehi,5,2643,13100,2,FALSE,16.62,M.A./B.L
340937,Bharat Kumar Shah,Male,71,4/11/2011,Nepali Congress,Tree,FALSE,5,Lumbini Province,46,Rupandehi,5,2644,12624,3,FALSE,16.02,????????????
340165,Muhammad Wakil Muslim,Male,57,1/2/2025,Nepali Communist Party,five-pointed star,FALSE,5,Lumbini Province,46,Rupandehi,5,2645,6176,4,FALSE,7.84,SLC pass
342054,Om Prakash Yadav,Male,45,1/14/2037,Public opinion party,Loudspeaker,FALSE,5,Lumbini Province,46,Rupandehi,5,2646,3109,5,FALSE,3.94,Bachelor
339992,Min Prasad Ghimire,Male,67,1/13/2015,National Democratic Party,Plow,FALSE,5,Lumbini Province,46,Rupandehi,5,2647,1654,6,FALSE,2.1,10+2 pass
342289,Shivlal Vishwakarma,Male,41,7/21/2041,Labor Culture Party,The soil in Anjuli,FALSE,5,Lumbini Province,46,Rupandehi,5,2648,1369,7,FALSE,1.74,Literate
339491,Sunil Chaudhary Tharu,Male,31,5/7/2051,Progressive Democratic Party,Single open eye,FALSE,5,Lumbini Province,46,Rupandehi,5,2649,535,8,FALSE,0.68,10+2 pass
341914,Keshav Bhattarai,Male,36,9/8/2046,Ujjaya Nepal Party,A burning electric lamp,FALSE,5,Lumbini Province,46,Rupandehi,5,2650,354,9,FALSE,0.45,???????????? LLM
342146,Vishnu Prasad Bhattarai,Male,50,10/10/2032,Communist Party of Nepal (Maoist),A rose with two petals inside a circle.,FALSE,5,Lumbini Province,46,Rupandehi,5,2651,296,10,FALSE,0.38,SLC
339887,Jayeshwar Regmi,Male,74,3/8/2008,National People's Front,Glass,FALSE,5,Lumbini Province,46,Rupandehi,5,2652,171,11,FALSE,0.22,10+2 pass
340214,Muhammad Baheed Fakir,Male,44,4/20/2038,"Janata Samajwadi Party, Nepal",A tilted umbrella,FALSE,5,Lumbini Province,46,Rupandehi,5,2653,136,12,FALSE,0.17,??????? ?????
341983,Keshu Raskoti Magar,Woman,39,11/22/2042,National Republic of Nepal,Flying bee,FALSE,5,Lumbini Province,46,Rupandehi,5,2654,131,13,FALSE,0.17,10+2 pass
342099,Chanda Thapa,Woman,47,1/11/2035,National People's Liberation Party,Shaking hands,FALSE,5,Lumbini Province,46,Rupandehi,5,2655,70,14,FALSE,0.09,10 pass
341360,Birendra Kumar Dhovi,Male,42,3/20/2040,"Civil Liberties Party, Nepal (single election symbol)",Millstone,FALSE,5,Lumbini Province,46,Rupandehi,5,2656,61,15,FALSE,0.08,8 pass
342428,Raju is the best,Male,31,8/2/2051,Nepal Janasewa Party,White and black shoes,FALSE,5,Lumbini Province,46,Rupandehi,5,2657,50,16,FALSE,0.06,10+2 pass
340089,Jagilal Thapa,Male,44,3/4/2038,Nepal Labor Farmers Party,Model,FALSE,5,Lumbini Province,46,Rupandehi,5,2658,46,17,FALSE,0.06,???????????? ??
342503,Khem Prasad Gurung,Male,59,11/18/2023,Aam Janata Party (Single Election Symbol),Mobile,FALSE,5,Lumbini Province,46,Rupandehi,5,2659,37,18,FALSE,0.05,???????
340754,Jai Narayan Kafle,Male,81,1/16/2001,Independent,Contract,TRUE,5,Lumbini Province,46,Rupandehi,5,2660,22,19,FALSE,0.03,Literate
341780,Jagdish Yadav,Male,37,8/12/2045,Independent,Petrol pump,TRUE,5,Lumbini Province,46,Rupandehi,5,2661,18,20,FALSE,0.02,12 pass
341608,Indra Bahadur Nepali,Male,64,7/22/2018,Mongol National Organization,Rooster,FALSE,5,Lumbini Province,46,Rupandehi,5,2662,14,21,FALSE,0.02,slc pass
339340,Basant Kumar Yadav,Male,25,4/10/2057,Independent,Panda,TRUE,5,Lumbini Province,46,Rupandehi,5,2663,10,22,FALSE,0.01,10+2 pass
342378,Shakil Ahmed Khan,Male,42,10/27/2040,Independent,Scissors,TRUE,5,Lumbini Province,46,Rupandehi,5,2664,10,23,FALSE,0.01,???????
342026,Basanti Chamar,Woman,61,3/15/2021,Independent,Syringe,TRUE,5,Lumbini Province,46,Rupandehi,5,2665,9,24,FALSE,0.01,??????? ??????
341105,Laxman Bahadur Nepal,Male,56,8/4/2026,Independent,Mango,TRUE,5,Lumbini Province,46,Rupandehi,5,2666,9,25,FALSE,0.01,Literate
339557,Vikram Prasad Yadav,Male,56,6/1/2026,Independent,Camera,TRUE,5,Lumbini Province,46,Rupandehi,5,2667,5,26,FALSE,0.01,SLC pass
339721,Dhirendra Prasad Chaudhary,Male,43,5/5/2039,Independent,Coconut,TRUE,5,Lumbini Province,46,Rupandehi,5,2668,3,27,FALSE,0,SLC pass
341902,Mohan Lal Acharya,Male,53,6/8/2029,National Independence Party,Bell,FALSE,5,Lumbini Province,47,Kapilvastu,1,2669,34148,1,TRUE,40.1,??????????
340638,Ashish Sharma,Male,46,2/15/2036,Independent,Jeep,TRUE,5,Lumbini Province,47,Kapilvastu,1,2670,15860,2,FALSE,18.62,Bachelor
341670,Athar Kamal Muslim,Male,55,1/28/2027,Nepali Congress,Tree,FALSE,5,Lumbini Province,47,Kapilvastu,1,2671,14582,3,FALSE,17.12,ISc
339507,Vishram Prasad Chaudhary,Male,58,4/2/2024,Communist Party of Nepal (Unified Marxist-Leninist),Sun,FALSE,5,Lumbini Province,47,Kapilvastu,1,2672,7981,4,FALSE,9.37,?? ?
340308,Krishna Bahadur Kunwar,Male,55,4/15/2027,Nepali Communist Party,five-pointed star,FALSE,5,Lumbini Province,47,Kapilvastu,1,2673,4616,5,FALSE,5.42,IA
340807,Shatrughan Bilas Singh Kurmi,Male,48,1/1/2034,National Democratic Party,Plow,FALSE,5,Lumbini Province,47,Kapilvastu,1,2674,2127,6,FALSE,2.5,SLC
341391,Narendra Prasad Chaudhary,Male,55,4/2/2027,Public opinion party,Loudspeaker,FALSE,5,Lumbini Province,47,Kapilvastu,1,2675,1889,7,FALSE,2.22,BE electricals
342656,Babbu Singh Yadav,Male,30,9/15/2052,"Janata Samajwadi Party, Nepal",A tilted umbrella,FALSE,5,Lumbini Province,47,Kapilvastu,1,2676,1485,8,FALSE,1.74,Plus 2 / Higher Secondary
341475,Daroga Prasad Kurmi,Male,67,9/7/2015,Labor Culture Party,The soil in Anjuli,FALSE,5,Lumbini Province,47,Kapilvastu,1,2677,439,9,FALSE,0.52,"?? ????, ?????? (???)"
341295,Bhaggu Prasad Chaudhary Tharu,Male,56,8/30/2026,"Civil Liberties Party, Nepal (single election symbol)",Millstone,FALSE,5,Lumbini Province,47,Kapilvastu,1,2678,332,10,FALSE,0.39,SLC
342707,Nisar Ahmed Muslim,Male,40,12/15/2041,Nation Building Party Nepal,Water bottle inside a circle,FALSE,5,Lumbini Province,47,Kapilvastu,1,2679,304,11,FALSE,0.36,Below SLC
339416,Sangh Prasad Tharu,Male,56,2/15/2026,Communist Party of Nepal (Maoist),A rose with two petals inside a circle.,FALSE,5,Lumbini Province,47,Kapilvastu,1,2680,294,12,FALSE,0.35,SLC
342490,Madhav Bhat,Male,45,11/20/2037,National People's Front,Glass,FALSE,5,Lumbini Province,47,Kapilvastu,1,2681,243,13,FALSE,0.29,SLC
342238,Jaywant Vikram Shah,Male,66,1/1/2016,"National Liberation Movement, Nepal",Hexagon,FALSE,5,Lumbini Province,47,Kapilvastu,1,2682,203,14,FALSE,0.24,????? ??
342082,Manoj Kumar Shukla,Male,36,1/29/2046,Nepal Janata Party,Lotus flower,FALSE,5,Lumbini Province,47,Kapilvastu,1,2683,89,15,FALSE,0.1,SLC
339894,Muslims who cannot say where the emperor is,Woman,37,1/6/2045,Independent,Pressure cooker,TRUE,5,Lumbini Province,47,Kapilvastu,1,2684,89,16,FALSE,0.1,Unknown
342468,Abdullah Muslim,Male,42,5/22/2040,National People's Party,Bulldozer,FALSE,5,Lumbini Province,47,Kapilvastu,1,2685,69,17,FALSE,0.08,?? ?????
340440,Shankar Bhatkshetri,Male,43,7/23/2039,Independent,Box,TRUE,5,Lumbini Province,47,Kapilvastu,1,2686,53,18,FALSE,0.06,SLC
341502,Ram Gopal Kurmi,Male,61,5/8/2021,Independent,Rickshaw,TRUE,5,Lumbini Province,47,Kapilvastu,1,2687,47,19,FALSE,0.06,Literate
342268,Surendra Kumar Shukla,Male,50,7/15/2032,Independent,Harmonium,TRUE,5,Lumbini Province,47,Kapilvastu,1,2688,47,20,FALSE,0.06,???
342741,Keshar Bahadur Suryavanshi,Male,43,3/14/2039,Mongol National Organization,Rooster,FALSE,5,Lumbini Province,47,Kapilvastu,1,2689,40,21,FALSE,0.05,Unknown
340997,Narendra Bahadur Welbase,Male,59,1/24/2023,Independent,Fan,TRUE,5,Lumbini Province,47,Kapilvastu,1,2690,38,22,FALSE,0.04,SLC
341867,Kalyan Tandon,Male,48,9/3/2034,Independent,Triangle,TRUE,5,Lumbini Province,47,Kapilvastu,1,2691,34,23,FALSE,0.04,Plus 2 / Higher Secondary
342608,Robin Karki,Male,29,7/24/2053,Nepal Janasewa Party,White and black shoes,FALSE,5,Lumbini Province,47,Kapilvastu,1,2692,27,24,FALSE,0.03,Plus 2 / Higher Secondary
340519,Numa B.A.,Woman,40,3/14/2042,National People's Liberation Party,Shaking hands,FALSE,5,Lumbini Province,47,Kapilvastu,1,2693,24,25,FALSE,0.03,SLC
339965,Shiv Bahadur Darzi,Male,37,6/10/2045,Aam Janata Party (Single Election Symbol),Mobile,FALSE,5,Lumbini Province,47,Kapilvastu,1,2694,22,26,FALSE,0.03,???????? ??????????
342416,Prakash Bhusal,Male,45,2/21/2037,Independent,Syringe,TRUE,5,Lumbini Province,47,Kapilvastu,1,2695,20,27,FALSE,0.02,???
342717,Dharmender Pasi,Male,36,12/17/2045,Independent,Hazari,TRUE,5,Lumbini Province,47,Kapilvastu,1,2696,16,28,FALSE,0.02,Plus 2 / Higher Secondary
340713,Chandra Kumar Bahai,Male,29,4/29/2053,Independent,Water filter,TRUE,5,Lumbini Province,47,Kapilvastu,1,2697,13,29,FALSE,0.02,???? ???????? ??
340876,Buddhi Nath Pokharel,Male,47,8/5/2035,Independent,Cap,TRUE,5,Lumbini Province,47,Kapilvastu,1,2698,8,30,FALSE,0.01,Bachelor
341960,Surya Prasad Baral,Male,52,10/13/2030,Independent,Round,TRUE,5,Lumbini Province,47,Kapilvastu,1,2699,8,31,FALSE,0.01,SLC
342583,Abdul Rehman -,Male,45,5/10/2037,Independent,Scissors,TRUE,5,Lumbini Province,47,Kapilvastu,1,2700,5,32,FALSE,0.01,??? ?????
341330,Ram Narayan Tharu,Male,53,5/3/2029,Independent,Stool,TRUE,5,Lumbini Province,47,Kapilvastu,1,2701,5,33,FALSE,0.01,SLC
339658,Madhav Prasad Khanal (Teacher),Male,57,5/10/2025,Independent,Mango,TRUE,5,Lumbini Province,47,Kapilvastu,1,2702,4,34,FALSE,0,SLC
341561,Vikram Thapa,Male,63,12/6/2018,National Independence Party,Bell,FALSE,5,Lumbini Province,47,Kapilvastu,2,2703,27635,1,TRUE,34.51,??.??.??.
340820,Surendra Raj Acharya,Male,67,1/1/2015,Nepali Congress,Tree,FALSE,5,Lumbini Province,47,Kapilvastu,2,2704,21527,2,FALSE,26.88,Bachelor
339730,Brijesh Kumar Gupta,Male,55,8/18/2027,Nepali Communist Party,five-pointed star,FALSE,5,Lumbini Province,47,Kapilvastu,2,2705,20482,3,FALSE,25.58,??.??.??.???????????
341146,Durga Narayan Pandey,Male,63,5/25/2019,Communist Party of Nepal (Unified Marxist-Leninist),Sun,FALSE,5,Lumbini Province,47,Kapilvastu,2,2706,7357,4,FALSE,9.19,??.?.??.
339828,Vishnu Prasad Bhandari,Male,46,2/15/2036,National Democratic Party,Plow,FALSE,5,Lumbini Province,47,Kapilvastu,2,2707,1181,5,FALSE,1.47,??????????
341678,Murli Kurmi,Male,65,4/17/2017,Public opinion party,Loudspeaker,FALSE,5,Lumbini Province,47,Kapilvastu,2,2708,381,6,FALSE,0.48,??.??.??.?.??
340210,Ram Chandra Kori,Male,48,1/1/2034,Sovereign Citizens Party,A 24-knuckle wheel inside a dark blue circle,FALSE,5,Lumbini Province,47,Kapilvastu,2,2709,344,7,FALSE,0.43,Plus 2 / Higher Secondary
341051,Abdul Ghaffar Ansari,Male,34,8/28/2048,Independent,Syringe,TRUE,5,Lumbini Province,47,Kapilvastu,2,2710,221,8,FALSE,0.28,Plus 2 / Higher Secondary
339580,Raj Mangal Tharu,Male,54,12/2/2027,Communist Party of Nepal (Maoist),A rose with two petals inside a circle.,FALSE,5,Lumbini Province,47,Kapilvastu,2,2711,194,9,FALSE,0.24,????? slc
341451,Ram Newas Yadav,Male,49,3/2/2033,"Janata Samajwadi Party, Nepal",A tilted umbrella,FALSE,5,Lumbini Province,47,Kapilvastu,2,2712,114,10,FALSE,0.14,SLC
341501,Arun Tiwari,Male,31,11/5/2051,Independent,Helmet,TRUE,5,Lumbini Province,47,Kapilvastu,2,2713,103,11,FALSE,0.13,Plus 2 / Higher Secondary
340615,Lakshmi Kumari Mandari,Woman,54,1/10/2028,National People's Front,Glass,FALSE,5,Lumbini Province,47,Kapilvastu,2,2714,102,12,FALSE,0.13,???? ????? ???
342344,Sesha Narayan Shukla,Male,34,4/23/2048,Nepal Janata Party,Lotus flower,FALSE,5,Lumbini Province,47,Kapilvastu,2,2715,82,13,FALSE,0.1,Plus 2 / Higher Secondary
340774,Jamvanti Bhuj,Woman,44,4/20/2038,National Liberation Party Nepal (single election symbol),Millstone,FALSE,5,Lumbini Province,47,Kapilvastu,2,2716,78,14,FALSE,0.1,SLC
340377,Buddhi Bahadur Saru Thapa,Male,63,11/16/2019,National Republic of Nepal,Flying bee,FALSE,5,Lumbini Province,47,Kapilvastu,2,2717,42,15,FALSE,0.05,????? 10
341972,Pin Bahadur Darzi,Male,39,11/13/2043,Mongol National Organization,Rooster,FALSE,5,Lumbini Province,47,Kapilvastu,2,2718,41,16,FALSE,0.05,SLC
340053,Sartaj Ahmed Mu,Male,32,10/24/2050,Independent,Water jar,TRUE,5,Lumbini Province,47,Kapilvastu,2,2719,37,17,FALSE,0.05,SLC
340903,Ram Prasad Passi,Male,76,7/14/2006,National People's Party,Bulldozer,FALSE,5,Lumbini Province,47,Kapilvastu,2,2720,28,18,FALSE,0.03,SLC
342273,Suman Giri,Male,30,5/13/2052,Nepal Janasewa Party,White and black shoes,FALSE,5,Lumbini Province,47,Kapilvastu,2,2721,27,19,FALSE,0.03,Plus 2 / Higher Secondary
342185,Prem Bahadur V.K,Male,40,1/7/2042,Aam Janata Party (Single Election Symbol),Mobile,FALSE,5,Lumbini Province,47,Kapilvastu,2,2722,21,20,FALSE,0.03,Bachelor
340701,Vijay Nanda Chauve,Male,62,12/10/2019,Independent,Cymbal,TRUE,5,Lumbini Province,47,Kapilvastu,2,2723,21,21,FALSE,0.03,??.?.??.
340260,Ram Prasad Poudel,Male,46,3/14/2036,Independent,Triangle,TRUE,5,Lumbini Province,47,Kapilvastu,2,2724,15,22,FALSE,0.02,SLC
340427,Tomnath Kurmi,Male,42,10/25/2040,Independent,Round,TRUE,5,Lumbini Province,47,Kapilvastu,2,2725,14,23,FALSE,0.02,?????
339969,Rakesh Kurmi,Male,48,9/15/2034,Independent,Stool,TRUE,5,Lumbini Province,47,Kapilvastu,2,2726,9,24,FALSE,0.01,Plus 2 / Higher Secondary
340300,Tara Prasad Adhikari,Male,54,5/21/2028,Independent,Scissors,TRUE,5,Lumbini Province,47,Kapilvastu,2,2727,7,25,FALSE,0.01,SLC
341198,Krishna Chandra Pasi,Male,48,3/25/2034,Independent,Kangaroo,TRUE,5,Lumbini Province,47,Kapilvastu,2,2728,5,26,FALSE,0.01,??.?.
339898,Mahesh Kurmi,Male,38,7/15/2044,Independent,Cup and plate,TRUE,5,Lumbini Province,47,Kapilvastu,2,2729,4,27,FALSE,0,SLC
340492,Ibrahim Pathan,Male,50,2/13/2032,Independent,Pressure cooker,TRUE,5,Lumbini Province,47,Kapilvastu,2,2730,3,28,FALSE,0,Literate
341266,Abhishek Pratap Shah,Male,43,6/19/2039,Nepali Congress,Tree,FALSE,5,Lumbini Province,47,Kapilvastu,3,2731,23535,1,TRUE,34.02,Unknown
341989,Prakash Rajouria,Male,52,3/30/2030,National Independence Party,Bell,FALSE,5,Lumbini Province,47,Kapilvastu,3,2732,18890,2,FALSE,27.3,?????? ??
342305,Birendra Kumar Kanodia,Male,66,7/3/2016,Communist Party of Nepal (Unified Marxist-Leninist),Sun,FALSE,5,Lumbini Province,47,Kapilvastu,3,2733,14763,3,FALSE,21.34,BA LLB
340136,Ishwar Dayal Mishra,Male,59,2023-02-29,National Liberation Party Nepal (single election symbol),Millstone,FALSE,5,Lumbini Province,47,Kapilvastu,3,2734,5017,4,FALSE,7.25,??????? ??
342060,Ehsan Ahmed Khan,Male,62,4/24/2020,Nepali Communist Party,five-pointed star,FALSE,5,Lumbini Province,47,Kapilvastu,3,2735,4251,5,FALSE,6.14,???????? ?????? ????? ????? ??????
340342,Vinod Luitel,Male,33,7/5/2049,Communist Party of Nepal (Maoist),A rose with two petals inside a circle.,FALSE,5,Lumbini Province,47,Kapilvastu,3,2736,572,6,FALSE,0.83,?????? ??
342652,Prem Shankar Shukla,Male,46,1/15/2036,National Democratic Party,Plow,FALSE,5,Lumbini Province,47,Kapilvastu,3,2737,536,7,FALSE,0.77,SLC
342690,Ishwar Kumar Raut,Male,51,3/13/2031,Public opinion party,Loudspeaker,FALSE,5,Lumbini Province,47,Kapilvastu,3,2738,339,8,FALSE,0.49,Plus 2 / Higher Secondary
340846,eat wait,Male,52,9/11/2030,Independent,Chessgoti,TRUE,5,Lumbini Province,47,Kapilvastu,3,2739,332,9,FALSE,0.48,Plus 2 / Higher Secondary
339663,Ker Singh Adai,Male,52,7/2/2030,National People's Front,Glass,FALSE,5,Lumbini Province,47,Kapilvastu,3,2740,267,10,FALSE,0.39,SLC
342434,Jogi Puri Gosai,Male,57,1/1/2025,Nepal Janata Party,Lotus flower,FALSE,5,Lumbini Province,47,Kapilvastu,3,2741,254,11,FALSE,0.37,Below SLC
342770,Hari Om Tulsyan,Male,55,5/10/2027,Independent,Tire,TRUE,5,Lumbini Province,47,Kapilvastu,3,2742,71,12,FALSE,0.1,Unknown
342596,Mohammad Rafiq Mian,Male,41,6/9/2041,Aam Janata Party (Single Election Symbol),Mobile,FALSE,5,Lumbini Province,47,Kapilvastu,3,2743,47,13,FALSE,0.07,Unknown
341777,Durga Prasad Upadhyay,Male,40,12/29/2041,Independent,Badminton Cork,TRUE,5,Lumbini Province,47,Kapilvastu,3,2744,46,14,FALSE,0.07,Unknown
342683,Alahuddin Darzi,Male,61,9/15/2021,Bahujan Shakti Party,Foundation,FALSE,5,Lumbini Province,47,Kapilvastu,3,2745,45,15,FALSE,0.07,Unknown
342791,Anand Prakash Yadav,Male,34,10/10/2048,Independent,Triangle,TRUE,5,Lumbini Province,47,Kapilvastu,3,2746,34,16,FALSE,0.05,Unknown
340222,Chinta Bahadur Darzi,Male,38,2/2/2044,Independent,Camera,TRUE,5,Lumbini Province,47,Kapilvastu,3,2747,29,17,FALSE,0.04,Certificate Level
342767,Baal Kisun Murau (Maurya),Male,53,1/28/2029,Independent,Fan,TRUE,5,Lumbini Province,47,Kapilvastu,3,2748,15,18,FALSE,0.02,Unknown
340391,Buddhisagar Shukla,Male,66,4/1/2016,Independent,Cable car,TRUE,5,Lumbini Province,47,Kapilvastu,3,2749,13,19,FALSE,0.02,??????? ??
340954,Sharves Pandey,Male,30,8/16/2052,Independent,Pressure cooker,TRUE,5,Lumbini Province,47,Kapilvastu,3,2750,13,20,FALSE,0.02,Plus 2 / Higher Secondary
342727,Sugrim Lonia,Male,33,2/5/2049,Independent,Gambling,TRUE,5,Lumbini Province,47,Kapilvastu,3,2751,12,21,FALSE,0.02,SLC
342704,Abdulhamid Vel,Male,70,10/17/2012,Independent,Saw,TRUE,5,Lumbini Province,47,Kapilvastu,3,2752,11,22,FALSE,0.02,Unknown
342755,Maksud Mian,Male,67,1/10/2015,Independent,Jeep,TRUE,5,Lumbini Province,47,Kapilvastu,3,2753,11,23,FALSE,0.02,SLC
339772,Ashok Kumar Yadav,Male,42,12/6/2039,"People's Democratic Party, Nepal",Buffalo,FALSE,5,Lumbini Province,47,Kapilvastu,3,2754,10,24,FALSE,0.01,Bachelor
342776,Nurul Qamar Khan,Male,57,5/15/2025,Independent,Mango,TRUE,5,Lumbini Province,47,Kapilvastu,3,2755,10,25,FALSE,0.01,Plus 2 / Higher Secondary
342732,Balji Prasad Yadav,Male,49,5/9/2033,Independent,Helmet,TRUE,5,Lumbini Province,47,Kapilvastu,3,2756,10,26,FALSE,0.01,Plus 2 / Higher Secondary
342394,Krishna Kumar Upadhyay,Male,46,7/27/2036,Independent,Cup and plate,TRUE,5,Lumbini Province,47,Kapilvastu,3,2757,9,27,FALSE,0.01,Unknown
342759,Tharq Bahadur Khangaha,Male,50,8/10/2032,Independent,Bag,TRUE,5,Lumbini Province,47,Kapilvastu,3,2758,9,28,FALSE,0.01,Unknown
342762,Manish Kumar Kanodia,Male,48,5/10/2034,Independent,Telescope,TRUE,5,Lumbini Province,47,Kapilvastu,3,2759,9,29,FALSE,0.01,Unknown
342781,Pankaj Kumar Chaudhary,Male,26,12/21/2055,Independent,Petrol pump,TRUE,5,Lumbini Province,47,Kapilvastu,3,2760,7,30,FALSE,0.01,Unknown
342509,Now Ram Niwas,Male,53,1/10/2029,Independent,Tea table,TRUE,5,Lumbini Province,47,Kapilvastu,3,2761,7,31,FALSE,0.01,SLC
341474,Hariram Teli,Male,59,2/10/2023,Independent,Syringe,TRUE,5,Lumbini Province,47,Kapilvastu,3,2762,4,32,FALSE,0.01,5
342772,Ausaf Ahmed Khan,Male,37,4/19/2045,Independent,Stool,TRUE,5,Lumbini Province,47,Kapilvastu,3,2763,2,33,FALSE,0,Unknown
342347,Manoj Kumar Chaturvedi,Male,39,11/16/2043,Independent,Scissors,TRUE,5,Lumbini Province,47,Kapilvastu,3,2764,2,34,FALSE,0,Unknown
341059,God Dayal Mishra,Male,53,9/1/2029,Independent,Box,TRUE,5,Lumbini Province,47,Kapilvastu,3,2765,1,35,FALSE,0,????????
340639,Hariram Prasad Yadav,Male,55,6/15/2027,Independent,Rickshaw,TRUE,5,Lumbini Province,47,Kapilvastu,3,2766,1,36,FALSE,0,Plus 2 / Higher Secondary
342128,Yogesh Gauchan Thakali,Male,32,1/27/2050,Nepali Congress,Tree,FALSE,4,Gandaki Province,48,Mustang,1,2767,3307,1,TRUE,52.65,???????????
339737,Indra Dhara Dadu Bista,Male,56,1/5/2026,Communist Party of Nepal (Unified Marxist-Leninist),Sun,FALSE,4,Gandaki Province,48,Mustang,1,2768,1806,2,FALSE,28.75,?? ???
342245,Aditiyya Chandra Thakali,Male,39,12/19/2042,National Independence Party,Bell,FALSE,4,Gandaki Province,48,Mustang,1,2769,759,3,FALSE,12.08,????????????
340370,Kamala Lalchan,Woman,60,12/18/2021,National Democratic Party,Plow,FALSE,4,Gandaki Province,48,Mustang,1,2770,161,4,FALSE,2.56,??.??
342284,Ngutuk Gurung,Male,61,2/17/2021,Nepali Communist Party,five-pointed star,FALSE,4,Gandaki Province,48,Mustang,1,2771,151,5,FALSE,2.4,????????
342199,Surendra Sherchan,Male,68,3/25/2014,Ujjaya Nepal Party,A burning electric lamp,FALSE,4,Gandaki Province,48,Mustang,1,2772,85,6,FALSE,1.35,???????????
340759,Ajay B.K.,Male,26,6/12/2056,Aam Janata Party (Single Election Symbol),Mobile,FALSE,4,Gandaki Province,48,Mustang,1,2773,9,7,FALSE,0.14,S.L.C pass
340107,Yama Bahadur Gurung,Male,44,4/21/2038,Mongol National Organization,Rooster,FALSE,4,Gandaki Province,48,Mustang,1,2774,3,8,FALSE,0.05,?? ???
339417,Mahavir Pun,Male,71,10/5/2011,Independent,Triangle,TRUE,4,Gandaki Province,49,Myagdi,1,2775,22850,1,TRUE,52.94,Master Degree
339939,Harikrishna Shrestha,Male,60,5/2/2022,Communist Party of Nepal (Unified Marxist-Leninist),Sun,FALSE,4,Gandaki Province,49,Myagdi,1,2776,7919,2,FALSE,18.35,???????? ?????????? ??
339689,Karna Bahadur Bhandari,Male,57,1/9/2025,Nepali Congress,Tree,FALSE,4,Gandaki Province,49,Myagdi,1,2777,6676,3,FALSE,15.47,B.L.
340362,Arjun Bahadur Thapa,Male,41,12/28/2040,Nepali Communist Party,five-pointed star,FALSE,4,Gandaki Province,49,Myagdi,1,2778,3529,4,FALSE,8.18,Masters
341434,The prince stopped,Male,34,12/5/2047,National Independence Party,Bell,FALSE,4,Gandaki Province,49,Myagdi,1,2779,1530,5,FALSE,3.54,Plus 2 / Higher Secondary
339669,Dambar Bahadur Subedi,Male,40,1/16/2042,National Democratic Party,Plow,FALSE,4,Gandaki Province,49,Myagdi,1,2780,252,6,FALSE,0.58,Bachelor
341245,Kshetra Bahadur Ghimire,Male,48,11/7/2034,Communist Party of Nepal (Maoist),A rose with two petals inside a circle.,FALSE,4,Gandaki Province,49,Myagdi,1,2781,185,7,FALSE,0.43,???????? ?????????? ??
341348,Vinod Rana,Male,44,7/17/2038,Labor Culture Party,The soil in Anjuli,FALSE,4,Gandaki Province,49,Myagdi,1,2782,127,8,FALSE,0.29,???????? ?????????? ??
339877,Devendra Kami,Male,70,6/10/2012,Progressive Democratic Party,Single open eye,FALSE,4,Gandaki Province,49,Myagdi,1,2783,38,9,FALSE,0.09,Literate
342220,Tul Prasad Garbuja,Male,41,11/16/2041,National Republic of Nepal,Flying bee,FALSE,4,Gandaki Province,49,Myagdi,1,2784,27,10,FALSE,0.06,SLC
341729,Chhem Bahadur V.K,Male,51,12/26/2030,National People's Front,Glass,FALSE,4,Gandaki Province,49,Myagdi,1,2785,22,11,FALSE,0.05,Certificate Level
340702,Bhim Bahadur Lama,Male,52,5/8/2030,Mongol National Organization,Rooster,FALSE,4,Gandaki Province,49,Myagdi,1,2786,5,12,FALSE,0.01,Literate
339959,Sushil Khadka,Male,39,12/1/2042,National Independence Party,Bell,FALSE,4,Gandaki Province,50,Baglung,1,2787,20927,1,TRUE,44.47,??????????
340345,Bhim Bahadur Shris Rana,Male,51,6/8/2031,Nepali Congress,Tree,FALSE,4,Gandaki Province,50,Baglung,1,2788,11944,2,FALSE,25.38,??????????
340240,Hira Bahadur Khatri,Male,50,1/5/2032,Communist Party of Nepal (Unified Marxist-Leninist),Sun,FALSE,4,Gandaki Province,50,Baglung,1,2789,8640,3,FALSE,18.36,??????????
340394,Krishna Prasad Sharma Adhikari,Male,59,1/22/2023,National People's Front,Glass,FALSE,4,Gandaki Province,50,Baglung,1,2790,4521,4,FALSE,9.61,????????
339674,Kalyan Acharya,Male,31,5/6/2051,National Democratic Party,Plow,FALSE,4,Gandaki Province,50,Baglung,1,2791,523,5,FALSE,1.11,??????????
340705,Lal Bahadur Gharti,Male,45,6/19/2037,Labor Culture Party,The soil in Anjuli,FALSE,4,Gandaki Province,50,Baglung,1,2792,254,6,FALSE,0.54,?+2 ???
341152,Tech Wahadur K.C.,Male,58,2/28/2024,Communist Party of Nepal (Maoist),A rose with two petals inside a circle.,FALSE,4,Gandaki Province,50,Baglung,1,2793,80,7,FALSE,0.17,??.?.
340310,Chitra Prasad Sapkota,Male,57,12/28/2024,Progressive Democratic Party,Single open eye,FALSE,4,Gandaki Province,50,Baglung,1,2794,60,8,FALSE,0.13,10 ???
340423,Sahabir Thapa,Male,64,4/15/2018,National Republic of Nepal,Flying bee,FALSE,4,Gandaki Province,50,Baglung,1,2795,48,9,FALSE,0.1,Literate
339783,Guma Kumari Budha Rana Magar,Woman,35,8/8/2047,Mongol National Organization,Rooster,FALSE,4,Gandaki Province,50,Baglung,1,2796,40,10,FALSE,0.08,??.?.?
339532,Bhakta Bahadur B.A.,Male,60,3/9/2022,Nepal Humanist Party,Well,FALSE,4,Gandaki Province,50,Baglung,1,2797,24,11,FALSE,0.05,??????
342039,Som Sharma,Male,34,9/29/2048,National Independence Party,Bell,FALSE,4,Gandaki Province,50,Baglung,2,2798,12647,1,TRUE,28.34,Bachelor
341354,Tech Raj Poudel,Male,50,8/15/2032,Nepali Congress,Tree,FALSE,4,Gandaki Province,50,Baglung,2,2799,11868,2,FALSE,26.59,"M.A., Bad"
340813,Gyamnath Gaire,Male,45,2/5/2037,Nepali Communist Party,five-pointed star,FALSE,4,Gandaki Province,50,Baglung,2,2800,10709,3,FALSE,24,Plus 2 / Higher Secondary
340355,Manju Sharma,Woman,52,8/22/2030,Communist Party of Nepal (Unified Marxist-Leninist),Sun,FALSE,4,Gandaki Province,50,Baglung,2,2801,7864,4,FALSE,17.62,?????? ??
339424,Hark Bahadur Pun,Male,50,11/10/2032,Labor Culture Party,The soil in Anjuli,FALSE,4,Gandaki Province,50,Baglung,2,2802,564,5,FALSE,1.26,Masters
340893,Purna Bahadur Gharti Magar,Male,40,12/29/2041,Janata Samajwadi Party (single election symbol),Millstone,FALSE,4,Gandaki Province,50,Baglung,2,2803,315,6,FALSE,0.71,Unknown
340109,Zonal Shahi,Male,33,6/16/2049,National Democratic Party,Plow,FALSE,4,Gandaki Province,50,Baglung,2,2804,243,7,FALSE,0.54,Unknown
342353,Brave old man,Male,73,5/15/2009,National Republic of Nepal,Flying bee,FALSE,4,Gandaki Province,50,Baglung,2,2805,197,8,FALSE,0.44,Unknown
340978,Lokendra Ghimire,Male,40,6/22/2042,Communist Party of Nepal (Maoist),A rose with two petals inside a circle.,FALSE,4,Gandaki Province,50,Baglung,2,2806,79,9,FALSE,0.18,12
341592,Tech Prasad Kami,Male,59,9/24/2023,Nepal Humanist Party,Well,FALSE,4,Gandaki Province,50,Baglung,2,2807,76,10,FALSE,0.17,Unknown
341672,Padma Bahadur Kunwar,Male,40,4/17/2042,Progressive Democratic Party,Single open eye,FALSE,4,Gandaki Province,50,Baglung,2,2808,43,11,FALSE,0.1,SLC
341874,June Bahadur Thapa Magar,Male,52,1/11/2030,Mongol National Organization,Rooster,FALSE,4,Gandaki Province,50,Baglung,2,2809,21,12,FALSE,0.05,SLC
341279,Sagar Bhusal,Male,44,4/29/2038,National Independence Party,Bell,FALSE,4,Gandaki Province,51,Mountain,1,2810,26561,1,TRUE,42.02,SLC
340090,Arjun Prasad Joshi,Male,69,3/13/2013,Nepali Congress,Tree,FALSE,4,Gandaki Province,51,Mountain,1,2811,15954,2,FALSE,25.24,??.?.
339915,Padam Giri,Male,48,11/28/2033,Communist Party of Nepal (Unified Marxist-Leninist),Sun,FALSE,4,Gandaki Province,51,Mountain,1,2812,15075,3,FALSE,23.85,Masters
340410,Manhari Sharma,Male,41,3/2/2041,Nepali Communist Party,five-pointed star,FALSE,4,Gandaki Province,51,Mountain,1,2813,4557,4,FALSE,7.21,Masters
342048,Durga Bahadur Malla,Male,71,7/5/2011,National Democratic Party,Plow,FALSE,4,Gandaki Province,51,Mountain,1,2814,525,5,FALSE,0.83,Literate
341616,Yama Bahadur Chochangi again,Male,45,1/22/2037,Ujjaya Nepal Party,A burning electric lamp,FALSE,4,Gandaki Province,51,Mountain,1,2815,122,6,FALSE,0.19,10
342301,Krishna Bahadur Vs,Male,53,12/15/2028,Communist Party of Nepal (Maoist),A rose with two petals inside a circle.,FALSE,4,Gandaki Province,51,Mountain,1,2816,118,7,FALSE,0.19,?? ???
340697,Veer Bahadur Gurung,Male,43,4/10/2039,National Republic of Nepal,Flying bee,FALSE,4,Gandaki Province,51,Mountain,1,2817,98,8,FALSE,0.16,????????
339420,Bhimlal Neupane,Male,64,2/5/2018,National People's Front,Glass,FALSE,4,Gandaki Province,51,Mountain,1,2818,87,9,FALSE,0.14,??.??.
339547,Lal Kumari Thapa Rana,Woman,39,2/4/2043,Mongol National Organization,Rooster,FALSE,4,Gandaki Province,51,Mountain,1,2819,41,10,FALSE,0.06,+2 ???
342223,Maya Paija Pun Fakami Magar,Woman,44,10/15/2038,National People's Liberation Party,Shaking hands,FALSE,4,Gandaki Province,51,Mountain,1,2820,29,11,FALSE,0.05,SLC
339668,Mina Poudel (Sharma),Woman,42,1/15/2040,Independent,Saw,TRUE,4,Gandaki Province,51,Mountain,1,2821,8,12,FALSE,0.01,SLC
339754,Sita Debi Sharma,Woman,42,12/15/2039,Independent,Round,TRUE,4,Gandaki Province,51,Mountain,1,2822,8,13,FALSE,0.01,?????? ???
339486,Alina Suwal,Woman,51,2/23/2031,Nepal Labor Farmers Party,Model,FALSE,4,Gandaki Province,51,Mountain,1,2823,7,14,FALSE,0.01,Literate
341964,Pavitra Malla,Woman,42,9/5/2040,Aam Janata Party (Single Election Symbol),Mobile,FALSE,4,Gandaki Province,51,Mountain,1,2824,5,15,FALSE,0.01,????? ? ???
342363,Ganga Lal Rimal,Male,45,1/20/2037,Independent,Camera,TRUE,4,Gandaki Province,51,Mountain,1,2825,5,16,FALSE,0.01,Plus 2 / Higher Secondary
340012,Savitri Sharma,Woman,34,2/15/2048,Independent,Mango,TRUE,4,Gandaki Province,51,Mountain,1,2826,3,17,FALSE,0,Plus 2 / Higher Secondary
340050,Pushpa Kamal Dahal Prachanda,Male,70,8/26/2012,Nepali Communist Party,five-pointed star,FALSE,5,Lumbini Province,52,Rukum (Eastern part),1,2827,10240,1,TRUE,56.12,??.?????. (???)
341054,Auctioneer Gautam,Male,38,7/2/2044,Communist Party of Nepal (Unified Marxist-Leninist),Sun,FALSE,5,Lumbini Province,52,Rukum (Eastern part),1,2828,3462,2,FALSE,18.97,Masters
340912,Kusum Devi Thapa,Woman,53,5/29/2029,Nepali Congress,Tree,FALSE,5,Lumbini Province,52,Rukum (Eastern part),1,2829,3081,3,FALSE,16.89,Masters
341476,Lakhan Kumar Thapa,Male,48,6/10/2034,National Independence Party,Bell,FALSE,5,Lumbini Province,52,Rukum (Eastern part),1,2830,819,4,FALSE,4.49,??????? ?? ????????
340857,Sandeep Pun,Male,28,6/10/2054,Progressive Democratic Party,Single open eye,FALSE,5,Lumbini Province,52,Rukum (Eastern part),1,2831,203,5,FALSE,1.11,Bachelor
341576,Juddha Bahadur Budha Magar,Male,60,6/17/2022,Communist Party of Nepal (Maoist),A rose with two petals inside a circle.,FALSE,5,Lumbini Province,52,Rukum (Eastern part),1,2832,191,6,FALSE,1.05,SLC ??? (O ???? ? A ????)
340680,Roshan Shah,Male,30,7/8/2052,National Democratic Party,Plow,FALSE,5,Lumbini Province,52,Rukum (Eastern part),1,2833,82,7,FALSE,0.45,Plus 2 / Higher Secondary
339907,Jyoti Roka Magar,Woman,56,11/5/2026,Mongol National Organization,Rooster,FALSE,5,Lumbini Province,52,Rukum (Eastern part),1,2834,55,8,FALSE,0.3,Literate
339876,Dharma Kumar Budha,Male,40,11/16/2042,National Republic of Nepal,Flying bee,FALSE,5,Lumbini Province,52,Rukum (Eastern part),1,2835,51,9,FALSE,0.28,??.??.
339837,Chandra Prasad Shahi,Male,48,8/18/2034,National People's Front,Glass,FALSE,5,Lumbini Province,52,Rukum (Eastern part),1,2836,32,10,FALSE,0.18,? ?????
340135,Sir Bahadur Budha,Male,48,12/4/2033,Janata Samajwadi Party (single election symbol),Millstone,FALSE,5,Lumbini Province,52,Rukum (Eastern part),1,2837,30,11,FALSE,0.16,Literate
339842,Barshaman Pun,Male,54,2/18/2028,Nepali Communist Party,five-pointed star,FALSE,5,Lumbini Province,53,Rolpa,1,2838,27460,1,TRUE,41.84,Bachelor
340258,Sudan Kumar Wali,Male,34,10/5/2048,Nepali Congress,Tree,FALSE,5,Lumbini Province,53,Rolpa,1,2839,12008,2,FALSE,18.3,????????????
340366,Balram Thapa,Male,38,6/9/2044,National Independence Party,Bell,FALSE,5,Lumbini Province,53,Rolpa,1,2840,10894,3,FALSE,16.6,??????????? (???????? ???????)
340139,Gokul Prasad Gharti,Male,52,1/12/2030,Communist Party of Nepal (Unified Marxist-Leninist),Sun,FALSE,5,Lumbini Province,53,Rolpa,1,2841,9933,4,FALSE,15.13,Masters
340542,Chudamani Wali,Male,58,2/21/2024,Communist Party of Nepal (Maoist),A rose with two petals inside a circle.,FALSE,5,Lumbini Province,53,Rolpa,1,2842,3714,5,FALSE,5.66,???? (I.com)
339371,Ammar Bahadur Thapa Chhetri,Male,75,2/15/2007,National Democratic Party,Plow,FALSE,5,Lumbini Province,53,Rolpa,1,2843,846,6,FALSE,1.29,? ????? ???
339920,Mekh Bahadur Bista,Male,50,3/15/2032,National People's Front,Glass,FALSE,5,Lumbini Province,53,Rolpa,1,2844,318,7,FALSE,0.48,??? ???
340633,Man Bahadur Gharti Magar,Male,29,5/28/2053,National Republic of Nepal,Flying bee,FALSE,5,Lumbini Province,53,Rolpa,1,2845,279,8,FALSE,0.43,Plus 2 / Higher Secondary
339728,Kumar Gharti Magar,Male,53,6/14/2029,Mongol National Organization,Rooster,FALSE,5,Lumbini Province,53,Rolpa,1,2846,118,9,FALSE,0.18,10
341540,Dil Bahadur Kami,Male,50,2/20/2032,Aam Janata Party (Single Election Symbol),Mobile,FALSE,5,Lumbini Province,53,Rolpa,1,2847,62,10,FALSE,0.09,10
340722,Sushant Vedic,Male,31,2/18/2051,National Independence Party,Bell,FALSE,5,Lumbini Province,54,Pyuthan,1,2848,27469,1,TRUE,33.85,Masters
340321,Dr. Govinda Raj Pokharel,Male,59,10/6/2023,Nepali Congress,Tree,FALSE,5,Lumbini Province,54,Pyuthan,1,2849,18338,2,FALSE,22.6,??.??.??.
340629,Surya Bahadur Thapa Chhetri,Male,51,4/8/2031,Communist Party of Nepal (Unified Marxist-Leninist),Sun,FALSE,5,Lumbini Province,54,Pyuthan,1,2850,16710,3,FALSE,20.59,??.???.?????? (????????)
341108,Krishna Dhwaj Khadka,Male,62,5/6/2020,Nepali Communist Party,five-pointed star,FALSE,5,Lumbini Province,54,Pyuthan,1,2851,9074,4,FALSE,11.18,Bachelor
339673,Tilak Bahadur G.C,Male,59,1/7/2023,National People's Front,Glass,FALSE,5,Lumbini Province,54,Pyuthan,1,2852,7654,5,FALSE,9.43,??.??.
340455,Govinda Giri,Male,52,1/1/2030,Labor Culture Party,The soil in Anjuli,FALSE,5,Lumbini Province,54,Pyuthan,1,2853,594,6,FALSE,0.73,??.?.
341421,Sita V.K.,Woman,45,8/5/2037,Communist Party of Nepal (Maoist),A rose with two petals inside a circle.,FALSE,5,Lumbini Province,54,Pyuthan,1,2854,501,7,FALSE,0.62,?? ???
340097,Dhaneshwar Pandit,Male,32,7/5/2050,National Democratic Party,Plow,FALSE,5,Lumbini Province,54,Pyuthan,1,2855,415,8,FALSE,0.51,??.?.
340251,Tara Sin Thapa Magar,Male,32,1/5/2050,National Republic of Nepal,Flying bee,FALSE,5,Lumbini Province,54,Pyuthan,1,2856,94,9,FALSE,0.12,SLC
341332,Hark Bahadur Pun,Male,36,1/14/2046,Mongol National Organization,Rooster,FALSE,5,Lumbini Province,54,Pyuthan,1,2857,81,10,FALSE,0.1,8
339847,Bimal Prasad Pokharel,Male,43,3/21/2039,Nepali Janata Dal,Whistle,FALSE,5,Lumbini Province,54,Pyuthan,1,2858,78,11,FALSE,0.1,Masters
340174,Shyam Lal Gahatraj,Male,36,7/30/2046,Progressive Democratic Party,Single open eye,FALSE,5,Lumbini Province,54,Pyuthan,1,2859,50,12,FALSE,0.06,Bachelor
339950,Nabin Kumar Kakshapati,Male,44,2/24/2038,Communist Party of Nepal (United),Sickle,FALSE,5,Lumbini Province,54,Pyuthan,1,2860,45,13,FALSE,0.06,SLC
342040,Rom Bahadur Thapa Magar,Male,45,8/8/2037,Aam Janata Party (Single Election Symbol),Mobile,FALSE,5,Lumbini Province,54,Pyuthan,1,2861,43,14,FALSE,0.05,? ???
340418,Ramesh Kumar Mall,Male,47,10/28/2035,Nepali Communist Party,five-pointed star,FALSE,6,Karnali Province,55,Salyan,1,2862,23189,1,TRUE,29.09,????????????
341381,Lalit Kumar Chand,Male,42,4/15/2040,National Independence Party,Bell,FALSE,6,Karnali Province,55,Salyan,1,2863,20904,2,FALSE,26.23,Bachelor
340714,Kesh Bahadur Bista,Male,57,4/6/2025,Nepali Congress,Tree,FALSE,6,Karnali Province,55,Salyan,1,2864,17558,3,FALSE,22.03,??.??.
340058,Gulaw Jung Shah,Male,60,1/3/2022,Communist Party of Nepal (Unified Marxist-Leninist),Sun,FALSE,6,Karnali Province,55,Salyan,1,2865,15373,4,FALSE,19.29,Unknown
339456,Chandra Bahadur Khadka,Male,48,11/22/2033,Communist Party of Nepal (Maoist),A rose with two petals inside a circle.,FALSE,6,Karnali Province,55,Salyan,1,2866,943,5,FALSE,1.18,SLC
339548,Anisha Nepali,Woman,32,9/12/2050,National Democratic Party,Plow,FALSE,6,Karnali Province,55,Salyan,1,2867,902,6,FALSE,1.13,Bachelor
339851,Dilli Bahadur Gharti,Male,51,3/17/2031,National Republic of Nepal,Flying bee,FALSE,6,Karnali Province,55,Salyan,1,2868,222,7,FALSE,0.28,Plus 2 / Higher Secondary
341825,Dhan Bahadur Budhamagar,Male,53,1/8/2029,Labor Culture Party,The soil in Anjuli,FALSE,6,Karnali Province,55,Salyan,1,2869,150,8,FALSE,0.19,Unknown
340745,Dhruva Raj Wali,Male,31,5/1/2051,Independent,Pressure cooker,TRUE,6,Karnali Province,55,Salyan,1,2870,120,9,FALSE,0.15,????????????
341136,Kamala Dangi,Woman,31,2/15/2051,National People's Front,Glass,FALSE,6,Karnali Province,55,Salyan,1,2871,119,10,FALSE,0.15,Plus 2 / Higher Secondary
341071,Kalidasa V.K.,Male,32,9/8/2050,United Citizens Party,Guitar,FALSE,6,Karnali Province,55,Salyan,1,2872,99,11,FALSE,0.12,Unknown
339423,Lal Bahadur Thapa Chhetri,Male,51,5/3/2031,Nepal Labor Farmers Party,Model,FALSE,6,Karnali Province,55,Salyan,1,2873,66,12,FALSE,0.08,?????? ??
341684,Bala Singh Gharti,Male,60,5/17/2022,Mongol National Organization,Rooster,FALSE,6,Karnali Province,55,Salyan,1,2874,52,13,FALSE,0.07,Unknown
340768,Juddha Bahadur Singh,Male,30,9/9/2052,Independent,Calculator,TRUE,6,Karnali Province,55,Salyan,1,2875,12,14,FALSE,0.02,??.??.??.
342029,Devraj Pathak,Male,60,11/13/2022,National Independence Party,Bell,FALSE,5,Lumbini Province,56,Dang,1,2876,42602,1,TRUE,55.77,??.?.
340084,Yogendra Chaudhary,Male,51,3/9/2031,Nepali Congress,Tree,FALSE,5,Lumbini Province,56,Dang,1,2877,15280,2,FALSE,20,???????????
341371,Revathiraman Sharma Ghimire,Male,68,9/26/2014,Communist Party of Nepal (Unified Marxist-Leninist),Sun,FALSE,5,Lumbini Province,56,Dang,1,2878,6825,3,FALSE,8.93,???????????
340523,Metmani Chaudhary,Male,52,12/10/2029,Nepali Communist Party,five-pointed star,FALSE,5,Lumbini Province,56,Dang,1,2879,4965,4,FALSE,6.5,MA Economics MA Political Science
339978,Prakash Shahi,Male,40,4/20/2042,Communist Party of Nepal (Maoist),A rose with two petals inside a circle.,FALSE,5,Lumbini Province,56,Dang,1,2880,1472,5,FALSE,1.93,??.???.
340883,Kul Prasad K.C,Male,55,10/10/2027,Independent,Mango,TRUE,5,Lumbini Province,56,Dang,1,2881,1384,6,FALSE,1.81,?? ?
339934,Vinay V.C.,Male,32,12/7/2049,National Democratic Party,Plow,FALSE,5,Lumbini Province,56,Dang,1,2882,1292,7,FALSE,1.69,Masters
339538,Ganesh Prasad Acharya,Male,44,10/5/2038,National People's Front,Glass,FALSE,5,Lumbini Province,56,Dang,1,2883,1077,8,FALSE,1.41,Bachelor
340995,Malik Ram Yadav,Male,69,11/15/2013,Independent,Chessgoti,TRUE,5,Lumbini Province,56,Dang,1,2884,1008,9,FALSE,1.32,?? ?? ??
339688,Min Bahadur Thedi Magar,Male,48,11/7/2034,National Republic of Nepal,Flying bee,FALSE,5,Lumbini Province,56,Dang,1,2885,193,10,FALSE,0.25,10
339398,Khum Bahadur Gaha Magar,Male,46,6/15/2036,Mongol National Organization,Rooster,FALSE,5,Lumbini Province,56,Dang,1,2886,141,11,FALSE,0.18,2
342628,Bharatlal Chaudhary,Male,47,6/9/2035,"Janata Samajwadi Party, Nepal",A tilted umbrella,FALSE,5,Lumbini Province,56,Dang,1,2887,81,12,FALSE,0.11,SLC
342558,Sitaram Yadav,Male,50,2/14/2032,Aam Janata Party (Single Election Symbol),Mobile,FALSE,5,Lumbini Province,56,Dang,1,2888,48,13,FALSE,0.06,??????
341668,Ranjit Chaudhary,Male,32,9/6/2050,National Change Party,Flute,FALSE,5,Lumbini Province,56,Dang,1,2889,21,14,FALSE,0.03,2
340655,Vipin Kumar Acharya,Male,39,10/29/2043,National Independence Party,Bell,FALSE,5,Lumbini Province,56,Dang,2,2890,43559,1,TRUE,54.83,Masters
339760,Shankar Pokhrel,Male,63,11/15/2019,Communist Party of Nepal (Unified Marxist-Leninist),Sun,FALSE,5,Lumbini Province,56,Dang,2,2891,15287,2,FALSE,19.24,MBA
340365,Kiran Kishore Ghimire,Male,63,7/30/2019,Nepali Congress,Tree,FALSE,5,Lumbini Province,56,Dang,2,2892,11558,3,FALSE,14.55,Masters
340137,Nirmal Acharya,Male,49,3/15/2033,Nepali Communist Party,five-pointed star,FALSE,5,Lumbini Province,56,Dang,2,2893,7083,4,FALSE,8.92,Masters
341072,Rishi Kesh Pokhrel,Male,53,5/4/2029,National Democratic Party,Plow,FALSE,5,Lumbini Province,56,Dang,2,2894,760,5,FALSE,0.96,Masters
339631,Ammar Bahadur Budha,Male,51,1/1/2031,Mongol National Organization,Rooster,FALSE,5,Lumbini Province,56,Dang,2,2895,557,6,FALSE,0.7,10
339716,Maniram Khanal,Male,50,8/13/2032,National People's Front,Glass,FALSE,5,Lumbini Province,56,Dang,2,2896,226,7,FALSE,0.28,SLC
340223,Jitan Pun,Male,48,4/12/2034,National Republic of Nepal,Flying bee,FALSE,5,Lumbini Province,56,Dang,2,2897,92,8,FALSE,0.12,10
340976,symbol officer,Male,26,12/12/2055,Progressive Democratic Party,Single open eye,FALSE,5,Lumbini Province,56,Dang,2,2898,74,9,FALSE,0.09,Bachelor
340844,Rabindra Higher Nepali,Male,55,5/3/2027,National People's Liberation Party,Shaking hands,FALSE,5,Lumbini Province,56,Dang,2,2899,41,10,FALSE,0.05,SLC
339916,Padam Prasad Pandey,Male,52,11/2/2030,Independent,Triangle,TRUE,5,Lumbini Province,56,Dang,2,2900,32,11,FALSE,0.04,SLC
342481,Dhundiraj Thapa,Male,38,5/5/2044,"Janata Samajwadi Party, Nepal",A tilted umbrella,FALSE,5,Lumbini Province,56,Dang,2,2901,31,12,FALSE,0.04,8
340703,Dharmaraj Sharma,Male,46,7/10/2036,Independent,Rickshaw,TRUE,5,Lumbini Province,56,Dang,2,2902,31,13,FALSE,0.04,12
342529,Jharendra Bahadur Khatri,Male,45,2/5/2037,"Civil Liberties Party, Nepal (single election symbol)",Millstone,FALSE,5,Lumbini Province,56,Dang,2,2903,28,14,FALSE,0.04,SLC
339442,Naveen Kumar Shahi,Male,49,12/8/2032,Nepal Labor Farmers Party,Model,FALSE,5,Lumbini Province,56,Dang,2,2904,21,15,FALSE,0.03,Plus 2 / Higher Secondary
339654,Vishnu Kumari Bhusal,Woman,44,9/10/2038,Independent,Mango,TRUE,5,Lumbini Province,56,Dang,2,2905,11,16,FALSE,0.01,I.ED.
341153,Rekh Bahadur Pun Magar,Male,34,2/3/2048,Friendship Party Nepal,Horse,FALSE,5,Lumbini Province,56,Dang,2,2906,9,17,FALSE,0.01,SLC
339686,Kalpana Lama,Woman,36,10/18/2046,Independent,Mouse,TRUE,5,Lumbini Province,56,Dang,2,2907,9,18,FALSE,0.01,SLC
339577,Balaram Poudel,Male,43,2/10/2039,Independent,Cap,TRUE,5,Lumbini Province,56,Dang,2,2908,9,19,FALSE,0.01,SLC
342055,Krishna Bahadur Sunar,Male,50,1/9/2032,Aam Janata Party (Single Election Symbol),Mobile,FALSE,5,Lumbini Province,56,Dang,2,2909,7,20,FALSE,0.01,SLC
342354,Lal Bahadur Khatri,Male,53,9/30/2029,Independent,Pressure cooker,TRUE,5,Lumbini Province,56,Dang,2,2910,7,21,FALSE,0.01,SLC
341202,Bishnu Bikram Sen Wali,Male,29,12/2/2052,Independent,Frog,TRUE,5,Lumbini Province,56,Dang,2,2911,4,22,FALSE,0.01,Plus 2 / Higher Secondary
341518,Sameer Wali,Male,30,11/12/2052,Independent,Calculator,TRUE,5,Lumbini Province,56,Dang,2,2912,4,23,FALSE,0.01,Bachelor
339501,Kamal Subedi,Male,38,12/28/2043,National Independence Party,Bell,FALSE,5,Lumbini Province,56,Dang,3,2913,44248,1,TRUE,52.15,??.?. (??????????????)
341200,Deepak Giri,Male,63,12/20/2018,Nepali Congress,Tree,FALSE,5,Lumbini Province,56,Dang,3,2914,16453,2,FALSE,19.39,??.?.
340401,Ghanshyam Pandey,Male,52,5/8/2030,Communist Party of Nepal (Unified Marxist-Leninist),Sun,FALSE,5,Lumbini Province,56,Dang,3,2915,12195,3,FALSE,14.37,"MA, LLB, BSC"
340151,Dhan Bahadur Maski,Male,49,7/12/2033,Nepali Communist Party,five-pointed star,FALSE,5,Lumbini Province,56,Dang,3,2916,9328,4,FALSE,10.99,??.?.
340349,Damodar Bhandari,Male,57,7/5/2025,National Democratic Party,Plow,FALSE,5,Lumbini Province,56,Dang,3,2917,1057,5,FALSE,1.25,B.Com ???
339745,Bal Bahadur Oli,Male,69,6/1/2013,Communist Party of Nepal (Maoist),A rose with two petals inside a circle.,FALSE,5,Lumbini Province,56,Dang,3,2918,425,6,FALSE,0.5,? ????? ???
339637,Top Bahadur Mahatara,Male,54,3/2/2028,Labor Culture Party,The soil in Anjuli,FALSE,5,Lumbini Province,56,Dang,3,2919,227,7,FALSE,0.27,Unknown
341037,Pritam Chaudhary,Male,44,4/11/2038,National Republic of Nepal,Flying bee,FALSE,5,Lumbini Province,56,Dang,3,2920,181,8,FALSE,0.21,10
339534,Kamala G. C.,Woman,63,12/14/2018,National People's Front,Glass,FALSE,5,Lumbini Province,56,Dang,3,2921,180,9,FALSE,0.21,????? ?? ????????
339395,Yama Bahadur Vasnet,Male,38,8/6/2044,Independent,Camera,TRUE,5,Lumbini Province,56,Dang,3,2922,155,10,FALSE,0.18,IA ???
339372,Ghanshyam Chaudhary,Male,44,4/4/2038,Mongol National Organization,Rooster,FALSE,5,Lumbini Province,56,Dang,3,2923,144,11,FALSE,0.17,??+? ???
342668,Dalbir Kami,Male,59,7/13/2023,United Citizens Party,Guitar,FALSE,5,Lumbini Province,56,Dang,3,2924,94,12,FALSE,0.11,????.??.
342568,Mahesh Chaudhary,Male,36,1/5/2046,"Civil Liberties Party, Nepal (single election symbol)",Millstone,FALSE,5,Lumbini Province,56,Dang,3,2925,55,13,FALSE,0.06,+? ???
342685,Shobha Dangi,Woman,43,3/5/2039,"Janata Samajwadi Party, Nepal",A tilted umbrella,FALSE,5,Lumbini Province,56,Dang,3,2926,24,14,FALSE,0.03,?? ???
342452,Saprik Kandel,Male,32,10/2/2050,Independent,Syringe,TRUE,5,Lumbini Province,56,Dang,3,2927,14,15,FALSE,0.02,?+? ???
342147,Bhagiram Chaudhary,Male,31,6/9/2051,Independent,Dhikhi,TRUE,5,Lumbini Province,56,Dang,3,2928,11,16,FALSE,0.01,SLC ???
341897,Santosh Singh,Male,45,1/20/2037,Friendship Party Nepal,Horse,FALSE,5,Lumbini Province,56,Dang,3,2929,10,17,FALSE,0.01,SLC
339968,Indra Bahadur Basnet,Male,35,3/3/2047,Independent,Triangle,TRUE,5,Lumbini Province,56,Dang,3,2930,10,18,FALSE,0.01,? ?????
342531,Pandavi Nepali,Woman,47,9/8/2035,Aam Janata Party (Single Election Symbol),Mobile,FALSE,5,Lumbini Province,56,Dang,3,2931,8,19,FALSE,0.01,Unknown
340473,Mahesh Dangi,Male,40,2042-04-31,Independent,Cap,TRUE,5,Lumbini Province,56,Dang,3,2932,8,20,FALSE,0.01,SLC
341728,Prem Bahadur Wali,Male,32,3/18/2050,Independent,Rickshaw,TRUE,5,Lumbini Province,56,Dang,3,2933,7,21,FALSE,0.01,SLC
339625,Bharat Pariyar,Male,42,5/25/2040,Independent,Jeep,TRUE,5,Lumbini Province,56,Dang,3,2934,6,22,FALSE,0.01,? ????? ????????
339708,Suresh Nepali,Male,31,8/22/2051,Independent,Mango,TRUE,5,Lumbini Province,56,Dang,3,2935,1,23,FALSE,0,SLC ????????
339703,Dhan Bahadur Budha,Male,51,11/7/2031,Nepali Communist Party,five-pointed star,FALSE,6,Karnali Province,57,Dolpa,1,2936,6802,1,TRUE,43.87,SLC
339397,Lank Bahadur stopped,Male,35,12/16/2046,Communist Party of Nepal (Unified Marxist-Leninist),Sun,FALSE,6,Karnali Province,57,Dolpa,1,2937,5396,2,FALSE,34.8,Plus 2 / Higher Secondary
340232,Karna Bahadur Budha,Male,62,11/1/2020,Nepali Congress,Tree,FALSE,6,Karnali Province,57,Dolpa,1,2938,2947,3,FALSE,19.01,I.A Pass +2
341680,Dev Singh Addy,Male,34,1/4/2048,National Independence Party,Bell,FALSE,6,Karnali Province,57,Dolpa,1,2939,181,4,FALSE,1.17,?????????
340672,Hari Prasad Dangi,Male,43,1/5/2039,National Democratic Party,Plow,FALSE,6,Karnali Province,57,Dolpa,1,2940,92,5,FALSE,0.59,8 ???
339460,Omendra Bahadur K.C.,Male,46,12/18/2035,Independent,Pressure cooker,TRUE,6,Karnali Province,57,Dolpa,1,2941,54,6,FALSE,0.35,Plus 2 / Higher Secondary
340901,Vikash Budha,Male,26,6/15/2056,Progressive Democratic Party,Single open eye,FALSE,6,Karnali Province,57,Dolpa,1,2942,21,7,FALSE,0.14,Plus 2 / Higher Secondary
340376,Brave Beast,Male,67,7/17/2015,Ujjaya Nepal Party,A burning electric lamp,FALSE,6,Karnali Province,57,Dolpa,1,2943,11,8,FALSE,0.07,SLC
340565,Junu Bhandari,Woman,32,2/3/2050,Friendship Party Nepal,Horse,FALSE,6,Karnali Province,57,Dolpa,1,2944,2,9,FALSE,0.01,Plus 2 / Higher Secondary
341556,Khadga Shahi,Male,58,5/6/2024,Nepali Congress,Tree,FALSE,6,Karnali Province,58,Mugu,1,2945,7914,1,TRUE,37.29,+2 pass
340557,Completely brave Rokaya,Male,54,1/15/2028,Communist Party of Nepal (Unified Marxist-Leninist),Sun,FALSE,6,Karnali Province,58,Mugu,1,2946,6718,2,FALSE,31.65,?? ??
341041,Chandra Bahadur Shahi,Male,64,2/25/2018,Nepali Communist Party,five-pointed star,FALSE,6,Karnali Province,58,Mugu,1,2947,5558,3,FALSE,26.19,I L
341393,Bhuvan Tamta,Male,25,8/12/2057,National Independence Party,Bell,FALSE,6,Karnali Province,58,Mugu,1,2948,530,4,FALSE,2.5,Plus 2 / Higher Secondary
341216,Rangbir Pariyar,Male,47,5/14/2035,Communist Party of Nepal (Maoist),A rose with two petals inside a circle.,FALSE,6,Karnali Province,58,Mugu,1,2949,280,5,FALSE,1.32,tslc
340665,Bal Bahadur Malla,Male,50,8/10/2032,National Democratic Party,Plow,FALSE,6,Karnali Province,58,Mugu,1,2950,203,6,FALSE,0.96,SLC
340833,Ayton Kumar Mall,Male,48,4/18/2034,Progressive Democratic Party,Single open eye,FALSE,6,Karnali Province,58,Mugu,1,2951,22,7,FALSE,0.1,SLC
341535,Gyan Bahadur Shahi,Male,34,10/24/2048,National Democratic Party,Plow,FALSE,6,Karnali Province,59,Jumla,1,2952,14816,1,TRUE,37.82,Unknown
339930,Naresh Bhandari,Male,47,3/1/2035,Nepali Communist Party,five-pointed star,FALSE,6,Karnali Province,59,Jumla,1,2953,11635,2,FALSE,29.7,Unknown
341715,Deep Bahadur Shahi,Male,66,4/16/2016,Nepali Congress,Tree,FALSE,6,Karnali Province,59,Jumla,1,2954,7143,3,FALSE,18.23,Unknown
341224,Shanti Lal Mahat,Male,63,11/13/2019,Communist Party of Nepal (Unified Marxist-Leninist),Sun,FALSE,6,Karnali Province,59,Jumla,1,2955,4518,4,FALSE,11.53,Unknown
340197,Binita Kathayat,Woman,29,11/29/2052,National Independence Party,Bell,FALSE,6,Karnali Province,59,Jumla,1,2956,421,5,FALSE,1.07,Unknown
339709,Birsh Bahadur Rawat,Male,59,1/27/2023,Nepal Labor Farmers Party,Model,FALSE,6,Karnali Province,59,Jumla,1,2957,400,6,FALSE,1.02,Unknown
339757,Manarishi Dhital,Male,47,2/4/2035,Progressive Democratic Party,Single open eye,FALSE,6,Karnali Province,59,Jumla,1,2958,112,7,FALSE,0.29,Unknown
340149,Virkh Bahadur Shahi,Male,52,4/10/2030,Communist Party of Nepal (Maoist),A rose with two petals inside a circle.,FALSE,6,Karnali Province,59,Jumla,1,2959,71,8,FALSE,0.18,Unknown
340017,Ranil Vikram Shahi,Male,26,5/10/2056,Nepal Janata Party,Lotus flower,FALSE,6,Karnali Province,59,Jumla,1,2960,43,9,FALSE,0.11,Unknown
339827,Bhakta Bahadur Rawal,Male,47,8/5/2035,Independent,Jeep,TRUE,6,Karnali Province,59,Jumla,1,2961,14,10,FALSE,0.04,Unknown
340992,Mahendra Bahadur Shahi,Male,49,10/15/2033,Nepali Communist Party,five-pointed star,FALSE,6,Karnali Province,60,Kalikot,1,2962,11734,1,TRUE,29.8,SLC
340619,Shri Nagindra Shahi,Male,46,5/12/2036,Communist Party of Nepal (Unified Marxist-Leninist),Sun,FALSE,6,Karnali Province,60,Kalikot,1,2963,10647,2,FALSE,27.04,Bachelor
341244,Harsh Bahadur Bomb,Male,51,3/14/2031,Nepali Congress,Tree,FALSE,6,Karnali Province,60,Kalikot,1,2964,7450,3,FALSE,18.92,??.?
342479,Sword of the brave Vishwakarma,Male,57,2/4/2025,Communist Party of Nepal (Maoist),A rose with two petals inside a circle.,FALSE,6,Karnali Province,60,Kalikot,1,2965,4993,4,FALSE,12.68,??.??
339582,Prakash Neupane,Male,31,1/1/2051,National Independence Party,Bell,FALSE,6,Karnali Province,60,Kalikot,1,2966,3101,5,FALSE,7.88,Bachelor
340106,Surya Bahadur Shahi,Male,60,2/22/2022,National Democratic Party,Plow,FALSE,6,Karnali Province,60,Kalikot,1,2967,603,6,FALSE,1.53,+2 ???
339715,Nanda Bahadur Shahi,Male,67,5/14/2015,Nepal Labor Farmers Party,Model,FALSE,6,Karnali Province,60,Kalikot,1,2968,597,7,FALSE,1.52,?????????
340039,Aj Bahadur Giri,Male,62,2/16/2020,National People's Front,Glass,FALSE,6,Karnali Province,60,Kalikot,1,2969,175,8,FALSE,0.44,Bachelor
342769,Asmin Kumar Bista,Male,27,10/20/2055,Independent,Trophy,TRUE,6,Karnali Province,60,Kalikot,1,2970,70,9,FALSE,0.18,Plus 2 / Higher Secondary
342702,Man Bahadur Tiruwa,Male,26,1/9/2056,Independent,Scissors,TRUE,6,Karnali Province,60,Kalikot,1,2971,7,10,FALSE,0.02,???????? ?????? ????
340564,Jai Pati stopped,Male,47,7/4/2035,Nepali Congress,Tree,FALSE,6,Karnali Province,61,Humla,1,2972,8797,1,TRUE,40.1,SLC
340087,Dipendra stopped,Male,47,4/6/2035,Nepali Communist Party,five-pointed star,FALSE,6,Karnali Province,61,Humla,1,2973,7243,2,FALSE,33.02,PHD
339931,Dal Phadera,Male,50,7/28/2032,Communist Party of Nepal (Unified Marxist-Leninist),Sun,FALSE,6,Karnali Province,61,Humla,1,2974,4331,3,FALSE,19.74,??????  ??
341114,Tasi Lhanjom,Woman,26,7/29/2056,National Independence Party,Bell,FALSE,6,Karnali Province,61,Humla,1,2975,1064,4,FALSE,4.85,?????? ???????? ???????
340956,Complex Karki,Male,30,4/11/2052,Progressive Democratic Party,Single open eye,FALSE,6,Karnali Province,61,Humla,1,2976,248,5,FALSE,1.13,Bachelor
340476,Aquarius old man,Male,51,2/11/2031,Communist Party of Nepal (Maoist),A rose with two petals inside a circle.,FALSE,6,Karnali Province,61,Humla,1,2977,128,6,FALSE,0.58,SLC
339829,Surprised old man,Male,30,12/7/2051,National Democratic Party,Plow,FALSE,6,Karnali Province,61,Humla,1,2978,124,7,FALSE,0.57,?????????? ??
342453,Khadak Bahadur Buda,Male,40,8/20/2042,Nepali Congress,Tree,FALSE,6,Karnali Province,62,Jajarkot,1,2979,20142,1,TRUE,34.93,Masters
341130,Shakti Bahadur Vasnet,Male,56,1/29/2026,Nepali Communist Party,five-pointed star,FALSE,6,Karnali Province,62,Jajarkot,1,2980,17407,2,FALSE,30.18,med
340356,Dambar Bahadur Singh,Male,61,8/29/2021,Communist Party of Nepal (Unified Marxist-Leninist),Sun,FALSE,6,Karnali Province,62,Jajarkot,1,2981,16883,3,FALSE,29.28,med
341256,Raghab Karki,Male,50,9/1/2032,National Independence Party,Bell,FALSE,6,Karnali Province,62,Jajarkot,1,2982,2471,4,FALSE,4.28,Masters
340955,Krishna Bikram Shah,Male,54,2/29/2028,National Democratic Party,Plow,FALSE,6,Karnali Province,62,Jajarkot,1,2983,359,5,FALSE,0.62,10+2 ???
340682,Bal Bahadur Malla,Male,40,8/15/2042,Communist Party of Nepal (Maoist),A rose with two petals inside a circle.,FALSE,6,Karnali Province,62,Jajarkot,1,2984,212,6,FALSE,0.37,10+2 pass
340290,Karna Bahadur Nepali,Male,39,4/12/2043,Ujjaya Nepal Party,A burning electric lamp,FALSE,6,Karnali Province,62,Jajarkot,1,2985,67,7,FALSE,0.12,bed pass
339599,Ratna Bahadur Khadka,Male,63,8/14/2019,National People's Front,Glass,FALSE,6,Karnali Province,62,Jajarkot,1,2986,55,8,FALSE,0.1,10 pass
342130,Megh Bahadur Oli,Male,59,1/2/2023,Progressive Democratic Party,Single open eye,FALSE,6,Karnali Province,62,Jajarkot,1,2987,38,9,FALSE,0.07,SLC
340815,Like Dhani Ram,Male,63,10/14/2019,Nepal Labor Farmers Party,Model,FALSE,6,Karnali Province,62,Jajarkot,1,2988,25,10,FALSE,0.04,? ???
342610,Command Budha Magar,Male,25,1/20/2057,Mongol National Organization,Rooster,FALSE,6,Karnali Province,62,Jajarkot,1,2989,9,11,FALSE,0.02,see
341040,Basna Thapa,Woman,45,2/15/2037,Nepali Congress,Tree,FALSE,6,Karnali Province,63,Dailekh,1,2990,12372,1,TRUE,32.69,m. a pass
339621,Ravindra Raj Sharma,Male,61,6/10/2021,Communist Party of Nepal (Unified Marxist-Leninist),Sun,FALSE,6,Karnali Province,63,Dailekh,1,2991,11796,2,FALSE,31.17,SLC
339758,Nanda Kishore Basnet,Male,58,7/4/2024,National Independence Party,Bell,FALSE,6,Karnali Province,63,Dailekh,1,2992,8151,3,FALSE,21.54,I.ed pass
339953,Ammar Bahadur Thapa,Male,70,10/11/2012,Nepali Communist Party,five-pointed star,FALSE,6,Karnali Province,63,Dailekh,1,2993,4256,4,FALSE,11.25,test ???
340472,Ran Bahadur Singh,Male,52,8/9/2030,National Democratic Party,Plow,FALSE,6,Karnali Province,63,Dailekh,1,2994,598,5,FALSE,1.58,SLC
339470,Jagat Bahadur Oli,Male,57,2025-04-31,Nepal Labor Farmers Party,Model,FALSE,6,Karnali Province,63,Dailekh,1,2995,302,6,FALSE,0.8,?????? ??
340228,Ramlal Bishwakarma,Male,53,5/10/2029,Communist Party of Nepal (Maoist),A rose with two petals inside a circle.,FALSE,6,Karnali Province,63,Dailekh,1,2996,235,7,FALSE,0.62,B.ed pass
339335,Nar Bahadur Singh,Male,42,12/12/2039,National People's Front,Glass,FALSE,6,Karnali Province,63,Dailekh,1,2997,91,8,FALSE,0.24,I.ed pass
339841,Log Bahadur Bogti,Male,65,9/5/2017,Independent,Sparrow,TRUE,6,Karnali Province,63,Dailekh,1,2998,29,9,FALSE,0.08,?? ???
341385,Menaka Shrestha,Woman,42,9/10/2040,Aam Janata Party (Single Election Symbol),Mobile,FALSE,6,Karnali Province,63,Dailekh,1,2999,16,10,FALSE,0.04,12 pass
340637,Lakshmi Prasad Pokharel,Male,63,3/13/2019,Communist Party of Nepal (Unified Marxist-Leninist),Sun,FALSE,6,Karnali Province,63,Dailekh,2,3000,13889,1,TRUE,38.04,???
341215,Dikpal Kumar Shahi,Male,64,1/6/2018,Nepali Congress,Tree,FALSE,6,Karnali Province,63,Dailekh,2,3001,9552,2,FALSE,26.16,???????? ?????? ???? ??
340344,Bakhat Bahadur Shahi,Male,56,2/4/2026,National Independence Party,Bell,FALSE,6,Karnali Province,63,Dailekh,2,3002,6797,3,FALSE,18.62,Masters
340478,Yogendra Bahadur Shahi,Male,51,1/6/2031,Nepali Communist Party,five-pointed star,FALSE,6,Karnali Province,63,Dailekh,2,3003,3851,4,FALSE,10.55,?????
339809,Bahadur Thapa at the time,Male,50,7/6/2032,Nepal Labor Farmers Party,Model,FALSE,6,Karnali Province,63,Dailekh,2,3004,1512,5,FALSE,4.14,Plus 2 / Higher Secondary
342569,Bavita Kumari Shahi,Woman,42,10/25/2040,National Democratic Party,Plow,FALSE,6,Karnali Province,63,Dailekh,2,3005,366,6,FALSE,1,Masters
340198,Kalam Singh,Male,45,1/9/2037,Communist Party of Nepal (Maoist),A rose with two petals inside a circle.,FALSE,6,Karnali Province,63,Dailekh,2,3006,337,7,FALSE,0.92,Plus 2 / Higher Secondary
339384,Kamal Bahadur Barai Magar,Male,52,10/18/2030,National People's Front,Glass,FALSE,6,Karnali Province,63,Dailekh,2,3007,101,8,FALSE,0.28,SLC
342445,Him Bahadur Shahi,Male,26,3/5/2056,Independent,Dhikhi,TRUE,6,Karnali Province,63,Dailekh,2,3008,43,9,FALSE,0.12,Plus 2 / Higher Secondary
342333,Tirtha Kumari Bashin Magar B.K.,Woman,27,12/31/2054,Aam Janata Party (Single Election Symbol),Mobile,FALSE,6,Karnali Province,63,Dailekh,2,3009,33,10,FALSE,0.09,SLC
340984,Lal Bahadur Kathayat,Male,38,7/12/2044,Independent,Celery bread,TRUE,6,Karnali Province,63,Dailekh,2,3010,32,11,FALSE,0.09,Plus 2 / Higher Secondary
341140,Vishnu Bahadur Khadka,Male,58,7/6/2024,Nepali Congress,Tree,FALSE,6,Karnali Province,64,Surkhet,1,3011,26897,1,TRUE,40.61,SLC
340773,Dhruv Kumar Shahi,Male,55,2/11/2027,Communist Party of Nepal (Unified Marxist-Leninist),Sun,FALSE,6,Karnali Province,64,Surkhet,1,3012,18890,2,FALSE,28.52,B.Com
341749,Tek Bahadur Singh Thakuri,Male,54,2/11/2028,National Independence Party,Bell,FALSE,6,Karnali Province,64,Surkhet,1,3013,14729,3,FALSE,22.24,SLC
340540,Jeet Bahadur Rana,Male,54,10/20/2028,Nepali Communist Party,five-pointed star,FALSE,6,Karnali Province,64,Surkhet,1,3014,2828,4,FALSE,4.27,Masters
340059,Ravi Hamal Thakuri,Male,28,9/27/2054,National Democratic Party,Plow,FALSE,6,Karnali Province,64,Surkhet,1,3015,1049,5,FALSE,1.58,Masters
340276,Vir Bahadur Rana,Male,55,10/25/2027,Labor Culture Party,The soil in Anjuli,FALSE,6,Karnali Province,64,Surkhet,1,3016,641,6,FALSE,0.97,S.L.C. pass
341613,Dhansin Sarki,Male,50,1/7/2032,"Janata Samajwadi Party, Nepal",A tilted umbrella,FALSE,6,Karnali Province,64,Surkhet,1,3017,354,7,FALSE,0.53,? ?????
339873,Mohan Thapa,Male,56,3/8/2026,National People's Front,Glass,FALSE,6,Karnali Province,64,Surkhet,1,3018,321,8,FALSE,0.48,Bachelor
342197,Thammar Bahadur Bista,Male,54,12/5/2027,Ujjaya Nepal Party,A burning electric lamp,FALSE,6,Karnali Province,64,Surkhet,1,3019,251,9,FALSE,0.38,???????????
341498,Ramesh Century,Male,52,2/1/2030,Aam Janata Party (Single Election Symbol),Mobile,FALSE,6,Karnali Province,64,Surkhet,1,3020,112,10,FALSE,0.17,? ?????
339695,Hiroo Shahi,Male,56,1/5/2026,Communist Party of Nepal (Maoist),A rose with two petals inside a circle.,FALSE,6,Karnali Province,64,Surkhet,1,3021,108,11,FALSE,0.16,?? ????? ???
339506,Gaj Bahadur Khotadi Magar,Male,54,12/25/2027,Nepal Labor Farmers Party,Model,FALSE,6,Karnali Province,64,Surkhet,1,3022,26,12,FALSE,0.04,? ????? ???
342372,Prakash Budha Magar,Male,30,7/2/2052,Friendship Party Nepal,Horse,FALSE,6,Karnali Province,64,Surkhet,1,3023,21,13,FALSE,0.03,?? ?????
340194,Ramesh Kumar Sapkota,Male,46,8/15/2036,National Independence Party,Bell,FALSE,6,Karnali Province,64,Surkhet,2,3024,30826,1,TRUE,44.83,SLC
341438,Narayan Kumar Koirala,Male,52,3/12/2030,Nepali Congress,Tree,FALSE,6,Karnali Province,64,Surkhet,2,3025,16392,2,FALSE,23.84,Masters
339970,Kulmani Devkota,Male,52,12/10/2029,Communist Party of Nepal (Unified Marxist-Leninist),Sun,FALSE,6,Karnali Province,64,Surkhet,2,3026,13155,3,FALSE,19.13,?? ?? ??????
339820,Jhak Bahadur Malla,Male,46,8/22/2036,Nepali Communist Party,five-pointed star,FALSE,6,Karnali Province,64,Surkhet,2,3027,4587,4,FALSE,6.67,?????????
341751,Rajendra Ramjali,Male,50,9/15/2032,Labor Culture Party,The soil in Anjuli,FALSE,6,Karnali Province,64,Surkhet,2,3028,1646,5,FALSE,2.39,?? ???
341667,Poet Ram Puri,Male,56,1/26/2026,National Democratic Party,Plow,FALSE,6,Karnali Province,64,Surkhet,2,3029,1315,6,FALSE,1.91,?? ??
340419,Gambhir Sih Bhul,Male,35,1/10/2047,Ujjaya Nepal Party,A burning electric lamp,FALSE,6,Karnali Province,64,Surkhet,2,3030,184,7,FALSE,0.27,+2 pass
341011,Tulchi rock,Woman,43,8/30/2039,Nepal Labor Farmers Party,Model,FALSE,6,Karnali Province,64,Surkhet,2,3031,158,8,FALSE,0.23,?? ????? ???
339700,Dharmaraj Devkota,Male,41,12/13/2040,Communist Party of Nepal (Maoist),A rose with two petals inside a circle.,FALSE,6,Karnali Province,64,Surkhet,2,3032,150,9,FALSE,0.22,Plus 2 / Higher Secondary
340801,Purna Bahadur Shahi,Male,63,7/11/2019,National People's Front,Glass,FALSE,6,Karnali Province,64,Surkhet,2,3033,130,10,FALSE,0.19,????? ???
341963,Prem Bahadur Tarami,Male,56,4/1/2026,Communist Party of Nepal (United),Sickle,FALSE,6,Karnali Province,64,Surkhet,2,3034,63,11,FALSE,0.09,Literate
342005,Deep Bahadur Nepali,Male,63,2/10/2019,"Janata Samajwadi Party, Nepal",A tilted umbrella,FALSE,6,Karnali Province,64,Surkhet,2,3035,52,12,FALSE,0.08,? ???
341113,Krishna Khatri,Male,27,5/29/2055,Independent,Scissors,TRUE,6,Karnali Province,64,Surkhet,2,3036,38,13,FALSE,0.06,?? ???
341517,Pawan Thapa Magar,Male,28,11/12/2054,Dynamic Democratic Party,Battery,FALSE,6,Karnali Province,64,Surkhet,2,3037,34,14,FALSE,0.05,Bachelor
340604,Ramesh Pariyar,Male,40,4/10/2042,Independent,Round,TRUE,6,Karnali Province,64,Surkhet,2,3038,23,15,FALSE,0.03,??+2 pass
342237,Hridayandra Adhikari,Male,26,8/12/2056,Nepal Janasewa Party,White and black shoes,FALSE,6,Karnali Province,64,Surkhet,2,3039,7,16,FALSE,0.01,Bachelor
341154,Udiram Chunara,Male,56,9/6/2026,Independent,Sparrow,TRUE,6,Karnali Province,64,Surkhet,2,3040,6,17,FALSE,0.01,????? ??
341907,Suresh Kumar Chaudhary,Male,56,6/16/2026,National Independence Party,Bell,FALSE,5,Lumbini Province,65,Banke,1,3041,32792,1,TRUE,46.25,Unknown
340994,Narayan Prasad Gaudel,Male,60,12/9/2021,Nepali Congress,Tree,FALSE,5,Lumbini Province,65,Banke,1,3042,15301,2,FALSE,21.58,Unknown
339720,Surya Prasad Dhakal,Male,53,1/6/2029,Communist Party of Nepal (Unified Marxist-Leninist),Sun,FALSE,5,Lumbini Province,65,Banke,1,3043,11095,3,FALSE,15.65,Unknown
340433,Narendra Prasad Pandey,Male,49,10/29/2033,Nepali Communist Party,five-pointed star,FALSE,5,Lumbini Province,65,Banke,1,3044,6033,4,FALSE,8.51,Unknown
340244,Pradeep Kumar Shah,Male,63,6/1/2019,National Democratic Party,Plow,FALSE,5,Lumbini Province,65,Banke,1,3045,3234,5,FALSE,4.56,Unknown
341346,Krishna K.C.,Woman,46,12/15/2035,Progressive Democratic Party,Single open eye,FALSE,5,Lumbini Province,65,Banke,1,3046,1240,6,FALSE,1.75,Unknown
339539,Bharat Nidhi Tiwari,Male,34,1/4/2048,Labor Culture Party,The soil in Anjuli,FALSE,5,Lumbini Province,65,Banke,1,3047,463,7,FALSE,0.65,Unknown
341611,Dhan Bahadur Khadka,Male,43,2/12/2039,Ujjaya Nepal Party,A burning electric lamp,FALSE,5,Lumbini Province,65,Banke,1,3048,246,8,FALSE,0.35,Unknown
340063,Deepak Budhathoki,Male,29,12/19/2052,Communist Party of Nepal (Maoist),A rose with two petals inside a circle.,FALSE,5,Lumbini Province,65,Banke,1,3049,186,9,FALSE,0.26,Unknown
339516,Tulsi Ram Sapkota,Male,68,7/16/2014,National People's Front,Glass,FALSE,5,Lumbini Province,65,Banke,1,3050,126,10,FALSE,0.18,Unknown
342543,Rajendra Kumar Vishwakarma,Male,45,4/10/2037,"Janata Samajwadi Party, Nepal",A tilted umbrella,FALSE,5,Lumbini Province,65,Banke,1,3051,84,11,FALSE,0.12,Unknown
339471,Surja Thapa,Woman,40,1/10/2042,Nepal Labor Farmers Party,Model,FALSE,5,Lumbini Province,65,Banke,1,3052,56,12,FALSE,0.08,Unknown
341420,Diwakar Sharma,Male,39,8/10/2043,Independent,Round,TRUE,5,Lumbini Province,65,Banke,1,3053,39,13,FALSE,0.06,Unknown
339966,Ferulal Chaudhary,Male,48,1/5/2034,Mongol National Organization,Rooster,FALSE,5,Lumbini Province,65,Banke,1,3054,12,14,FALSE,0.02,Unknown
340037,Mohammad Ishtiaq Rai,Male,46,7/16/2036,Communist Party of Nepal (Unified Marxist-Leninist),Sun,FALSE,5,Lumbini Province,65,Banke,2,3055,24628,1,TRUE,36.92,?? ?
341812,Vivek Kumar Shrestha,Male,43,12/25/2038,National Independence Party,Bell,FALSE,5,Lumbini Province,65,Banke,2,3056,18682,2,FALSE,28.01,Bachelor
340606,Sudhansu Koirala,Male,50,1/2/2032,Nepali Congress,Tree,FALSE,5,Lumbini Province,65,Banke,2,3057,17596,3,FALSE,26.38,?? ?
339927,Rishi Raj Devkota,Male,48,9/20/2034,National Democratic Party,Plow,FALSE,5,Lumbini Province,65,Banke,2,3058,1723,4,FALSE,2.58,?????? ??
341003,Dipendra Bisht,Male,37,12/27/2044,Nepali Communist Party,five-pointed star,FALSE,5,Lumbini Province,65,Banke,2,3059,1456,5,FALSE,2.18,?????? ?? ????????
341753,Kamaruddin Rai,Male,48,2/5/2034,"Janata Samajwadi Party, Nepal",A tilted umbrella,FALSE,5,Lumbini Province,65,Banke,2,3060,908,6,FALSE,1.36,Unknown
342638,Irfan Ahmed Shaikh,Male,40,5/20/2042,National People's Party,Bulldozer,FALSE,5,Lumbini Province,65,Banke,2,3061,775,7,FALSE,1.16,Masters
342691,Mo. Azad Sai,Male,34,5/10/2048,Public opinion party,Loudspeaker,FALSE,5,Lumbini Province,65,Banke,2,3062,210,8,FALSE,0.31,10 ???
342233,Ram Charan Chaudhary,Male,42,3/12/2040,Labor Culture Party,The soil in Anjuli,FALSE,5,Lumbini Province,65,Banke,2,3063,136,9,FALSE,0.2,?? ????? ??????????
340357,Mahendra Prakash Chand,Male,45,11/15/2037,Communist Party of Nepal (Maoist),A rose with two petals inside a circle.,FALSE,5,Lumbini Province,65,Banke,2,3064,122,10,FALSE,0.18,????? ?? ?? ??
342318,Sitaram Yadav,Male,41,6/8/2041,National Unity Party,"Tulsi, monastery",FALSE,5,Lumbini Province,65,Banke,2,3065,94,11,FALSE,0.14,12 ???
341151,Shailendra Kumar Karn,Male,58,12/3/2023,Ujjaya Nepal Party,A burning electric lamp,FALSE,5,Lumbini Province,65,Banke,2,3066,91,12,FALSE,0.14,?? ? ???
342410,Abdul Omar Sai,Male,44,12/5/2037,Aam Janata Party (Single Election Symbol),Mobile,FALSE,5,Lumbini Province,65,Banke,2,3067,66,13,FALSE,0.1,10
340209,Jagdish Dhakal,Male,54,5/24/2028,National People's Front,Glass,FALSE,5,Lumbini Province,65,Banke,2,3068,54,14,FALSE,0.08,12 ????????
340273,Good luck Jang Shah,Male,37,9/4/2045,Independent,Cup and plate,TRUE,5,Lumbini Province,65,Banke,2,3069,39,15,FALSE,0.06,12 ????????
339475,Prakash Shah,Male,48,5/1/2034,Nepal Labor Farmers Party,Model,FALSE,5,Lumbini Province,65,Banke,2,3070,36,16,FALSE,0.05,Literate
341879,Majid Ali Shesh,Male,53,8/22/2029,Progressive Democratic Party,Single open eye,FALSE,5,Lumbini Province,65,Banke,2,3071,30,17,FALSE,0.04,Unknown
339428,Gopal Prasad Giri,Male,58,8/15/2024,Jai Matrubhoomi Party,Mother holding baby in arms,FALSE,5,Lumbini Province,65,Banke,2,3072,27,18,FALSE,0.04,?? ?? ??
340809,Manoj Kumar Chaudhary,Male,50,6/11/2032,Independent,Camera,TRUE,5,Lumbini Province,65,Banke,2,3073,16,19,FALSE,0.02,9 ????? ????????
342654,Bipendra Lama Tamang,Male,37,10/26/2045,Independent,Banana peel,TRUE,5,Lumbini Province,65,Banke,2,3074,12,20,FALSE,0.02,?? ?? ??
339589,Khagendra Goldsmith,Male,35,2/2/2047,National Independence Party,Bell,FALSE,5,Lumbini Province,65,Banke,3,3075,29551,1,TRUE,42.06,PCL(+2)
340035,Suman Malla,Male,42,4/28/2040,Communist Party of Nepal (Unified Marxist-Leninist),Sun,FALSE,5,Lumbini Province,65,Banke,3,3076,19615,2,FALSE,27.92,SLC
342191,Amar Singh Pun,Male,56,3/4/2026,Nepali Congress,Tree,FALSE,5,Lumbini Province,65,Banke,3,3077,13215,3,FALSE,18.81,Unknown
342796,Deepak Kumar Gauri Magar,Male,44,3/26/2038,Nepali Communist Party,five-pointed star,FALSE,5,Lumbini Province,65,Banke,3,3078,4015,4,FALSE,5.71,Unknown
340869,Tarak Singh Tharu,Male,62,3/24/2020,National Democratic Party,Plow,FALSE,5,Lumbini Province,65,Banke,3,3079,1912,5,FALSE,2.72,BACHELOR
340261,Dhruva Raj Tharu,Male,39,6/28/2043,"Civil Liberties Party, Nepal (single election symbol)",Millstone,FALSE,5,Lumbini Province,65,Banke,3,3080,474,6,FALSE,0.67,Unknown
342605,Feroz Khan,Male,29,8/17/2053,Public opinion party,Loudspeaker,FALSE,5,Lumbini Province,65,Banke,3,3081,469,7,FALSE,0.67,10
340182,Omkar Thapa Magar,Male,41,12/23/2040,Labor Culture Party,The soil in Anjuli,FALSE,5,Lumbini Province,65,Banke,3,3082,339,8,FALSE,0.48,SLC
342407,Man Bahadur Sunar,Male,50,9/7/2032,National People's Front,Glass,FALSE,5,Lumbini Province,65,Banke,3,3083,114,9,FALSE,0.16,Plus 2 / Higher Secondary
339961,Chandra Vir Kami,Male,56,8/16/2026,Communist Party of Nepal (Marxist) (Pushpalal),Gainti,FALSE,5,Lumbini Province,65,Banke,3,3084,106,10,FALSE,0.15,Unknown
341523,Bidha Sharma,Woman,47,10/29/2035,Aam Janata Party (Single Election Symbol),Mobile,FALSE,5,Lumbini Province,65,Banke,3,3085,95,11,FALSE,0.14,Bachelor
341369,Mubarak Ali Tailor,Male,36,9/10/2046,National People's Party,Bulldozer,FALSE,5,Lumbini Province,65,Banke,3,3086,81,12,FALSE,0.12,10
342282,Surya Lal Yadav,Male,44,10/18/2038,"Janata Samajwadi Party, Nepal",A tilted umbrella,FALSE,5,Lumbini Province,65,Banke,3,3087,75,13,FALSE,0.11,bachelor
342488,Tej Prasad Bhandari,Male,51,11/1/2031,Progressive Democratic Party,Single open eye,FALSE,5,Lumbini Province,65,Banke,3,3088,48,14,FALSE,0.07,Plus 2 / Higher Secondary
339336,Bhumi Mahattara,Woman,40,9/15/2042,Nepal Labor Farmers Party,Model,FALSE,5,Lumbini Province,65,Banke,3,3089,42,15,FALSE,0.06,10 pass
339365,Manoj Kumar Tharu,Male,37,5/25/2045,Mongol National Organization,Rooster,FALSE,5,Lumbini Province,65,Banke,3,3090,37,16,FALSE,0.05,SLC
340468,Roop Kumar Chand,Male,37,8/22/2045,Friendship Party Nepal,Horse,FALSE,5,Lumbini Province,65,Banke,3,3091,17,17,FALSE,0.02,Plus 2 / Higher Secondary
342752,Surya Prasad Regmi,Male,45,12/3/2036,Independent,Syringe,TRUE,5,Lumbini Province,65,Banke,3,3092,16,18,FALSE,0.02,SLC
342629,Bhagwati Shah,Woman,60,2/18/2022,Independent,Jeep,TRUE,5,Lumbini Province,65,Banke,3,3093,12,19,FALSE,0.02,10
342438,Bhim Bahadur Sunar,Male,45,11/18/2037,Independent,Calculator,TRUE,5,Lumbini Province,65,Banke,3,3094,11,20,FALSE,0.02,Unknown
342236,Padam Bahadur Gharti Magar,Male,28,5/21/2054,Independent,Banana peel,TRUE,5,Lumbini Province,65,Banke,3,3095,8,21,FALSE,0.01,Unknown
342374,Chet Bahadur Wali,Male,29,2/2/2053,Independent,Gumboot,TRUE,5,Lumbini Province,65,Banke,3,3096,7,22,FALSE,0.01,Unknown
340825,Thakur Singh Tharu,Male,51,5/14/2031,National Independence Party,Bell,FALSE,5,Lumbini Province,66,Bardiya,1,3097,49631,1,TRUE,51.37,Unknown
339707,Salik Ram Adhikari,Male,56,6/11/2026,Communist Party of Nepal (Unified Marxist-Leninist),Sun,FALSE,5,Lumbini Province,66,Bardiya,1,3098,14643,2,FALSE,15.16,B com
342655,Sanjay Kumar Gautam,Male,62,1/13/2020,Nepali Congress,Tree,FALSE,5,Lumbini Province,66,Bardiya,1,3099,12722,3,FALSE,13.17,Unknown
340010,Vishnu Prasad Chaudhary,Male,53,4/15/2029,Nepali Communist Party,five-pointed star,FALSE,5,Lumbini Province,66,Bardiya,1,3100,9285,4,FALSE,9.61,Bachelor
342415,Abdul Khan,Male,39,5/1/2043,"Civil Liberties Party, Nepal (single election symbol)",Millstone,FALSE,5,Lumbini Province,66,Bardiya,1,3101,5724,5,FALSE,5.92,Unknown
342057,Vir Bahadur Kami,Male,48,3/30/2034,National Democratic Party,Plow,FALSE,5,Lumbini Province,66,Bardiya,1,3102,1344,6,FALSE,1.39,Unknown
342141,Yamnath Ghimire,Male,46,7/15/2036,Public opinion party,Loudspeaker,FALSE,5,Lumbini Province,66,Bardiya,1,3103,712,7,FALSE,0.74,Unknown
342778,Datta Tharu,Male,47,1/15/2035,Aam Janata Party (Single Election Symbol),Mobile,FALSE,5,Lumbini Province,66,Bardiya,1,3104,475,8,FALSE,0.49,Unknown
340623,Manoj Yadav,Male,31,7/12/2051,"Janata Samajwadi Party, Nepal",A tilted umbrella,FALSE,5,Lumbini Province,66,Bardiya,1,3105,394,9,FALSE,0.41,Unknown
341860,Dhan Bahadur V.K,Male,51,7/15/2031,Labor Culture Party,The soil in Anjuli,FALSE,5,Lumbini Province,66,Bardiya,1,3106,336,10,FALSE,0.35,Unknown
341701,Lok Bahadur Rana Magar,Male,53,12/5/2028,National People's Front,Glass,FALSE,5,Lumbini Province,66,Bardiya,1,3107,259,11,FALSE,0.27,Unknown
341597,Megh Bahadur Kami,Male,52,3/9/2030,Nepal Humanist Party,Well,FALSE,5,Lumbini Province,66,Bardiya,1,3108,254,12,FALSE,0.26,Unknown
341394,Timothy Chowdhury,Male,43,6/10/2039,Communist Party of Nepal (Maoist),A rose with two petals inside a circle.,FALSE,5,Lumbini Province,66,Bardiya,1,3109,228,13,FALSE,0.24,Unknown
342711,Shyam Prasad Tharu,Male,61,7/24/2021,National Change Party,Flute,FALSE,5,Lumbini Province,66,Bardiya,1,3110,146,14,FALSE,0.15,Unknown
339391,Indra Bahadur Rawal,Male,60,12/5/2021,Communist Party of Nepal (United),Sickle,FALSE,5,Lumbini Province,66,Bardiya,1,3111,129,15,FALSE,0.13,Unknown
342249,Mohan Poudel,Male,35,1/21/2047,Independent,Violin,TRUE,5,Lumbini Province,66,Bardiya,1,3112,119,16,FALSE,0.12,Unknown
340522,Pavitra Shahi,Woman,51,1/12/2031,Nepal Labor Farmers Party,Model,FALSE,5,Lumbini Province,66,Bardiya,1,3113,61,17,FALSE,0.06,Unknown
342756,Ghanshyam Adhikari,Male,43,12/17/2038,Independent,Cap,TRUE,5,Lumbini Province,66,Bardiya,1,3114,48,18,FALSE,0.05,Y
340264,Chandra Kumari Rajguru,Woman,58,5/3/2024,Nepal Janmukti Party,Home,FALSE,5,Lumbini Province,66,Bardiya,1,3115,44,19,FALSE,0.05,Unknown
341251,Nirmal Adhikari,Male,33,4/28/2049,Independent,Scissors,TRUE,5,Lumbini Province,66,Bardiya,1,3116,28,20,FALSE,0.03,Unknown
342501,Jyoti Yonjan,Woman,43,11/10/2039,Mongol National Organization,Rooster,FALSE,5,Lumbini Province,66,Bardiya,1,3117,27,21,FALSE,0.03,Y
342516,Shridhar Pokhrel,Male,53,1/5/2029,National Independence Party,Bell,FALSE,5,Lumbini Province,66,Bardiya,2,3118,29678,1,TRUE,33.68,Unknown
341186,Kishore Singh Rathore,Male,56,1/15/2026,Nepali Congress,Tree,FALSE,5,Lumbini Province,66,Bardiya,2,3119,20402,2,FALSE,23.15,Unknown
340015,Suresh Pantha,Male,49,4/7/2033,Nepali Communist Party,five-pointed star,FALSE,5,Lumbini Province,66,Bardiya,2,3120,19180,3,FALSE,21.76,Unknown
339866,Bimala V.K.,Woman,40,9/24/2042,Communist Party of Nepal (Unified Marxist-Leninist),Sun,FALSE,5,Lumbini Province,66,Bardiya,2,3121,10772,4,FALSE,12.22,Unknown
342110,Dharma Wahadur Chaudhary,Male,39,2/15/2043,Ujjaya Nepal Party,A burning electric lamp,FALSE,5,Lumbini Province,66,Bardiya,2,3122,4472,5,FALSE,5.07,Unknown
341560,Khushiram Tharu,Male,57,7/15/2025,"Civil Liberties Party, Nepal (single election symbol)",Millstone,FALSE,5,Lumbini Province,66,Bardiya,2,3123,1255,6,FALSE,1.42,Unknown
341333,Sushil Chaudhary,Male,36,3/23/2046,National Democratic Party,Plow,FALSE,5,Lumbini Province,66,Bardiya,2,3124,1127,7,FALSE,1.28,Unknown
342006,Maan Bahadur Vaigar,Male,74,10/18/2008,Labor Culture Party,The soil in Anjuli,FALSE,5,Lumbini Province,66,Bardiya,2,3125,390,8,FALSE,0.44,Unknown
342295,Tikaram Chaudhary,Male,44,5/1/2038,Communist Party of Nepal (Maoist),A rose with two petals inside a circle.,FALSE,5,Lumbini Province,66,Bardiya,2,3126,231,9,FALSE,0.26,Unknown
341952,Shashi Kumar Yadav,Male,42,5/4/2040,Public opinion party,Loudspeaker,FALSE,5,Lumbini Province,66,Bardiya,2,3127,228,10,FALSE,0.26,Unknown
339387,Nita Sharma,Woman,34,1/7/2048,Communist Party of Nepal (United),Sickle,FALSE,5,Lumbini Province,66,Bardiya,2,3128,124,11,FALSE,0.14,Unknown
341408,Anirudhya Arya,Male,47,6/20/2035,"Janata Samajwadi Party, Nepal",A tilted umbrella,FALSE,5,Lumbini Province,66,Bardiya,2,3129,91,12,FALSE,0.1,Unknown
339952,Ratan Sin Rawat,Male,61,8/9/2021,National People's Front,Glass,FALSE,5,Lumbini Province,66,Bardiya,2,3130,87,13,FALSE,0.1,Unknown
339482,Som Bahadur Tamang,Male,54,12/17/2027,Mongol National Organization,Rooster,FALSE,5,Lumbini Province,66,Bardiya,2,3131,50,14,FALSE,0.06,Unknown
340989,Acharya like Dharma Raj,Male,51,1/2/2031,Nepal Labor Farmers Party,Model,FALSE,5,Lumbini Province,66,Bardiya,2,3132,43,15,FALSE,0.05,Unknown
341303,Janak Raj Giri,Male,60,9/15/2022,Nepali Congress,Tree,FALSE,7,Far Western Province,67,Bajura,1,3133,17173,1,TRUE,39.12,Bachelor
340567,Lal Bahadur Thapa,Male,58,5/10/2024,Communist Party of Nepal (Unified Marxist-Leninist),Sun,FALSE,7,Far Western Province,67,Bajura,1,3134,16633,2,FALSE,37.89,Bachelor
340150,Hemraj Thapa,Male,33,2/6/2049,National Independence Party,Bell,FALSE,7,Far Western Province,67,Bajura,1,3135,6035,3,FALSE,13.75,Masters
340953,Prakash Wahadur Shah,Male,53,1/7/2029,Nepali Communist Party,five-pointed star,FALSE,7,Far Western Province,67,Bajura,1,3136,3301,4,FALSE,7.52,???????? ?????????????
340323,Kesar Bahadur Shahi,Male,73,8/15/2009,National Democratic Party,Plow,FALSE,7,Far Western Province,67,Bajura,1,3137,352,5,FALSE,0.8,SLC
341588,Bhupendra Lwar,Male,39,3/15/2043,Communist Party of Nepal (Maoist),A rose with two petals inside a circle.,FALSE,7,Far Western Province,67,Bajura,1,3138,233,6,FALSE,0.53,SLC
340752,Deepak Kumar D.C.,Male,40,10/8/2042,Progressive Democratic Party,Single open eye,FALSE,7,Far Western Province,67,Bajura,1,3139,97,7,FALSE,0.22,Masters
339518,Upendra Shahi,Male,30,9/2/2052,Independent,Sparrow,TRUE,7,Far Western Province,67,Bajura,1,3140,72,8,FALSE,0.16,Bachelor
341661,Bharat Kumar Swar,Male,70,3/24/2012,Nepali Congress,Tree,FALSE,7,Far Western Province,68,Achham,1,3141,10759,1,TRUE,35.45,IA
341030,Bhim Bahadur Rawal,Male,70,8/21/2012,Nepali Communist Party,five-pointed star,FALSE,7,Far Western Province,68,Achham,1,3142,10233,2,FALSE,33.72,"????????????, ??.??."
340695,Deepak Bahadur Saund,Male,42,10/29/2040,Communist Party of Nepal (Unified Marxist-Leninist),Sun,FALSE,7,Far Western Province,68,Achham,1,3143,7389,3,FALSE,24.35,Bachelor
340514,Omprakash Rawal,Male,27,1/27/2055,National Independence Party,Bell,FALSE,7,Far Western Province,68,Achham,1,3144,1739,4,FALSE,5.73,Bachelor
341564,Lokendra Bahadur Shah,Male,39,3/4/2043,National Democratic Party,Plow,FALSE,7,Far Western Province,68,Achham,1,3145,102,5,FALSE,0.34,SLC ???
342782,Lokendra Bahadur Shahi,Male,40,5/5/2042,Communist Party of Nepal (Maoist),A rose with two petals inside a circle.,FALSE,7,Far Western Province,68,Achham,1,3146,75,6,FALSE,0.25,12
342315,Bhim Bahadur Kunwar,Male,32,2/14/2050,Independent,Sparrow,TRUE,7,Far Western Province,68,Achham,1,3147,41,7,FALSE,0.14,SLC
340229,Surendra Shahi,Male,26,2/3/2056,Nepal Labor Farmers Party,Model,FALSE,7,Far Western Province,68,Achham,1,3148,10,8,FALSE,0.03,Plus 2 / Higher Secondary
340611,Yagya Bahadur Bogti,Male,50,10/4/2032,Communist Party of Nepal (Unified Marxist-Leninist),Sun,FALSE,7,Far Western Province,68,Achham,2,3149,9518,1,TRUE,31.14,Bachelor
342150,Pushpa Bahadur Shah,Male,64,12/25/2017,Nepali Congress,Tree,FALSE,7,Far Western Province,68,Achham,2,3150,9046,2,FALSE,29.59,B.L Pass
342067,Bal Bahadur Kunwar,Male,64,2/15/2018,Nepali Communist Party,five-pointed star,FALSE,7,Far Western Province,68,Achham,2,3151,6493,3,FALSE,21.24,12 pass
340307,Bhup Dev Shah,Male,30,10/15/2052,National Independence Party,Bell,FALSE,7,Far Western Province,68,Achham,2,3152,4562,4,FALSE,14.92,master
341837,Sher Bahadur Vs,Male,42,2/11/2040,Communist Party of Nepal (Maoist),A rose with two petals inside a circle.,FALSE,7,Far Western Province,68,Achham,2,3153,558,5,FALSE,1.83,Bachelor pass
340744,Min Bahadur Shahi,Male,52,4/26/2030,National Democratic Party,Plow,FALSE,7,Far Western Province,68,Achham,2,3154,167,6,FALSE,0.55,12 pass
341537,Pushpa Raj Neupane,Male,43,10/1/2039,Progressive Democratic Party,Single open eye,FALSE,7,Far Western Province,68,Achham,2,3155,113,7,FALSE,0.37,Bacherlor
339960,Jhankar Bahadur Shahi,Male,44,10/26/2038,Nepal Labor Farmers Party,Model,FALSE,7,Far Western Province,68,Achham,2,3156,60,8,FALSE,0.2,12 pass
342534,Rajesh Rawal,Male,28,12/20/2053,Ujjaya Nepal Party,A burning electric lamp,FALSE,7,Far Western Province,68,Achham,2,3157,52,9,FALSE,0.17,12 pass
340443,Ain Bahadur Mahar,Male,41,12/2/2040,Communist Party of Nepal (Unified Marxist-Leninist),Sun,FALSE,7,Far Western Province,69,Bajhang,1,3158,18543,1,TRUE,33.82,Masters
341565,Prakash Rasaili Snehi,Male,50,7/3/2032,Nepali Congress,Tree,FALSE,7,Far Western Province,69,Bajhang,1,3159,16304,2,FALSE,29.73,??????? ??????? ?? ?
339996,Min Bahadur Kunwar,Male,47,4/27/2035,Nepali Communist Party,five-pointed star,FALSE,7,Far Western Province,69,Bajhang,1,3160,9757,3,FALSE,17.79,?? ?
341236,Shailesh Kumar Singh,Male,38,11/21/2044,National Independence Party,Bell,FALSE,7,Far Western Province,69,Bajhang,1,3161,9263,4,FALSE,16.89,?? ?? ??
341606,Bharat Malla,Male,41,12/5/2040,Communist Party of Nepal (Maoist),A rose with two petals inside a circle.,FALSE,7,Far Western Province,69,Bajhang,1,3162,520,5,FALSE,0.95,?+2
339857,Biswa Prakash Jethara,Male,54,11/27/2027,National Democratic Party,Plow,FALSE,7,Far Western Province,69,Bajhang,1,3163,405,6,FALSE,0.74,??????
339801,Dal Wahadur Vohra,Male,55,7/15/2027,Nepal Labor Farmers Party,Model,FALSE,7,Far Western Province,69,Bajhang,1,3164,41,7,FALSE,0.07,MA BL
341208,Bharat Bahadur Khadka,Male,68,7/4/2014,Nepali Congress,Tree,FALSE,7,Far Western Province,70,Doti,1,3165,14897,1,TRUE,30.3,?????? ??
340117,Deepak Bahadur Dhami,Male,32,9/5/2050,Communist Party of Nepal (Unified Marxist-Leninist),Sun,FALSE,7,Far Western Province,70,Doti,1,3166,14110,2,FALSE,28.7,Bachelor
340378,Narendra Bahadur Khadka,Male,53,2/3/2029,National Independence Party,Bell,FALSE,7,Far Western Province,70,Doti,1,3167,13270,3,FALSE,26.99,???? ???
339731,Trilochan Bhatt,Male,56,2/7/2026,Nepali Communist Party,five-pointed star,FALSE,7,Far Western Province,70,Doti,1,3168,5413,4,FALSE,11.01,Unknown
341050,Khadak Bahadur Agarwal,Male,41,5/16/2041,National Democratic Party,Plow,FALSE,7,Far Western Province,70,Doti,1,3169,594,5,FALSE,1.21,I ED
339913,Maniraj Bhatt,Male,55,9/15/2027,National People's Front,Glass,FALSE,7,Far Western Province,70,Doti,1,3170,417,6,FALSE,0.85,??????? ??????
340860,Prakash Kathayat,Male,29,12/6/2052,Communist Party of Nepal (Maoist),A rose with two petals inside a circle.,FALSE,7,Far Western Province,70,Doti,1,3171,392,7,FALSE,0.8,12 ???
341343,Saraswati Kumari Pal (Wrestler),Woman,35,10/12/2047,Friendship Party Nepal,Horse,FALSE,7,Far Western Province,70,Doti,1,3172,43,8,FALSE,0.09,Bachelor
339535,Khagendra Bahadur Shahi,Male,58,4/10/2024,Nepal Labor Farmers Party,Model,FALSE,7,Far Western Province,70,Doti,1,3173,32,9,FALSE,0.07,?????? ??
342184,Komal Gyawali,Woman,47,8/4/2035,National Independence Party,Bell,FALSE,7,Far Western Province,71,Kailali,1,3174,17826,1,TRUE,32.88,Bachelor
341307,Janakraj Chaudhary,Male,49,10/15/2033,Nepali Congress,Tree,FALSE,7,Far Western Province,71,Kailali,1,3175,12867,2,FALSE,23.73,?????????????
340249,Ramlal Dagoura Tharu,Male,45,9/10/2037,Nepali Communist Party,five-pointed star,FALSE,7,Far Western Province,71,Kailali,1,3176,8392,3,FALSE,15.48,Literate
340572,Dwarika Prasad Neupane,Male,47,3/29/2035,Communist Party of Nepal (Unified Marxist-Leninist),Sun,FALSE,7,Far Western Province,71,Kailali,1,3177,4493,4,FALSE,8.29,Masters
341978,Phagu Ram Tharu,Male,56,4/1/2026,Independent,Dhikhi,TRUE,7,Far Western Province,71,Kailali,1,3178,3388,5,FALSE,6.25,Literate
340505,Lokendra Kunwar,Male,36,6/12/2046,National Democratic Party,Plow,FALSE,7,Far Western Province,71,Kailali,1,3179,2937,6,FALSE,5.42,?????????????
339881,Pradeep Kumar Chaudhary,Male,57,6/30/2025,Ujjaya Nepal Party,A burning electric lamp,FALSE,7,Far Western Province,71,Kailali,1,3180,2357,7,FALSE,4.35,SLC
342251,Bimal Kumar Dagoura,Male,40,12/25/2041,Labor Culture Party,The soil in Anjuli,FALSE,7,Far Western Province,71,Kailali,1,3181,908,8,FALSE,1.67,Literate
342456,Ram Bahadur Vishwakarma,Male,35,12/12/2046,Communist Party of Nepal (Maoist),A rose with two petals inside a circle.,FALSE,7,Far Western Province,71,Kailali,1,3182,315,9,FALSE,0.58,?????? ??
341838,Janak Raj Shah,Male,62,3/9/2020,Progressive Democratic Party,Single open eye,FALSE,7,Far Western Province,71,Kailali,1,3183,216,10,FALSE,0.4,???? ????? ?????
341398,Rajendra Bahadur Shahi,Male,32,6/4/2050,Independent,Pomegranate,TRUE,7,Far Western Province,71,Kailali,1,3184,140,11,FALSE,0.26,?????? ??
342585,Bhagat Ram Dagoura Tharu,Male,54,5/1/2028,Public opinion party,Loudspeaker,FALSE,7,Far Western Province,71,Kailali,1,3185,113,12,FALSE,0.21,??????? ?????
342070,Naresh Rawal,Male,43,12/20/2038,Independent,Sparrow,TRUE,7,Far Western Province,71,Kailali,1,3186,93,13,FALSE,0.17,SLC
341482,Rupa Kumari Chaudhary,Woman,36,9/11/2046,Aam Janata Party (Single Election Symbol),Mobile,FALSE,7,Far Western Province,71,Kailali,1,3187,60,14,FALSE,0.11,?????? ??
339945,Sunita Bhandara,Woman,25,12/13/2056,Nepal Labor Farmers Party,Model,FALSE,7,Far Western Province,71,Kailali,1,3188,41,15,FALSE,0.08,?? ?????
341922,Tapendra Shah,Male,28,2/10/2054,Independent,Cap,TRUE,7,Far Western Province,71,Kailali,1,3189,27,16,FALSE,0.05,?????? ??
342552,Arun Thakulla,Male,37,12/19/2044,Independent,Mango,TRUE,7,Far Western Province,71,Kailali,1,3190,24,17,FALSE,0.04,?????? ??
340429,Satya Narayan Bhattarai,Male,36,1/1/2046,Independent,Round,TRUE,7,Far Western Province,71,Kailali,1,3191,22,18,FALSE,0.04,?????? ??
339795,K.P. Khanal,Male,26,9/27/2056,National Independence Party,Bell,FALSE,7,Far Western Province,71,Kailali,2,3192,19057,1,TRUE,36.2,Bachelor
340250,Husband Ram Chaudhary,Male,46,12/1/2035,"Civil Liberties Party, Nepal (single election symbol)",Millstone,FALSE,7,Far Western Province,71,Kailali,2,3193,11949,2,FALSE,22.7,???????? ?????????? ??
340568,Surya Bahadur Thapa,Male,58,3/21/2024,Communist Party of Nepal (Unified Marxist-Leninist),Sun,FALSE,7,Far Western Province,71,Kailali,2,3194,7886,3,FALSE,14.98,SLC
341235,Vijay Bahadur Swar,Male,55,6/22/2027,Nepali Congress,Tree,FALSE,7,Far Western Province,71,Kailali,2,3195,7213,4,FALSE,13.7,Bachelor
340275,Nanda Bahadur Saund,Male,39,2/25/2043,Nepali Communist Party,five-pointed star,FALSE,7,Far Western Province,71,Kailali,2,3196,4369,5,FALSE,8.3,???????????? ??
340644,Bharat Singh V.C.(Budhakshetri),Male,46,10/18/2036,National Democratic Party,Plow,FALSE,7,Far Western Province,71,Kailali,2,3197,744,6,FALSE,1.41,SLC
339963,Karabire Kadarna,Male,57,2/18/2025,Nepal Humanist Party,Well,FALSE,7,Far Western Province,71,Kailali,2,3198,429,7,FALSE,0.82,??????? ?????
340384,Rajesh Mayal V.K.,Male,43,9/30/2039,Independent,Scissors,TRUE,7,Far Western Province,71,Kailali,2,3199,423,8,FALSE,0.8,Certificate Level
341188,Dil Bahadur Saund,Male,49,12/2/2032,Communist Party of Nepal (Maoist),A rose with two petals inside a circle.,FALSE,7,Far Western Province,71,Kailali,2,3200,270,9,FALSE,0.51,SLC
339694,Lakshmi Pun Magar,Woman,38,5/3/2044,Nepal Labor Farmers Party,Model,FALSE,7,Far Western Province,71,Kailali,2,3201,152,10,FALSE,0.29,??????? ?????
339572,Dal Bahadur Buchamagar,Male,74,12/16/2007,National Republic of Nepal,Flying bee,FALSE,7,Far Western Province,71,Kailali,2,3202,76,11,FALSE,0.14,??????? ?????
339739,Damwar Bahadur Rawal,Male,43,1/1/2039,Progressive Democratic Party,Single open eye,FALSE,7,Far Western Province,71,Kailali,2,3203,37,12,FALSE,0.07,?????? ??
340353,Deepak Rawal,Male,37,9/2/2045,Independent,Camera,TRUE,7,Far Western Province,71,Kailali,2,3204,16,13,FALSE,0.03,Certificate Level
341305,Khagendra Bahadur Rawat,Male,52,5/30/2030,Aam Janata Party (Single Election Symbol),Mobile,FALSE,7,Far Western Province,71,Kailali,2,3205,14,14,FALSE,0.03,SLC
341257,Samjhana Bista Thapa,Woman,27,5/7/2055,Friendship Party Nepal,Horse,FALSE,7,Far Western Province,71,Kailali,2,3206,2,15,FALSE,0,Bachelor
342441,Jagat Prasad Joshi,Male,39,6/28/2043,National Independence Party,Bell,FALSE,7,Far Western Province,71,Kailali,3,3207,20359,1,TRUE,36.07,Masters
340175,Virman Chaudhary,Male,52,4/26/2030,Nepali Communist Party,five-pointed star,FALSE,7,Far Western Province,71,Kailali,3,3208,11983,2,FALSE,21.23,Literate
339891,Bhim Baduwal,Male,47,7/4/2035,Nepali Congress,Tree,FALSE,7,Far Western Province,71,Kailali,3,3209,9706,3,FALSE,17.2,MA LLB
340796,Vikram Chaudhary,Male,43,10/22/2039,"Civil Liberties Party, Nepal (single election symbol)",Millstone,FALSE,7,Far Western Province,71,Kailali,3,3210,6747,4,FALSE,11.95,Literate
340513,Gauri Shankar Chaudhary,Male,44,10/5/2038,Communist Party of Nepal (Unified Marxist-Leninist),Sun,FALSE,7,Far Western Province,71,Kailali,3,3211,4752,5,FALSE,8.42,????????? ??
340642,Birendra Bahadur Bomb,Male,54,10/16/2028,National Democratic Party,Plow,FALSE,7,Far Western Province,71,Kailali,3,3212,2347,6,FALSE,4.16,Bachelor
341424,Arjun Prasad Katharia,Male,48,6/15/2034,Communist Party of Nepal (Maoist),A rose with two petals inside a circle.,FALSE,7,Far Western Province,71,Kailali,3,3213,256,7,FALSE,0.45,"??????,?????"
340045,Desh Raj Chaudhary,Male,39,5/25/2043,National People's Front,Glass,FALSE,7,Far Western Province,71,Kailali,3,3214,133,8,FALSE,0.24,?????? ??
341798,Lakshi Ram Chaudhary,Male,39,12/5/2042,Progressive Democratic Party,Single open eye,FALSE,7,Far Western Province,71,Kailali,3,3215,102,9,FALSE,0.18,Plus 2 / Higher Secondary
341157,Junu Mahtara Shahi,Woman,30,6/17/2052,Nepal Labor Farmers Party,Model,FALSE,7,Far Western Province,71,Kailali,3,3216,35,10,FALSE,0.06,Plus 2 / Higher Secondary
339679,Shusila Thapa (Crocodile),Woman,49,10/15/2033,Friendship Party Nepal,Horse,FALSE,7,Far Western Province,71,Kailali,3,3217,23,11,FALSE,0.04,Unknown
342757,Khem Raj Koirala,Male,48,12/13/2033,National Independence Party,Bell,FALSE,7,Far Western Province,71,Kailali,4,3218,28556,1,TRUE,49,Masters
341859,Gorakh Bahadur Bista,Male,53,2/13/2029,Nepali Congress,Tree,FALSE,7,Far Western Province,71,Kailali,4,3219,11301,2,FALSE,19.39,Bachelor
340533,Article Raj Bhatt,Male,66,4/19/2016,Communist Party of Nepal (Unified Marxist-Leninist),Sun,FALSE,7,Far Western Province,71,Kailali,4,3220,9444,3,FALSE,16.2,Bachelor
340226,Hari Ram Chaudhary,Male,47,8/25/2035,Nepali Communist Party,five-pointed star,FALSE,7,Far Western Province,71,Kailali,4,3221,5609,4,FALSE,9.62,?????? ???? ??
340040,Kamal Rajwar,Male,31,11/8/2051,National Democratic Party,Plow,FALSE,7,Far Western Province,71,Kailali,4,3222,1358,5,FALSE,2.33,Masters
341043,Dhan Bahadur goldsmith,Male,40,5/20/2042,"Civil Liberties Party, Nepal (single election symbol)",Millstone,FALSE,7,Far Western Province,71,Kailali,4,3223,675,6,FALSE,1.16,Bachelor
342563,Bhim Bahadur Thapa Magar,Male,50,2/5/2032,Labor Culture Party,The soil in Anjuli,FALSE,7,Far Western Province,71,Kailali,4,3224,379,7,FALSE,0.65,???????
339344,Chhatra Bahadur Bhatt Khatri,Male,53,10/4/2029,Independent,Mango,TRUE,7,Far Western Province,71,Kailali,4,3225,241,8,FALSE,0.41,FY Bcom
340848,Bhakta Bahadur Shahi,Male,42,10/6/2040,Communist Party of Nepal (Maoist),A rose with two petals inside a circle.,FALSE,7,Far Western Province,71,Kailali,4,3226,172,9,FALSE,0.3,SLC
341412,Subhas Kuwar,Male,38,3/9/2044,Ujjaya Nepal Party,A burning electric lamp,FALSE,7,Far Western Province,71,Kailali,4,3227,157,10,FALSE,0.27,Bachelor
341643,Yagya Bahadur Tamota,Male,46,10/1/2036,Nepal Humanist Party,Well,FALSE,7,Far Western Province,71,Kailali,4,3228,141,11,FALSE,0.24,? ???
339919,Hey Raj Bhatt,Male,34,4/2/2048,National People's Front,Glass,FALSE,7,Far Western Province,71,Kailali,4,3229,121,12,FALSE,0.21,Bachelor
340094,Gopilal Chaudhary,Male,38,3/27/2044,National Republic of Nepal,Flying bee,FALSE,7,Far Western Province,71,Kailali,4,3230,48,13,FALSE,0.08,Literate
339434,Amrita Bhul,Woman,36,10/7/2046,Nepal Labor Farmers Party,Model,FALSE,7,Far Western Province,71,Kailali,4,3231,40,14,FALSE,0.07,Literate
339314,Mohan Dev Mishra,Male,44,1/4/2038,Communist Party of Nepal (United),Sickle,FALSE,7,Far Western Province,71,Kailali,4,3232,30,15,FALSE,0.05,Masters
339364,Dinesh Kumar Mall,Male,44,3/10/2038,Friendship Party Nepal,Horse,FALSE,7,Far Western Province,71,Kailali,4,3233,11,16,FALSE,0.02,SLC
339984,Anand Bahadur Chand,Male,50,2/14/2032,National Independence Party,Bell,FALSE,7,Far Western Province,71,Kailali,5,3234,31953,1,TRUE,51.42,????????????
340383,Nar Narayan Shah,Male,58,11/9/2024,Nepali Congress,Tree,FALSE,7,Far Western Province,71,Kailali,5,3235,11958,2,FALSE,19.24,Bachelor
340246,Prem Bahadur Ale,Male,54,1/15/2028,Nepali Communist Party,five-pointed star,FALSE,7,Far Western Province,71,Kailali,5,3236,7876,3,FALSE,12.67,???????? ?????????? ??
341203,Yagya Raj Dhungana Upadhyay,Male,46,11/14/2036,Communist Party of Nepal (Unified Marxist-Leninist),Sun,FALSE,7,Far Western Province,71,Kailali,5,3237,5839,4,FALSE,9.4,Bachelor
339301,Dear Lal Rana,Male,61,4/28/2021,Independent,Round,TRUE,7,Far Western Province,71,Kailali,5,3238,1755,5,FALSE,2.82,IA
340800,Roshan Shahi,Male,32,7/23/2050,National Democratic Party,Plow,FALSE,7,Far Western Province,71,Kailali,5,3239,1592,6,FALSE,2.56,+2 ?????????? ??
340168,Jagannath Chaudhary,Male,59,10/28/2023,"Civil Liberties Party, Nepal (single election symbol)",Millstone,FALSE,7,Far Western Province,71,Kailali,5,3240,406,7,FALSE,0.65,B Com
341775,Babarjung Bahadur Singh,Male,35,9/15/2047,Communist Party of Nepal (Maoist),A rose with two petals inside a circle.,FALSE,7,Far Western Province,71,Kailali,5,3241,212,8,FALSE,0.34,Bachelor
342259,Dhan Bahadur Chaudhary,Male,46,9/5/2036,Public opinion party,Loudspeaker,FALSE,7,Far Western Province,71,Kailali,5,3242,192,9,FALSE,0.31,???????? ?????????? ??
340688,Shobhamani Joshi,Woman,68,3/11/2014,National People's Front,Glass,FALSE,7,Far Western Province,71,Kailali,5,3243,167,10,FALSE,0.27,Bachelor
342165,Moonlight,Male,49,6/2/2033,Ujjaya Nepal Party,A burning electric lamp,FALSE,7,Far Western Province,71,Kailali,5,3244,135,11,FALSE,0.22,Bachelor
340927,Ishwari Bisht,Male,41,2/1/2041,Independent,Mango,TRUE,7,Far Western Province,71,Kailali,5,3245,21,12,FALSE,0.03,SLC
341155,Trishan Punamagar,Woman,28,4/7/2054,Nepal Labor Farmers Party,Model,FALSE,7,Far Western Province,71,Kailali,5,3246,20,13,FALSE,0.03,Bachelor
340129,Dev Singh Bisht,Male,49,2/1/2033,Aam Janata Party (Single Election Symbol),Mobile,FALSE,7,Far Western Province,71,Kailali,5,3247,18,14,FALSE,0.03,SLC
339564,Radhika Kumari Karki,Woman,44,2038.06.07,Friendship Party Nepal,Horse,FALSE,7,Far Western Province,71,Kailali,5,3248,3,15,FALSE,0,?? ?????
340502,Ganesh Singh Thagunna,Male,57,8/22/2025,Communist Party of Nepal (Unified Marxist-Leninist),Sun,FALSE,7,Far Western Province,72,Darchula,1,3249,18891,1,TRUE,39.45,Unknown
341414,Dharmananda Joshi,Male,50,8/5/2032,Nepali Congress,Tree,FALSE,7,Far Western Province,72,Darchula,1,3250,15836,2,FALSE,33.07,Unknown
339773,Rajesh Singh Samant (Saud),Male,52,2/20/2030,National Independence Party,Bell,FALSE,7,Far Western Province,72,Darchula,1,3251,8936,3,FALSE,18.66,Unknown
339588,Laxman Dutt Joshi,Male,50,9/15/2032,Nepali Communist Party,five-pointed star,FALSE,7,Far Western Province,72,Darchula,1,3252,3065,4,FALSE,6.4,Unknown
341285,Rajesh Chand,Male,59,9/19/2023,National Democratic Party,Plow,FALSE,7,Far Western Province,72,Darchula,1,3253,666,5,FALSE,1.39,Unknown
341634,Nav Raj Bhatt,Male,32,3/25/2050,Communist Party of Nepal (Maoist),A rose with two petals inside a circle.,FALSE,7,Far Western Province,72,Darchula,1,3254,298,6,FALSE,0.62,Unknown
339523,Virkh Raj Pant,Male,57,9/10/2025,National People's Front,Glass,FALSE,7,Far Western Province,72,Darchula,1,3255,86,7,FALSE,0.18,Unknown
341016,Vidya Dev Joshi,Male,52,11/19/2030,Communist Party of Nepal (United),Sickle,FALSE,7,Far Western Province,72,Darchula,1,3256,41,8,FALSE,0.09,Unknown
340868,Prem Singh Badal,Male,64,8/8/2018,Aam Janata Party (Single Election Symbol),Mobile,FALSE,7,Far Western Province,72,Darchula,1,3257,34,9,FALSE,0.07,Unknown
340385,Gagan Thagunna,Male,56,5/3/2026,Federal Democratic National Forum,Khukuri with a handle,FALSE,7,Far Western Province,72,Darchula,1,3258,19,10,FALSE,0.04,Unknown
339392,Ramesh Kumar Rawal,Male,48,6/24/2034,Nepal Labor Farmers Party,Model,FALSE,7,Far Western Province,72,Darchula,1,3259,18,11,FALSE,0.04,Unknown
340516,Hari Mohan Bhandari,Male,59,10/15/2023,National Independence Party,Bell,FALSE,7,Far Western Province,73,Baitadi,1,3260,22134,1,TRUE,32.68,Unknown
339985,Chatur Bahadur Chand,Male,54,7/15/2028,Nepali Congress,Tree,FALSE,7,Far Western Province,73,Baitadi,1,3261,18194,2,FALSE,26.86,Unknown
339601,Damodar Bhandari,Male,52,7/20/2030,Communist Party of Nepal (Unified Marxist-Leninist),Sun,FALSE,7,Far Western Province,73,Baitadi,1,3262,17091,3,FALSE,25.23,Unknown
340415,Pramanand Bhatt,Male,60,11/7/2022,Nepali Communist Party,five-pointed star,FALSE,7,Far Western Province,73,Baitadi,1,3263,6965,4,FALSE,10.28,Unknown
339508,Bhupen Bahadur Chand,Male,46,4/20/2036,National Democratic Party,Plow,FALSE,7,Far Western Province,73,Baitadi,1,3264,2681,5,FALSE,3.96,Unknown
339786,Ram Bahadur Kunwar,Male,41,9/5/2041,Communist Party of Nepal (Maoist),A rose with two petals inside a circle.,FALSE,7,Far Western Province,73,Baitadi,1,3265,299,6,FALSE,0.44,Unknown
341686,Aan Singh Bhandari,Male,58,1/19/2024,"Janata Samajwadi Party, Nepal",A tilted umbrella,FALSE,7,Far Western Province,73,Baitadi,1,3266,94,7,FALSE,0.14,Unknown
339526,Nawaraj Koirala,Male,60,3/2/2022,Nepal Labor Farmers Party,Model,FALSE,7,Far Western Province,73,Baitadi,1,3267,94,8,FALSE,0.14,Unknown
340291,Wisan Singh Vohra,Male,40,11/8/2042,Aam Janata Party (Single Election Symbol),Mobile,FALSE,7,Far Western Province,73,Baitadi,1,3268,82,9,FALSE,0.12,Unknown
339667,Gajendra Raj Pandey,Male,49,2/6/2033,Labor Culture Party,The soil in Anjuli,FALSE,7,Far Western Province,73,Baitadi,1,3269,78,10,FALSE,0.12,Unknown
340056,Jai Prakash Pant,Male,59,9/27/2023,Independent,Sparrow,TRUE,7,Far Western Province,73,Baitadi,1,3270,18,11,FALSE,0.03,Unknown
340545,Tara Prasad Joshi,Male,54,12/30/2027,National Independence Party,Bell,FALSE,7,Far Western Province,74,Dadeldhura,1,3271,19131,1,TRUE,44.42,???????????? (PHD)
341455,Nain Singh Mahar,Male,51,4/14/2031,Nepali Congress,Tree,FALSE,7,Far Western Province,74,Dadeldhura,1,3272,12121,2,FALSE,28.14,Masters
340669,Mann Singh Mal,Male,44,3/8/2038,Nepali Communist Party,five-pointed star,FALSE,7,Far Western Province,74,Dadeldhura,1,3273,6834,3,FALSE,15.87,SLC
341022,Chakra Prasad Snehi,Male,52,1/5/2030,Communist Party of Nepal (Unified Marxist-Leninist),Sun,FALSE,7,Far Western Province,74,Dadeldhura,1,3274,2926,4,FALSE,6.79,??.??.??.
340616,Govinda Khadayat,Male,45,1/22/2037,National Democratic Party,Plow,FALSE,7,Far Western Province,74,Dadeldhura,1,3275,882,5,FALSE,2.05,MSC yoga and science.
341796,Gorakh Bahadur Air,Male,28,10/5/2054,Independent,Syringe,TRUE,7,Far Western Province,74,Dadeldhura,1,3276,453,6,FALSE,1.05,Bachelor
341748,Mahendra Pun Magar,Male,28,1/10/2054,Labor Culture Party,The soil in Anjuli,FALSE,7,Far Western Province,74,Dadeldhura,1,3277,260,7,FALSE,0.6,Masters
341662,Lakshmi Dutta Bhatt,Male,39,9/10/2043,Jai Matrubhoomi Party,Mother holding baby in arms,FALSE,7,Far Western Province,74,Dadeldhura,1,3278,117,8,FALSE,0.27,Masters
339347,Tirtha Raj Upreti,Male,71,10/22/2011,Independent,Squirrel,TRUE,7,Far Western Province,74,Dadeldhura,1,3279,107,9,FALSE,0.25,??.?.
339861,Chandra Dev V.K.,Male,63,1/19/2019,National People's Front,Glass,FALSE,7,Far Western Province,74,Dadeldhura,1,3280,106,10,FALSE,0.25,? ????? ???
340186,Surendra Raj Bhatt,Male,52,9/25/2030,Nepal Labor Farmers Party,Model,FALSE,7,Far Western Province,74,Dadeldhura,1,3281,70,11,FALSE,0.16,???????? ?????????? ??
341182,Surendra Rawal,Male,35,9/10/2047,Independent,Mango,TRUE,7,Far Western Province,74,Dadeldhura,1,3282,33,12,FALSE,0.08,Bachelor
339413,Khadak Bahadur Thakurathi,Male,46,8/4/2036,Aam Janata Party (Single Election Symbol),Mobile,FALSE,7,Far Western Province,74,Dadeldhura,1,3283,27,13,FALSE,0.06,Literate
339943,Janak Singh Dhami,Male,55,9/25/2027,National Independence Party,Bell,FALSE,7,Far Western Province,75,Kanchanpur,1,3284,24332,1,TRUE,42.65,Unknown
340979,Bina Magar,Woman,42,8/22/2040,Nepali Communist Party,five-pointed star,FALSE,7,Far Western Province,75,Kanchanpur,1,3285,11110,2,FALSE,19.47,Unknown
341563,Gopi Prasad Upadhyay,Male,46,3/10/2036,Nepali Congress,Tree,FALSE,7,Far Western Province,75,Kanchanpur,1,3286,8467,3,FALSE,14.84,Unknown
340717,Tara Lama Tamang,Male,52,5/25/2030,Communist Party of Nepal (Unified Marxist-Leninist),Sun,FALSE,7,Far Western Province,75,Kanchanpur,1,3287,8088,4,FALSE,14.18,Unknown
340465,Delhi Bahadur Shahi,Male,64,3/17/2018,National Democratic Party,Plow,FALSE,7,Far Western Province,75,Kanchanpur,1,3288,1560,5,FALSE,2.73,Unknown
340546,Krishna Bahadur Chaudhary,Male,40,3/10/2042,"Civil Liberties Party, Nepal (single election symbol)",Millstone,FALSE,7,Far Western Province,75,Kanchanpur,1,3289,967,6,FALSE,1.69,Unknown
340202,Michael Tamang,Male,32,4/16/2050,Ujjaya Nepal Party,A burning electric lamp,FALSE,7,Far Western Province,75,Kanchanpur,1,3290,759,7,FALSE,1.33,Unknown
341692,Rupa Devi Bisht,Woman,51,8/11/2031,Independent,Chessgoti,TRUE,7,Far Western Province,75,Kanchanpur,1,3291,608,8,FALSE,1.07,Unknown
340103,Raja Ram Dagoura Chaudhary,Male,49,11/16/2033,National People's Front,Glass,FALSE,7,Far Western Province,75,Kanchanpur,1,3292,397,9,FALSE,0.7,Unknown
341181,Puran Rana Tharu,Male,43,12/7/2038,Communist Party of Nepal (Maoist),A rose with two petals inside a circle.,FALSE,7,Far Western Province,75,Kanchanpur,1,3293,248,10,FALSE,0.43,Unknown
340278,Yadav Singh,Male,27,4/5/2055,Independent,Bag,TRUE,7,Far Western Province,75,Kanchanpur,1,3294,168,11,FALSE,0.29,Unknown
341006,Sita V.K.,Woman,36,8/6/2046,Aam Janata Party (Single Election Symbol),Mobile,FALSE,7,Far Western Province,75,Kanchanpur,1,3295,87,12,FALSE,0.15,Unknown
340595,Anil Rana,Male,27,5/25/2055,Independent,Camera,TRUE,7,Far Western Province,75,Kanchanpur,1,3296,76,13,FALSE,0.13,Unknown
339727,Hum Bahadur Gurung,Male,43,4/1/2039,Mongol National Organization,Rooster,FALSE,7,Far Western Province,75,Kanchanpur,1,3297,46,14,FALSE,0.08,Unknown
339859,Dependra Bahadur Shahi,Male,44,7/20/2038,Progressive Democratic Party,Single open eye,FALSE,7,Far Western Province,75,Kanchanpur,1,3298,36,15,FALSE,0.06,Unknown
341400,Daniel v. Q.,Male,27,12/5/2054,United Citizens Party,Guitar,FALSE,7,Far Western Province,75,Kanchanpur,1,3299,36,16,FALSE,0.06,Unknown
339308,Cuttack Bahadur Shahi,Male,65,10/10/2017,Nepal Labor Farmers Party,Model,FALSE,7,Far Western Province,75,Kanchanpur,1,3300,34,17,FALSE,0.06,Unknown
341931,Manju Devi goldsmith,Woman,42,3/13/2040,Independent,Squirrel,TRUE,7,Far Western Province,75,Kanchanpur,1,3301,20,18,FALSE,0.04,Unknown
341833,Siya Ram Rana,Male,27,1/3/2055,Friendship Party Nepal,Horse,FALSE,7,Far Western Province,75,Kanchanpur,1,3302,12,19,FALSE,0.02,Unknown
340896,Deepak Raj Bohra,Male,38,1/6/2044,National Independence Party,Bell,FALSE,7,Far Western Province,75,Kanchanpur,2,3303,33952,1,TRUE,55.55,?? ?? ??
341026,Narayan Prakash Saud,Male,63,4/25/2019,Nepali Congress,Tree,FALSE,7,Far Western Province,75,Kanchanpur,2,3304,10827,2,FALSE,17.72,Bachelor
341210,Bachan Bahadur Singh,Male,45,2/15/2037,Communist Party of Nepal (Unified Marxist-Leninist),Sun,FALSE,7,Far Western Province,75,Kanchanpur,2,3305,6418,3,FALSE,10.5,??????????
341433,Madhav Prasad Pant,Male,39,5/19/2043,Nepali Communist Party,five-pointed star,FALSE,7,Far Western Province,75,Kanchanpur,2,3306,6337,4,FALSE,10.37,?? ??? ?? ?? ??.
340044,Tirtha Raj Chataut,Male,71,12/30/2010,National Democratic Party,Plow,FALSE,7,Far Western Province,75,Kanchanpur,2,3307,1993,5,FALSE,3.26,Bachelor
339971,Premavati Rana,Woman,42,10/15/2040,"Civil Liberties Party, Nepal (single election symbol)",Millstone,FALSE,7,Far Western Province,75,Kanchanpur,2,3308,560,6,FALSE,0.92,?? ????? ???
341080,Dharmananda Joshi,Male,34,7/18/2048,Progressive Democratic Party,Single open eye,FALSE,7,Far Western Province,75,Kanchanpur,2,3309,195,7,FALSE,0.32,??????????
339771,Ram Bahadur Karki,Male,49,6/17/2033,National People's Front,Glass,FALSE,7,Far Western Province,75,Kanchanpur,2,3310,145,8,FALSE,0.24,?? ?
342069,Lokendra Bahadur Vs,Male,30,7/8/2052,Communist Party of Nepal (Maoist),A rose with two petals inside a circle.,FALSE,7,Far Western Province,75,Kanchanpur,2,3311,143,9,FALSE,0.23,???? ??????
339509,Ram Chandra Bhatt,Male,59,9/15/2023,Public opinion party,Loudspeaker,FALSE,7,Far Western Province,75,Kanchanpur,2,3312,125,10,FALSE,0.2,????????????
340822,Yogendra and Saud,Male,40,11/13/2042,Ujjaya Nepal Party,A burning electric lamp,FALSE,7,Far Western Province,75,Kanchanpur,2,3313,93,11,FALSE,0.15,???? ??????
342246,Birendra Rana,Male,31,10/4/2051,Independent,Syringe,TRUE,7,Far Western Province,75,Kanchanpur,2,3314,81,12,FALSE,0.13,?? ???????
339419,Sita Ram Rana,Male,60,3/7/2022,Nepal Labor Farmers Party,Model,FALSE,7,Far Western Province,75,Kanchanpur,2,3315,72,13,FALSE,0.12,Below SLC
341995,Haris Bahadur Bhatt,Male,35,3/17/2047,Independent,Scissors,TRUE,7,Far Western Province,75,Kanchanpur,2,3316,44,14,FALSE,0.07,?????????????
340201,Jaggu Chaudhary,Male,57,3/16/2025,Aam Janata Party (Single Election Symbol),Mobile,FALSE,7,Far Western Province,75,Kanchanpur,2,3317,37,15,FALSE,0.06,???? ??????
339678,Rock copper-shaped,Male,37,1/10/2045,United Citizens Party,Guitar,FALSE,7,Far Western Province,75,Kanchanpur,2,3318,32,16,FALSE,0.05,SLC
339369,Bhanu Bhakta Vohra,Male,38,11/11/2044,Independent,Mango,TRUE,7,Far Western Province,75,Kanchanpur,2,3319,26,17,FALSE,0.04,???? ??????
342320,Siddharaj Joshi,Male,45,6/26/2037,Independent,Sparrow,TRUE,7,Far Western Province,75,Kanchanpur,2,3320,19,18,FALSE,0.03,???? ??????
339613,Tej Bahadur Wadwal,Male,48,1/20/2034,Friendship Party Nepal,Horse,FALSE,7,Far Western Province,75,Kanchanpur,2,3321,18,19,FALSE,0.03,?????? ??
340127,Gyanendra Singh Mahata,Male,40,10/18/2042,National Independence Party,Bell,FALSE,7,Far Western Province,75,Kanchanpur,3,3322,27118,1,TRUE,50.64,Unknown
342171,Hari Prasad Bohra,Male,59,5/10/2023,Nepali Congress,Tree,FALSE,7,Far Western Province,75,Kanchanpur,3,3323,9443,2,FALSE,17.64,Unknown
340422,Deepak Prakash Bhatt,Male,53,4/27/2029,Communist Party of Nepal (Unified Marxist-Leninist),Sun,FALSE,7,Far Western Province,75,Kanchanpur,3,3324,7575,3,FALSE,14.15,Unknown
341039,Maan Bahadur Sunar,Male,70,9/11/2012,Nepali Communist Party,five-pointed star,FALSE,7,Far Western Province,75,Kanchanpur,3,3325,4284,4,FALSE,8,Unknown
339863,Purna Bahadur Chand,Male,51,1/2/2031,National Democratic Party,Plow,FALSE,7,Far Western Province,75,Kanchanpur,3,3326,3902,5,FALSE,7.29,Unknown
341820,Bhim Bahadur Kumal,Male,46,5/8/2036,Ujjaya Nepal Party,A burning electric lamp,FALSE,7,Far Western Province,75,Kanchanpur,3,3327,268,6,FALSE,0.5,Unknown
341754,Ganga Dutt Joshi,Male,67,5/4/2015,Labor Culture Party,The soil in Anjuli,FALSE,7,Far Western Province,75,Kanchanpur,3,3328,224,7,FALSE,0.42,Unknown
341538,Hark Bahadur Air,Male,52,3/14/2030,Independent,Jeep,TRUE,7,Far Western Province,75,Kanchanpur,3,3329,177,8,FALSE,0.33,Unknown
340736,Vishnu Prakash Upadhyay,Male,44,2038-02-29,Communist Party of Nepal (Maoist),A rose with two petals inside a circle.,FALSE,7,Far Western Province,75,Kanchanpur,3,3330,116,9,FALSE,0.22,Unknown
341967,Thaneshwar author,Male,43,11/26/2038,Independent,Dust bin,TRUE,7,Far Western Province,75,Kanchanpur,3,3331,95,10,FALSE,0.18,Unknown
339498,Lal Bahadur Kunwar,Male,44,12/5/2037,National People's Front,Glass,FALSE,7,Far Western Province,75,Kanchanpur,3,3332,87,11,FALSE,0.16,Unknown
339558,Karna Bahadur Chand,Male,55,1/3/2027,Communist Party of Nepal (United),Sickle,FALSE,7,Far Western Province,75,Kanchanpur,3,3333,86,12,FALSE,0.16,Unknown
341277,Lok Raj Bhatt,Male,39,1/14/2043,National Liberation Party Nepal (single election symbol),Millstone,FALSE,7,Far Western Province,75,Kanchanpur,3,3334,71,13,FALSE,0.13,Unknown
339320,Meenu Giri,Male,64,12/9/2017,Nepal Labor Farmers Party,Model,FALSE,7,Far Western Province,75,Kanchanpur,3,3335,42,14,FALSE,0.08,Unknown
340335,Lakshmi Kumari Bista Bhatta,Woman,48,9/6/2034,Aam Janata Party (Single Election Symbol),Mobile,FALSE,7,Far Western Province,75,Kanchanpur,3,3336,31,15,FALSE,0.06,Unknown
339464,Veer Singh Chhetri,Male,44,8/16/2038,Independent,Mango,TRUE,7,Far Western Province,75,Kanchanpur,3,3337,21,16,FALSE,0.04,Unknown
339972,Kiran Thapa,Male,43,1/10/2039,Friendship Party Nepal,Horse,FALSE,7,Far Western Province,75,Kanchanpur,3,3338,6,17,FALSE,0.01,Y
340029,Vikram Khanal,Male,55,2/24/2027,National Independence Party,Bell,FALSE,5,Lumbini Province,77,Nawalparasi (Bardaghat Susta West),1,3339,45241,1,TRUE,58.69,Bachelor
341163,Vinod Kumar Chaudhary,Male,70,1/1/2012,Nepali Congress,Tree,FALSE,5,Lumbini Province,77,Nawalparasi (Bardaghat Susta West),1,3340,9502,2,FALSE,12.33,Bachelor
340622,Ram Prasad Pandey,Male,51,8/7/2031,Communist Party of Nepal (Unified Marxist-Leninist),Sun,FALSE,5,Lumbini Province,77,Nawalparasi (Bardaghat Susta West),1,3341,7956,3,FALSE,10.32,Masters
339333,Hridayesh Tripathi,Male,66,3/4/2016,"Janata Samajwadi Party, Nepal",A tilted umbrella,FALSE,5,Lumbini Province,77,Nawalparasi (Bardaghat Susta West),1,3342,7832,4,FALSE,10.16,Bachelor
340211,Navneet Kumar Mishra,Male,30,7/28/2052,National Democratic Party,Plow,FALSE,5,Lumbini Province,77,Nawalparasi (Bardaghat Susta West),1,3343,1593,5,FALSE,2.07,?+2
339616,Sindhu Jalesa Budhathoki,Woman,56,9/1/2026,Nepali Communist Party,five-pointed star,FALSE,5,Lumbini Province,77,Nawalparasi (Bardaghat Susta West),1,3344,1056,6,FALSE,1.37,????? ??????
340282,Raju Prasad Harijan,Male,50,6/19/2032,Communist Party of Nepal (Maoist),A rose with two petals inside a circle.,FALSE,5,Lumbini Province,77,Nawalparasi (Bardaghat Susta West),1,3345,751,7,FALSE,0.97,? ?????
339639,Bhimsen Sutaprai Magar,Male,54,6/1/2028,Independent,Chessgoti,TRUE,5,Lumbini Province,77,Nawalparasi (Bardaghat Susta West),1,3346,733,8,FALSE,0.95,? ?????
341335,Ramchandra Chaudhary Tharu,Male,39,5/23/2043,Labor Culture Party,The soil in Anjuli,FALSE,5,Lumbini Province,77,Nawalparasi (Bardaghat Susta West),1,3347,586,9,FALSE,0.76,SLC
341443,Ganesh Bahadur Chaudhary,Male,59,12/15/2022,Public opinion party,Loudspeaker,FALSE,5,Lumbini Province,77,Nawalparasi (Bardaghat Susta West),1,3348,500,10,FALSE,0.65,BSc AG
339869,Vijay Kandel,Male,41,6/18/2041,Ujjaya Nepal Party,A burning electric lamp,FALSE,5,Lumbini Province,77,Nawalparasi (Bardaghat Susta West),1,3349,346,11,FALSE,0.45,PHD Scholar
342138,Satrudhan Chaudhary,Male,58,9/20/2024,"Civil Liberties Party, Nepal (single election symbol)",Millstone,FALSE,5,Lumbini Province,77,Nawalparasi (Bardaghat Susta West),1,3350,274,12,FALSE,0.36,SLC
340450,Chiranjeevi Kharal,Male,54,6/10/2028,Independent,Trophy,TRUE,5,Lumbini Province,77,Nawalparasi (Bardaghat Susta West),1,3351,212,13,FALSE,0.28,SLC
340728,Purna Bahadur Vishwakarma,Male,66,5/25/2016,National People's Liberation Party,Shaking hands,FALSE,5,Lumbini Province,77,Nawalparasi (Bardaghat Susta West),1,3352,122,14,FALSE,0.16,Literate
340570,Home Bahadur Sunar,Male,40,7/19/2042,Independent,Tire,TRUE,5,Lumbini Province,77,Nawalparasi (Bardaghat Susta West),1,3353,76,15,FALSE,0.1,Plus 2 / Higher Secondary
342304,Vinod Regmi,Male,47,3/1/2035,Progressive Democratic Party,Single open eye,FALSE,5,Lumbini Province,77,Nawalparasi (Bardaghat Susta West),1,3354,72,16,FALSE,0.09,Plus 2 / Higher Secondary
341258,Ritman Kamu Magar,Male,50,9/12/2032,Independent,Badminton Cork,TRUE,5,Lumbini Province,77,Nawalparasi (Bardaghat Susta West),1,3355,53,17,FALSE,0.07,SLC
340509,Dhundi Raj Pokhrel,Male,62,3/7/2020,National People's Front,Glass,FALSE,5,Lumbini Province,77,Nawalparasi (Bardaghat Susta West),1,3356,51,18,FALSE,0.07,Literate
339317,Indra Kumar Gurung,Male,48,2/15/2034,Mongol National Organization,Rooster,FALSE,5,Lumbini Province,77,Nawalparasi (Bardaghat Susta West),1,3357,39,19,FALSE,0.05,SLC
340400,Om Bahadur Chaudhary Tharu,Male,31,1/29/2051,Independent,Triangle,TRUE,5,Lumbini Province,77,Nawalparasi (Bardaghat Susta West),1,3358,26,20,FALSE,0.03,Plus 2 / Higher Secondary
339444,Bharat Lonia,Male,60,10/15/2022,Independent,Fan,TRUE,5,Lumbini Province,77,Nawalparasi (Bardaghat Susta West),1,3359,17,21,FALSE,0.02,Literate
339412,Alias ??Mia,Male,73,6/6/2009,Independent,Pomegranate,TRUE,5,Lumbini Province,77,Nawalparasi (Bardaghat Susta West),1,3360,16,22,FALSE,0.02,Literate
340786,Min Prasad Dhakal,Male,32,3/10/2050,Independent,Cap,TRUE,5,Lumbini Province,77,Nawalparasi (Bardaghat Susta West),1,3361,11,23,FALSE,0.01,SLC
341075,Gopichandra Harijan,Male,39,1/27/2043,Independent,Mango,TRUE,5,Lumbini Province,77,Nawalparasi (Bardaghat Susta West),1,3362,10,24,FALSE,0.01,SLC
342077,Ganga Devi Tharu Mahato,Woman,53,10/5/2029,Independent,Cup and plate,TRUE,5,Lumbini Province,77,Nawalparasi (Bardaghat Susta West),1,3363,7,25,FALSE,0.01,Literate
341598,Shailendra Singh Sadasankar,Male,26,1/23/2056,Independent,Jeep,TRUE,5,Lumbini Province,77,Nawalparasi (Bardaghat Susta West),1,3364,7,26,FALSE,0.01,Plus 2 / Higher Secondary
340191,Narendra Kumar Gupta,Male,51,6/18/2031,National Independence Party,Bell,FALSE,5,Lumbini Province,77,Nawalparasi (Bardaghat Susta West),2,3365,44138,1,TRUE,52.89,Bachelor
340076,Bhim Bahadur Thapa Chhetri,Male,54,2/29/2028,Nepali Congress,Tree,FALSE,5,Lumbini Province,77,Nawalparasi (Bardaghat Susta West),2,3366,15945,2,FALSE,19.11,SLC
340529,Devendra Yadav,Male,36,9/6/2046,"Janata Samajwadi Party, Nepal",A tilted umbrella,FALSE,5,Lumbini Province,77,Nawalparasi (Bardaghat Susta West),2,3367,7212,3,FALSE,8.64,ISC
339405,Dhubra Bahadur Pradhan,Male,77,9/18/2005,National Democratic Party,Plow,FALSE,5,Lumbini Province,77,Nawalparasi (Bardaghat Susta West),2,3368,4691,4,FALSE,5.62,??????????
340735,Lekhnath Kharel,Male,51,6/18/2031,Communist Party of Nepal (Unified Marxist-Leninist),Sun,FALSE,5,Lumbini Province,77,Nawalparasi (Bardaghat Susta West),2,3369,4311,5,FALSE,5.17,???????? ?????? ???? ??
341882,Govind Prasad Chaudhary,Male,65,7/10/2017,National Liberation Party Nepal (single election symbol),Millstone,FALSE,5,Lumbini Province,77,Nawalparasi (Bardaghat Susta West),2,3370,2029,6,FALSE,2.43,Bachelor
341116,Devendra Poudel,Male,61,9/28/2021,Nepali Communist Party,five-pointed star,FALSE,5,Lumbini Province,77,Nawalparasi (Bardaghat Susta West),2,3371,1838,7,FALSE,2.2,??????????
339995,Life of a sailor,Male,49,5/10/2033,Public opinion party,Loudspeaker,FALSE,5,Lumbini Province,77,Nawalparasi (Bardaghat Susta West),2,3372,1064,8,FALSE,1.27,SLC
341682,Ram Bahadur Kewat,Male,47,4/17/2035,Independent,Chessgoti,TRUE,5,Lumbini Province,77,Nawalparasi (Bardaghat Susta West),2,3373,752,9,FALSE,0.9,SLC
340654,Sanjay Kumar Harijan,Male,45,6/25/2037,United Citizens Party,Guitar,FALSE,5,Lumbini Province,77,Nawalparasi (Bardaghat Susta West),2,3374,407,10,FALSE,0.49,Bachelor
339493,Indra Bahadur Gurung,Male,57,2/14/2025,Mongol National Organization,Rooster,FALSE,5,Lumbini Province,77,Nawalparasi (Bardaghat Susta West),2,3375,305,11,FALSE,0.37,SLC
339451,Mountain climber,Woman,50,12/17/2031,National People's Front,Glass,FALSE,5,Lumbini Province,77,Nawalparasi (Bardaghat Susta West),2,3376,193,12,FALSE,0.23,???????? (?????????)
341024,Chandrabhushan Pathak,Male,48,10/16/2034,Progressive Democratic Party,Single open eye,FALSE,5,Lumbini Province,77,Nawalparasi (Bardaghat Susta West),2,3377,137,13,FALSE,0.16,Bachelor
339797,Prem Prasad Dhakal,Male,65,9/9/2017,Communist Party of Nepal (Maoist),A rose with two petals inside a circle.,FALSE,5,Lumbini Province,77,Nawalparasi (Bardaghat Susta West),2,3378,121,14,FALSE,0.14,SLC
342451,Dhruv Prasad Kahar,Male,54,5/6/2028,Aam Janata Party (Single Election Symbol),Mobile,FALSE,5,Lumbini Province,77,Nawalparasi (Bardaghat Susta West),2,3379,88,15,FALSE,0.11,SLC
342322,U Bahadur Rana,Male,61,6/15/2021,National People's Liberation Party,Shaking hands,FALSE,5,Lumbini Province,77,Nawalparasi (Bardaghat Susta West),2,3380,46,16,FALSE,0.06,?? ???
342127,Sanjay Harijan,Male,37,8/4/2045,Bahujan Shakti Party,Foundation,FALSE,5,Lumbini Province,77,Nawalparasi (Bardaghat Susta West),2,3381,30,17,FALSE,0.04,?? ???
342076,Ashok Teli,Male,31,11/18/2051,Independent,Triangle,TRUE,5,Lumbini Province,77,Nawalparasi (Bardaghat Susta West),2,3382,25,18,FALSE,0.03,?? ???
339519,Ranjana Suwal,Woman,44,7/10/2038,Nepal Labor Farmers Party,Model,FALSE,5,Lumbini Province,77,Nawalparasi (Bardaghat Susta West),2,3383,20,19,FALSE,0.02,Bachelor
342224,Uma Shankar Kharvind,Male,58,10/1/2024,Independent,Mango,TRUE,5,Lumbini Province,77,Nawalparasi (Bardaghat Susta West),2,3384,19,20,FALSE,0.02,?? ???
340856,Hari Narayan Harijan,Male,44,2/28/2038,Independent,Camera,TRUE,5,Lumbini Province,77,Nawalparasi (Bardaghat Susta West),2,3385,17,21,FALSE,0.02,Literate
341813,Vishnu Prasad Dhakal,Male,41,12/2/2040,Independent,Tire,TRUE,5,Lumbini Province,77,Nawalparasi (Bardaghat Susta West),2,3386,14,22,FALSE,0.02,????????? ?????? ???? ??
340929,Manoj Harijan,Male,33,12/16/2048,Independent,Dust bin,TRUE,5,Lumbini Province,77,Nawalparasi (Bardaghat Susta West),2,3387,11,23,FALSE,0.01,?? ???
342007,Rajendra Prasad Yadav,Male,45,10/15/2037,Independent,Jeep,TRUE,5,Lumbini Province,77,Nawalparasi (Bardaghat Susta West),2,3388,10,24,FALSE,0.01,?? ???
341328,Suresh Teli,Male,65,8/21/2017,Independent,Dhikhi,TRUE,5,Lumbini Province,77,Nawalparasi (Bardaghat Susta West),2,3389,10,25,FALSE,0.01,?? ?
341604,Lal Bahadur Kuwar,Male,69,3/28/2013,Independent,Round,TRUE,5,Lumbini Province,77,Nawalparasi (Bardaghat Susta West),2,3390,7,26,FALSE,0.01,SLC
341415,Damodar Burma goldsmith,Male,39,1/2/2043,Independent,Helmet,TRUE,5,Lumbini Province,77,Nawalparasi (Bardaghat Susta West),2,3391,6,27,FALSE,0.01,Literate
342384,Vishnu Prasad Poudel,Male,62,4/2/2020,Independent,Gas stove,TRUE,5,Lumbini Province,77,Nawalparasi (Bardaghat Susta West),2,3392,6,28,FALSE,0.01,SLC
341941,Hadith Ali Mia,Male,56,1/14/2026,Independent,Scissors,TRUE,5,Lumbini Province,77,Nawalparasi (Bardaghat Susta West),2,3393,4,29,FALSE,0,Literate
340125,Gopal Sharma,Male,48,9/12/2034,Nepali Communist Party,five-pointed star,FALSE,6,Karnali Province,78,Rukum (Western part),1,3394,21609,1,TRUE,36.3,Bachelor
341362,Raju K.C.,Male,44,11/8/2038,Nepali Congress,Tree,FALSE,6,Karnali Province,78,Rukum (Western part),1,3395,16661,2,FALSE,27.99,SLC
340871,Janardan Sharma,Male,62,12/29/2019,Progressive Democratic Party,Single open eye,FALSE,6,Karnali Province,78,Rukum (Western part),1,3396,14346,3,FALSE,24.1,Bachelor
341052,Maan Bahadur Shahi,Male,39,7/20/2043,National Independence Party,Bell,FALSE,6,Karnali Province,78,Rukum (Western part),1,3397,4076,4,FALSE,6.85,???????? ??????
340586,Nandaram Devkota,Male,54,11/1/2028,Communist Party of Nepal (Unified Marxist-Leninist),Sun,FALSE,6,Karnali Province,78,Rukum (Western part),1,3398,1869,5,FALSE,3.14,??.?. ???????????
341199,"Chandra Bahadur, the elder",Male,37,4/15/2045,Communist Party of Nepal (Maoist),A rose with two petals inside a circle.,FALSE,6,Karnali Province,78,Rukum (Western part),1,3399,366,6,FALSE,0.61,M.A. Civil sub engeneer
340720,Gopal Khadka,Male,42,1/1/2040,National Democratic Party,Plow,FALSE,6,Karnali Province,78,Rukum (Western part),1,3400,228,7,FALSE,0.38,?? ?
339584,Satyanarayana Shrestha,Male,62,10/4/2020,National People's Front,Glass,FALSE,6,Karnali Province,78,Rukum (Western part),1,3401,170,8,FALSE,0.29,?? ????? ??????
341508,Narendra K.C,Male,48,8/5/2034,Ujjaya Nepal Party,A burning electric lamp,FALSE,6,Karnali Province,78,Rukum (Western part),1,3402,84,9,FALSE,0.14,Masters
341627,Sher Bahadur K.C.,Male,70,11/26/2011,Communist Party of Nepal (United),Sickle,FALSE,6,Karnali Province,78,Rukum (Western part),1,3403,54,10,FALSE,0.09,Certificate Level
341758,Prema Damai Nepali,Woman,44,4/3/2038,Aam Janata Party (Single Election Symbol),Mobile,FALSE,6,Karnali Province,78,Rukum (Western part),1,3404,45,11,FALSE,0.08,??????? ??
340480,Dhan Bahadur V.K.,Male,43,5/13/2039,Nepal Labor Farmers Party,Model,FALSE,6,Karnali Province,78,Rukum (Western part),1,3405,15,12,FALSE,0.03,Certificate Level
